model,query_id,category,relevant_count,first_relevant_rank,query_latency_ms,top_child_id,top_score,relevant_score,top_5_child_ids,retrieved_relevant_top_10,any_hit_at_1,all_hit_at_1,coverage_at_1,any_hit_at_5,all_hit_at_5,coverage_at_5,any_hit_at_10,all_hit_at_10,coverage_at_10,any_hit_at_20,all_hit_at_20,coverage_at_20,any_hit_at_100,all_hit_at_100,coverage_at_100
nomic-raw-baseline,Q001,test_suite,1,9,124.46,parent_0121_child_1,0.792812,0.691401,parent_0121_child_1|parent_0091_child_1|parent_0138_child_1|parent_0126_child_5|parent_0160_child_3,parent_0073_child_1,0,0,0.0,0,0,0.0,1,1,1.0,1,1,1.0,1,1,1.0
nomic-raw-baseline,Q002,test_suite,1,2,24.56,parent_0007_child_1,0.751801,0.740483,parent_0007_child_1|parent_0074_child_1|parent_0076_child_2|parent_0076_child_1|parent_0075_child_1,parent_0074_child_1,0,0,0.0,1,1,1.0,1,1,1.0,1,1,1.0,1,1,1.0
nomic-raw-baseline,Q003,test_suite,1,1,27.37,parent_0074_child_1,0.760378,0.760378,parent_0074_child_1|parent_0007_child_1|parent_0076_child_2|parent_0075_child_2|parent_0082_child_1,parent_0074_child_1,1,1,1.0,1,1,1.0,1,1,1.0,1,1,1.0,1,1,1.0
nomic-raw-baseline,Q004,test_suite,3,1,30.34,parent_0076_child_2,0.685288,0.685288,parent_0076_child_2|parent_0076_child_3|parent_0226_child_1|parent_0198_child_1|parent_0075_child_3,parent_0076_child_2|parent_0076_child_3|parent_0076_child_1,1,0,0.333333,1,0,0.666667,1,1,1.0,1,1,1.0,1,1,1.0
nomic-raw-baseline,Q005,test_suite,1,20,28.74,parent_0126_child_2,0.654423,0.620212,parent_0126_child_2|parent_0153_child_1|parent_0216_child_1|parent_0215_child_2|parent_0197_child_6,,0,0,0.0,0,0,0.0,0,0,0.0,1,1,1.0,1,1,1.0
nomic-raw-baseline,Q006,test_suite,2,1,32.9,parent_0078_child_1,0.744527,0.744527,parent_0078_child_1|parent_0008_child_1|parent_0133_child_1|parent_0075_child_2|parent_0090_child_1,parent_0078_child_1|parent_0078_child_2,1,0,0.5,1,0,0.5,1,1,1.0,1,1,1.0,1,1,1.0
nomic-raw-baseline,Q007,test_suite,2,25,27.14,parent_0220_child_1,0.662628,0.617798,parent_0220_child_1|parent_0008_child_1|parent_0234_child_1|parent_0233_child_3|parent_0233_child_1,,0,0,0.0,0,0,0.0,0,0,0.0,0,0,0.0,1,0,0.5
nomic-raw-baseline,Q008,test_suite,2,1,29.73,parent_0079_child_2,0.724447,0.724447,parent_0079_child_2|parent_0008_child_1|parent_0075_child_3|parent_0085_child_1|parent_0082_child_1,parent_0079_child_2,1,0,0.5,1,0,0.5,1,0,0.5,1,0,0.5,1,1,1.0
nomic-raw-baseline,Q009,test_suite,2,3,30.62,parent_0080_child_1,0.709864,0.693173,parent_0080_child_1|parent_0008_child_1|parent_0079_child_2|parent_0081_child_1|parent_0090_child_1,parent_0079_child_2|parent_0079_child_1,0,0,0.0,1,0,0.5,1,1,1.0,1,1,1.0,1,1,1.0
nomic-raw-baseline,Q010,test_suite,2,10,31.08,parent_0081_child_1,0.660556,0.581735,parent_0081_child_1|parent_0080_child_1|parent_0274_child_10|parent_0234_child_1|parent_0297_child_8,parent_0079_child_2,0,0,0.0,0,0,0.0,1,0,0.5,1,0,0.5,1,0,0.5
nomic-raw-baseline,Q011,test_suite,1,1,24.35,parent_0083_child_1,0.754012,0.754012,parent_0083_child_1|parent_0010_child_1|parent_0084_child_1|parent_0220_child_1|parent_0077_child_1,parent_0083_child_1,1,1,1.0,1,1,1.0,1,1,1.0,1,1,1.0,1,1,1.0
nomic-raw-baseline,Q012,test_suite,1,2,25.63,parent_0011_child_1,0.801392,0.797615,parent_0011_child_1|parent_0085_child_1|parent_0075_child_3|parent_0075_child_2|parent_0086_child_1,parent_0085_child_1,0,0,0.0,1,1,1.0,1,1,1.0,1,1,1.0,1,1,1.0
nomic-raw-baseline,Q014,test_suite,3,1,32.29,parent_0088_child_2,0.732832,0.732832,parent_0088_child_2|parent_0012_child_1|parent_0089_child_2|parent_0157_child_8|parent_0193_child_3,parent_0088_child_2,1,0,0.333333,1,0,0.333333,1,0,0.333333,1,0,0.333333,1,0,0.666667
nomic-raw-baseline,Q015,test_suite,3,1,28.72,parent_0088_child_2,0.74072,0.74072,parent_0088_child_2|parent_0012_child_1|parent_0014_child_1|parent_0092_child_1|parent_0013_child_1,parent_0088_child_2,1,0,0.333333,1,0,0.333333,1,0,0.333333,1,0,0.333333,1,0,0.666667
nomic-raw-baseline,Q016,test_suite,3,1,31.06,parent_0089_child_1,0.745389,0.745389,parent_0089_child_1|parent_0116_child_12|parent_0117_child_7|parent_0188_child_1|parent_0141_child_2,parent_0089_child_1|parent_0089_child_2,1,0,0.333333,1,0,0.333333,1,0,0.666667,1,0,0.666667,1,0,0.666667
nomic-raw-baseline,Q017,test_suite,3,3,27.95,parent_0013_child_1,0.760369,0.751113,parent_0013_child_1|parent_0090_child_1|parent_0089_child_2|parent_0089_child_3|parent_0088_child_2,parent_0089_child_2|parent_0089_child_3|parent_0089_child_1,0,0,0.0,1,0,0.666667,1,1,1.0,1,1,1.0,1,1,1.0
nomic-raw-baseline,Q018,test_suite,3,1,34.58,parent_0076_child_2,0.651159,0.651159,parent_0076_child_2|parent_0076_child_1|parent_0076_child_3|parent_0075_child_3|parent_0218_child_7,parent_0076_child_2|parent_0076_child_1|parent_0076_child_3,1,0,0.333333,1,1,1.0,1,1,1.0,1,1,1.0,1,1,1.0
nomic-raw-baseline,Q019,test_suite,1,27,24.58,parent_0076_child_2,0.672305,0.60441,parent_0076_child_2|parent_0116_child_7|parent_0007_child_1|parent_0076_child_1|parent_0048_child_1,,0,0,0.0,0,0,0.0,0,0,0.0,0,0,0.0,1,1,1.0
nomic-raw-baseline,Q020,test_suite,3,22,30.68,parent_0048_child_1,0.68772,0.632926,parent_0048_child_1|parent_0117_child_12|parent_0117_child_3|parent_0189_child_1|parent_0059_child_1,,0,0,0.0,0,0,0.0,0,0,0.0,0,0,0.0,1,0,0.333333
nomic-raw-baseline,Q021,test_suite,3,1,32.53,parent_0093_child_1,0.669408,0.669408,parent_0093_child_1|parent_0092_child_1|parent_0093_child_2|parent_0176_child_4|parent_0014_child_1,parent_0093_child_1|parent_0093_child_2,1,0,0.333333,1,0,0.666667,1,0,0.666667,1,0,0.666667,1,1,1.0
nomic-raw-baseline,Q022,test_suite,3,1,30.49,parent_0093_child_3,0.720327,0.720327,parent_0093_child_3|parent_0093_child_2|parent_0076_child_1|parent_0088_child_2|parent_0176_child_3,parent_0093_child_3|parent_0093_child_2,1,0,0.333333,1,0,0.666667,1,0,0.666667,1,1,1.0,1,1,1.0
nomic-raw-baseline,Q023,test_suite,1,1,31.29,parent_0094_child_1,0.753371,0.753371,parent_0094_child_1|parent_0088_child_2|parent_0076_child_1|parent_0076_child_2|parent_0079_child_1,parent_0094_child_1,1,1,1.0,1,1,1.0,1,1,1.0,1,1,1.0,1,1,1.0
nomic-raw-baseline,Q024,test_suite,3,17,25.61,parent_0157_child_5,0.805635,0.676026,parent_0157_child_5|parent_0040_child_1|parent_0156_child_1|parent_0157_child_8|parent_0154_child_1,,0,0,0.0,0,0,0.0,0,0,0.0,1,0,0.333333,1,0,0.666667
nomic-raw-baseline,Q025,test_suite,3,1,29.92,parent_0093_child_2,0.664523,0.664523,parent_0093_child_2|parent_0184_child_1|parent_0176_child_4|parent_0076_child_1|parent_0192_child_8,parent_0093_child_2,1,0,0.333333,1,0,0.333333,1,0,0.333333,1,0,0.666667,1,0,0.666667
nomic-raw-baseline,Q026,test_suite,13,1,28.52,parent_0097_child_1,0.810926,0.810926,parent_0097_child_1|parent_0016_child_1|parent_0096_child_1|parent_0096_child_3|parent_0097_child_3,parent_0097_child_1|parent_0097_child_3|parent_0097_child_13|parent_0097_child_6|parent_0097_child_10|parent_0097_child_8,1,0,0.076923,1,0,0.153846,1,0,0.461538,1,0,0.692308,1,1,1.0
nomic-raw-baseline,Q027,test_suite,13,1,82.74,parent_0097_child_5,0.821616,0.821616,parent_0097_child_5|parent_0016_child_1|parent_0115_child_1|parent_0214_child_3|parent_0114_child_1,parent_0097_child_5|parent_0097_child_13|parent_0097_child_8,1,0,0.076923,1,0,0.076923,1,0,0.230769,1,0,0.230769,1,0,0.692308
nomic-raw-baseline,Q028,test_suite,4,2,32.57,parent_0016_child_1,0.742814,0.710539,parent_0016_child_1|parent_0096_child_4|parent_0097_child_6|parent_0096_child_1|parent_0097_child_3,parent_0096_child_4|parent_0096_child_1,0,0,0.0,1,0,0.5,1,0,0.5,1,0,0.75,1,1,1.0
nomic-raw-baseline,Q029,test_suite,13,1,107.66,parent_0097_child_8,0.751175,0.751175,parent_0097_child_8|parent_0097_child_7|parent_0097_child_10|parent_0097_child_11|parent_0097_child_9,parent_0097_child_8|parent_0097_child_7|parent_0097_child_10|parent_0097_child_11|parent_0097_child_9|parent_0097_child_6,1,0,0.076923,1,0,0.384615,1,0,0.461538,1,0,0.846154,1,1,1.0
nomic-raw-baseline,Q030,test_suite,4,1,30.93,parent_0098_child_3,0.778345,0.778345,parent_0098_child_3|parent_0098_child_2|parent_0123_child_2|parent_0146_child_4|parent_0123_child_1,parent_0098_child_3|parent_0098_child_2,1,0,0.25,1,0,0.5,1,0,0.5,1,0,0.5,1,1,1.0
nomic-raw-baseline,Q031,test_suite,4,5,27.11,parent_0123_child_2,0.792934,0.682345,parent_0123_child_2|parent_0123_child_3|parent_0123_child_1|parent_0146_child_3|parent_0098_child_3,parent_0098_child_3|parent_0098_child_4,0,0,0.0,1,0,0.25,1,0,0.5,1,0,0.75,1,0,0.75
nomic-raw-baseline,Q032,test_suite,4,1,25.22,parent_0098_child_3,0.727007,0.727007,parent_0098_child_3|parent_0098_child_4|parent_0123_child_3|parent_0097_child_13|parent_0099_child_1,parent_0098_child_3|parent_0098_child_4|parent_0098_child_2,1,0,0.25,1,0,0.5,1,0,0.75,1,0,0.75,1,1,1.0
nomic-raw-baseline,Q033,test_suite,13,1,27.1,parent_0097_child_13,0.735839,0.735839,parent_0097_child_13|parent_0122_child_4|parent_0115_child_1|parent_0234_child_1|parent_0214_child_3,parent_0097_child_13,1,0,0.076923,1,0,0.076923,1,0,0.076923,1,0,0.153846,1,0,0.538462
nomic-raw-baseline,Q034,test_suite,1,1,29.55,parent_0100_child_1,0.804049,0.804049,parent_0100_child_1|parent_0124_child_1|parent_0103_child_8|parent_0142_child_10|parent_0116_child_8,parent_0100_child_1,1,1,1.0,1,1,1.0,1,1,1.0,1,1,1.0,1,1,1.0
nomic-raw-baseline,Q035,test_suite,4,1,32.92,parent_0098_child_2,0.77695,0.77695,parent_0098_child_2|parent_0098_child_1|parent_0161_child_1|parent_0161_child_3|parent_0095_child_1,parent_0098_child_2|parent_0098_child_1,1,0,0.25,1,0,0.5,1,0,0.5,1,0,0.5,1,1,1.0
nomic-raw-baseline,Q036,test_suite,8,1,28.17,parent_0103_child_1,0.771969,0.771969,parent_0103_child_1|parent_0260_child_1|parent_0126_child_3|parent_0103_child_2|parent_0260_child_4,parent_0103_child_1|parent_0103_child_2,1,0,0.125,1,0,0.25,1,0,0.25,1,0,0.25,1,0,0.25
nomic-raw-baseline,Q037,test_suite,8,3,25.16,parent_0260_child_1,0.825714,0.735842,parent_0260_child_1|parent_0260_child_4|parent_0103_child_1|parent_0260_child_5|parent_0197_child_1,parent_0103_child_1,0,0,0.0,1,0,0.125,1,0,0.125,1,0,0.125,1,0,0.375
nomic-raw-baseline,Q038,test_suite,8,1,27.67,parent_0103_child_2,0.856606,0.856606,parent_0103_child_2|parent_0103_child_1|parent_0018_child_1|parent_0126_child_3|parent_0030_child_1,parent_0103_child_2|parent_0103_child_1,1,0,0.125,1,0,0.25,1,0,0.25,1,0,0.25,1,0,0.375
nomic-raw-baseline,Q039,test_suite,8,2,26.69,parent_0018_child_1,0.716127,0.692591,parent_0018_child_1|parent_0103_child_6|parent_0229_child_1|parent_0216_child_1|parent_0236_child_2,parent_0103_child_6,0,0,0.0,1,0,0.125,1,0,0.125,1,0,0.375,1,0,0.5
nomic-raw-baseline,Q040,test_suite,2,11,25.86,parent_0114_child_4,0.658386,0.645889,parent_0114_child_4|parent_0210_child_3|parent_0216_child_2|parent_0151_child_8|parent_0212_child_3,,0,0,0.0,0,0,0.0,0,0,0.0,1,0,0.5,1,0,0.5
nomic-raw-baseline,Q041,test_suite,13,1,30.04,parent_0106_child_7,0.770479,0.770479,parent_0106_child_7|parent_0106_child_8|parent_0021_child_1|parent_0106_child_4|parent_0106_child_6,parent_0106_child_7|parent_0106_child_8|parent_0106_child_4|parent_0106_child_6,1,0,0.076923,1,0,0.307692,1,0,0.307692,1,0,0.384615,1,0,0.846154
nomic-raw-baseline,Q042,test_suite,13,2,30.14,parent_0022_child_1,0.843393,0.793188,parent_0022_child_1|parent_0106_child_11|parent_0131_child_1|parent_0106_child_8|parent_0297_child_8,parent_0106_child_11|parent_0106_child_8|parent_0106_child_12,0,0,0.0,1,0,0.153846,1,0,0.230769,1,0,0.307692,1,0,0.615385
nomic-raw-baseline,Q043,test_suite,13,4,30.52,parent_0022_child_1,0.835269,0.756575,parent_0022_child_1|parent_0131_child_1|parent_0297_child_8|parent_0106_child_8|parent_0106_child_11,parent_0106_child_8|parent_0106_child_11|parent_0106_child_12,0,0,0.0,1,0,0.153846,1,0,0.230769,1,0,0.307692,1,0,0.615385
nomic-raw-baseline,Q044,test_suite,1,1,27.04,parent_0108_child_1,0.742873,0.742873,parent_0108_child_1|parent_0106_child_8|parent_0114_child_1|parent_0109_child_1|parent_0024_child_1,parent_0108_child_1,1,1,1.0,1,1,1.0,1,1,1.0,1,1,1.0,1,1,1.0
nomic-raw-baseline,Q045,test_suite,6,9,24.25,parent_0024_child_1,0.816126,0.707348,parent_0024_child_1|parent_0134_child_4|parent_0134_child_5|parent_0108_child_1|parent_0134_child_6,parent_0109_child_2,0,0,0.0,0,0,0.0,1,0,0.166667,1,0,0.5,1,1,1.0
nomic-raw-baseline,Q046,test_suite,6,4,23.61,parent_0134_child_5,0.756676,0.724431,parent_0134_child_5|parent_0024_child_1|parent_0134_child_4|parent_0109_child_5|parent_0109_child_3,parent_0109_child_5|parent_0109_child_3,0,0,0.0,1,0,0.333333,1,0,0.333333,1,0,0.5,1,1,1.0
nomic-raw-baseline,Q047,test_suite,6,3,31.1,parent_0134_child_8,0.764289,0.750688,parent_0134_child_8|parent_0134_child_10|parent_0109_child_6|parent_0115_child_1|parent_0134_child_9,parent_0109_child_6,0,0,0.0,1,0,0.166667,1,0,0.166667,1,0,0.333333,1,0,0.833333
nomic-raw-baseline,Q048,test_suite,3,1,25.63,parent_0110_child_1,0.76386,0.76386,parent_0110_child_1|parent_0025_child_1|parent_0135_child_1|parent_0111_child_2|parent_0135_child_4,parent_0110_child_1,1,0,0.333333,1,0,0.333333,1,0,0.333333,1,0,0.333333,1,0,0.666667
nomic-raw-baseline,Q049,test_suite,4,1,29.8,parent_0114_child_4,0.750265,0.750265,parent_0114_child_4|parent_0116_child_6|parent_0297_child_8|parent_0107_child_1|parent_0116_child_3,parent_0114_child_4,1,0,0.25,1,0,0.25,1,0,0.25,1,0,0.75,1,1,1.0
nomic-raw-baseline,Q050,test_suite,1,1,33.8,parent_0115_child_1,0.827661,0.827661,parent_0115_child_1|parent_0137_child_5|parent_0147_child_2|parent_0214_child_3|parent_0147_child_1,parent_0115_child_1,1,1,1.0,1,1,1.0,1,1,1.0,1,1,1.0,1,1,1.0
nomic-raw-baseline,Q051,test_suite,5,1,28.92,parent_0122_child_1,0.771618,0.771618,parent_0122_child_1|parent_0029_child_1|parent_0122_child_4|parent_0267_child_9|parent_0122_child_2,parent_0122_child_1|parent_0122_child_4|parent_0122_child_2|parent_0122_child_3,1,0,0.2,1,0,0.6,1,0,0.8,1,0,0.8,1,1,1.0
nomic-raw-baseline,Q052,test_suite,5,1,30.13,parent_0122_child_2,0.835811,0.835811,parent_0122_child_2|parent_0122_child_1|parent_0029_child_1|parent_0124_child_1|parent_0142_child_10,parent_0122_child_2|parent_0122_child_1|parent_0122_child_3|parent_0122_child_4,1,0,0.2,1,0,0.4,1,0,0.8,1,0,0.8,1,1,1.0
nomic-raw-baseline,Q053,test_suite,5,1,27.39,parent_0122_child_4,0.79275,0.79275,parent_0122_child_4|parent_0122_child_5|parent_0029_child_1|parent_0098_child_2|parent_0161_child_4,parent_0122_child_4|parent_0122_child_5|parent_0122_child_1,1,0,0.2,1,0,0.4,1,0,0.6,1,0,0.6,1,0,0.8
nomic-raw-baseline,Q054,test_suite,3,1,28.72,parent_0123_child_2,0.793731,0.793731,parent_0123_child_2|parent_0123_child_1|parent_0123_child_3|parent_0127_child_3|parent_0126_child_3,parent_0123_child_2|parent_0123_child_1|parent_0123_child_3,1,0,0.333333,1,1,1.0,1,1,1.0,1,1,1.0,1,1,1.0
nomic-raw-baseline,Q055,test_suite,10,1,30.03,parent_0126_child_3,0.793966,0.793966,parent_0126_child_3|parent_0103_child_2|parent_0030_child_1|parent_0197_child_1|parent_0103_child_1,parent_0126_child_3|parent_0126_child_7,1,0,0.1,1,0,0.1,1,0,0.2,1,0,0.4,1,0,0.5
nomic-raw-baseline,Q056,test_suite,10,2,26.79,parent_0030_child_1,0.758401,0.737903,parent_0030_child_1|parent_0126_child_3|parent_0103_child_2|parent_0126_child_7|parent_0103_child_1,parent_0126_child_3|parent_0126_child_7|parent_0126_child_2,0,0,0.0,1,0,0.2,1,0,0.3,1,0,0.3,1,0,0.7
nomic-raw-baseline,Q057,test_suite,10,1,29.72,parent_0126_child_8,0.758043,0.758043,parent_0126_child_8|parent_0030_child_1|parent_0236_child_2|parent_0126_child_9|parent_0127_child_1,parent_0126_child_8|parent_0126_child_9|parent_0126_child_3,1,0,0.1,1,0,0.2,1,0,0.3,1,0,0.4,1,0,0.7
nomic-raw-baseline,Q058,test_suite,10,1,24.21,parent_0134_child_4,0.83624,0.83624,parent_0134_child_4|parent_0134_child_1|parent_0134_child_8|parent_0134_child_5|parent_0134_child_7,parent_0134_child_4|parent_0134_child_1|parent_0134_child_8|parent_0134_child_5|parent_0134_child_7,1,0,0.1,1,0,0.5,1,0,0.5,1,0,0.7,1,1,1.0
nomic-raw-baseline,Q059,test_suite,10,1,32.09,parent_0134_child_8,0.833162,0.833162,parent_0134_child_8|parent_0134_child_9|parent_0134_child_10|parent_0122_child_5|parent_0134_child_1,parent_0134_child_8|parent_0134_child_9|parent_0134_child_10|parent_0134_child_1,1,0,0.1,1,0,0.4,1,0,0.4,1,0,0.4,1,1,1.0
nomic-raw-baseline,Q060,test_suite,5,1,33.55,parent_0137_child_5,0.796705,0.796705,parent_0137_child_5|parent_0147_child_2|parent_0115_child_1|parent_0122_child_5|parent_0281_child_2,parent_0137_child_5|parent_0137_child_4,1,0,0.2,1,0,0.2,1,0,0.4,1,0,0.6,1,0,0.6
nomic-raw-baseline,Q061,test_suite,4,4,28.29,parent_0131_child_1,0.830364,0.779659,parent_0131_child_1|parent_0022_child_1|parent_0033_child_1|parent_0132_child_3|parent_0133_child_1,parent_0132_child_3|parent_0132_child_4,0,0,0.0,1,0,0.25,1,0,0.5,1,0,0.75,1,0,0.75
nomic-raw-baseline,Q062,test_suite,10,1,31.67,parent_0134_child_1,0.793258,0.793258,parent_0134_child_1|parent_0033_child_1|parent_0133_child_1|parent_0134_child_4|parent_0134_child_8,parent_0134_child_1|parent_0134_child_4|parent_0134_child_8|parent_0134_child_2|parent_0134_child_7|parent_0134_child_3,1,0,0.1,1,0,0.3,1,0,0.6,1,0,0.7,1,1,1.0
nomic-raw-baseline,Q063,test_suite,12,1,25.76,parent_0116_child_1,0.758217,0.758217,parent_0116_child_1|parent_0027_child_1|parent_0116_child_11|parent_0116_child_12|parent_0116_child_4,parent_0116_child_1|parent_0116_child_11|parent_0116_child_12|parent_0116_child_4|parent_0116_child_9|parent_0116_child_8,1,0,0.083333,1,0,0.333333,1,0,0.5,1,0,0.583333,1,1,1.0
nomic-raw-baseline,Q064,test_suite,12,1,117.21,parent_0116_child_3,0.725814,0.725814,parent_0116_child_3|parent_0116_child_1|parent_0139_child_7|parent_0116_child_9|parent_0116_child_8,parent_0116_child_3|parent_0116_child_1|parent_0116_child_9|parent_0116_child_8|parent_0116_child_5|parent_0116_child_12|parent_0116_child_4,1,0,0.083333,1,0,0.333333,1,0,0.583333,1,0,0.666667,1,1,1.0
nomic-raw-baseline,Q065,test_suite,12,1,29.78,parent_0116_child_4,0.783566,0.783566,parent_0116_child_4|parent_0116_child_5|parent_0116_child_8|parent_0116_child_1|parent_0116_child_9,parent_0116_child_4|parent_0116_child_5|parent_0116_child_8|parent_0116_child_1|parent_0116_child_9|parent_0116_child_6,1,0,0.083333,1,0,0.416667,1,0,0.5,1,0,0.75,1,1,1.0
nomic-raw-baseline,Q066,test_suite,12,1,26.37,parent_0116_child_11,0.771422,0.771422,parent_0116_child_11|parent_0116_child_12|parent_0141_child_1|parent_0117_child_2|parent_0117_child_6,parent_0116_child_11|parent_0116_child_12,1,0,0.083333,1,0,0.166667,1,0,0.166667,1,0,0.25,1,0,0.833333
nomic-raw-baseline,Q067,test_suite,13,1,32.53,parent_0117_child_2,0.83767,0.83767,parent_0117_child_2|parent_0116_child_12|parent_0117_child_6|parent_0118_child_1|parent_0027_child_1,parent_0117_child_2|parent_0117_child_6|parent_0117_child_7|parent_0117_child_3,1,0,0.076923,1,0,0.153846,1,0,0.307692,1,0,0.692308,1,1,1.0
nomic-raw-baseline,Q068,test_suite,13,1,29.86,parent_0117_child_2,0.72147,0.72147,parent_0117_child_2|parent_0117_child_6|parent_0118_child_1|parent_0116_child_12|parent_0117_child_3,parent_0117_child_2|parent_0117_child_6|parent_0117_child_3|parent_0117_child_4|parent_0117_child_13,1,0,0.076923,1,0,0.230769,1,0,0.384615,1,0,0.538462,1,0,0.923077
nomic-raw-baseline,Q069,test_suite,13,1,32.98,parent_0117_child_11,0.738946,0.738946,parent_0117_child_11|parent_0117_child_12|parent_0027_child_1|parent_0117_child_10|parent_0116_child_9,parent_0117_child_11|parent_0117_child_12|parent_0117_child_10|parent_0117_child_7|parent_0117_child_6,1,0,0.076923,1,0,0.230769,1,0,0.384615,1,0,0.538462,1,0,0.769231
nomic-raw-baseline,Q070,test_suite,9,2,28.94,parent_0034_child_1,0.752613,0.750153,parent_0034_child_1|parent_0139_child_5|parent_0142_child_10|parent_0035_child_1|parent_0235_child_1,parent_0139_child_5|parent_0139_child_9|parent_0139_child_1,0,0,0.0,1,0,0.111111,1,0,0.333333,1,0,0.555556,1,1,1.0
nomic-raw-baseline,Q071,test_suite,6,1,27.37,parent_0141_child_2,0.716872,0.716872,parent_0141_child_2|parent_0034_child_1|parent_0141_child_1|parent_0142_child_1|parent_0141_child_5,parent_0141_child_2|parent_0141_child_1|parent_0141_child_5|parent_0141_child_6,1,0,0.166667,1,0,0.5,1,0,0.666667,1,0,0.666667,1,0,0.833333
nomic-raw-baseline,Q072,test_suite,6,1,31.92,parent_0141_child_6,0.866067,0.866067,parent_0141_child_6|parent_0141_child_1|parent_0034_child_1|parent_0143_child_1|parent_0035_child_1,parent_0141_child_6|parent_0141_child_1,1,0,0.166667,1,0,0.333333,1,0,0.333333,1,0,0.5,1,0,0.833333
nomic-raw-baseline,Q073,test_suite,9,1,28.45,parent_0139_child_6,0.769598,0.769598,parent_0139_child_6|parent_0034_child_1|parent_0235_child_1|parent_0140_child_3|parent_0139_child_2,parent_0139_child_6|parent_0139_child_2|parent_0139_child_5|parent_0139_child_7,1,0,0.111111,1,0,0.222222,1,0,0.444444,1,0,0.444444,1,1,1.0
nomic-raw-baseline,Q074,test_suite,10,1,26.67,parent_0142_child_10,0.797319,0.797319,parent_0142_child_10|parent_0142_child_8|parent_0144_child_1|parent_0142_child_7|parent_0140_child_3,parent_0142_child_10|parent_0142_child_8|parent_0142_child_7|parent_0142_child_9,1,0,0.1,1,0,0.3,1,0,0.4,1,0,0.4,1,0,0.6
nomic-raw-baseline,Q075,test_suite,1,1,25.72,parent_0194_child_1,0.773549,0.773549,parent_0194_child_1|parent_0051_child_1|parent_0195_child_4|parent_0195_child_3|parent_0151_child_14,parent_0194_child_1,1,1,1.0,1,1,1.0,1,1,1.0,1,1,1.0,1,1,1.0
nomic-raw-baseline,Q076,test_suite,1,2,26.59,parent_0195_child_1,0.757645,0.683146,parent_0195_child_1|parent_0194_child_1|parent_0128_child_5|parent_0150_child_14|parent_0105_child_1,parent_0194_child_1,0,0,0.0,1,1,1.0,1,1,1.0,1,1,1.0,1,1,1.0
nomic-raw-baseline,Q077,test_suite,5,1,25.78,parent_0195_child_4,0.777419,0.777419,parent_0195_child_4|parent_0195_child_3|parent_0103_child_2|parent_0051_child_1|parent_0195_child_2,parent_0195_child_4|parent_0195_child_3|parent_0195_child_2,1,0,0.2,1,0,0.6,1,0,0.6,1,0,0.8,1,1,1.0
nomic-raw-baseline,Q078,test_suite,5,1,29.95,parent_0195_child_4,0.776338,0.776338,parent_0195_child_4|parent_0150_child_17|parent_0153_child_1|parent_0195_child_3|parent_0193_child_3,parent_0195_child_4|parent_0195_child_3,1,0,0.2,1,0,0.4,1,0,0.4,1,0,0.4,1,0,0.8
nomic-raw-baseline,Q079,test_suite,5,1,36.27,parent_0196_child_1,0.769058,0.769058,parent_0196_child_1|parent_0196_child_3|parent_0196_child_4|parent_0197_child_7|parent_0103_child_2,parent_0196_child_1|parent_0196_child_3|parent_0196_child_4|parent_0196_child_2,1,0,0.2,1,0,0.6,1,0,0.8,1,1,1.0,1,1,1.0
nomic-raw-baseline,Q080,test_suite,5,4,32.54,parent_0197_child_4,0.799949,0.770127,parent_0197_child_4|parent_0197_child_7|parent_0197_child_5|parent_0196_child_3|parent_0197_child_6,parent_0196_child_3|parent_0196_child_1,0,0,0.0,1,0,0.2,1,0,0.4,1,0,0.6,1,1,1.0
nomic-raw-baseline,Q081,test_suite,7,1,30.79,parent_0197_child_4,0.854278,0.854278,parent_0197_child_4|parent_0151_child_7|parent_0151_child_6|parent_0197_child_5|parent_0196_child_3,parent_0197_child_4|parent_0197_child_5|parent_0197_child_7|parent_0197_child_6,1,0,0.142857,1,0,0.285714,1,0,0.571429,1,0,0.857143,1,1,1.0
nomic-raw-baseline,Q082,test_suite,7,1,28.78,parent_0197_child_6,0.754272,0.754272,parent_0197_child_6|parent_0197_child_4|parent_0151_child_7|parent_0197_child_7|parent_0197_child_5,parent_0197_child_6|parent_0197_child_4|parent_0197_child_7|parent_0197_child_5|parent_0197_child_2,1,0,0.142857,1,0,0.571429,1,0,0.714286,1,0,0.857143,1,1,1.0
nomic-raw-baseline,Q083,test_suite,12,4,36.83,parent_0052_child_1,0.768081,0.721788,parent_0052_child_1|parent_0198_child_2|parent_0218_child_1|parent_0197_child_5|parent_0197_child_7,parent_0197_child_5|parent_0197_child_7|parent_0196_child_3|parent_0197_child_1,0,0,0.0,1,0,0.166667,1,0,0.333333,1,0,0.583333,1,0,0.916667
nomic-raw-baseline,Q084,test_suite,17,3,32.02,parent_0151_child_14,0.729851,0.699189,parent_0151_child_14|parent_0194_child_1|parent_0150_child_13|parent_0150_child_14|parent_0195_child_4,parent_0150_child_13|parent_0150_child_14|parent_0150_child_17,0,0,0.0,1,0,0.117647,1,0,0.176471,1,0,0.176471,1,0,0.411765
nomic-raw-baseline,Q085,test_suite,3,1,26.32,parent_0164_child_2,0.765164,0.765164,parent_0164_child_2|parent_0174_child_1|parent_0168_child_2|parent_0164_child_3|parent_0109_child_4,parent_0164_child_2|parent_0164_child_3,1,0,0.333333,1,0,0.666667,1,0,0.666667,1,0,0.666667,1,1,1.0
nomic-raw-baseline,Q086,test_suite,3,1,26.58,parent_0164_child_3,0.793994,0.793994,parent_0164_child_3|parent_0165_child_1|parent_0174_child_1|parent_0164_child_1|parent_0164_child_2,parent_0164_child_3|parent_0164_child_1|parent_0164_child_2,1,0,0.333333,1,1,1.0,1,1,1.0,1,1,1.0,1,1,1.0
nomic-raw-baseline,Q087,test_suite,5,1,31.94,parent_0159_child_3,0.663879,0.663879,parent_0159_child_3|parent_0167_child_1|parent_0168_child_3|parent_0169_child_1|parent_0111_child_2,parent_0159_child_3,1,0,0.2,1,0,0.2,1,0,0.2,1,0,0.2,1,0,0.4
nomic-raw-baseline,Q088,test_suite,4,1,74.92,parent_0171_child_3,0.687629,0.687629,parent_0171_child_3|parent_0171_child_4|parent_0044_child_1|parent_0157_child_8|parent_0156_child_1,parent_0171_child_3|parent_0171_child_4,1,0,0.25,1,0,0.5,1,0,0.5,1,0,0.75,1,1,1.0
nomic-raw-baseline,Q089,test_suite,4,3,81.3,parent_0164_child_1,0.824871,0.73532,parent_0164_child_1|parent_0151_child_12|parent_0172_child_3|parent_0044_child_1|parent_0173_child_1,parent_0172_child_3|parent_0172_child_4,0,0,0.0,1,0,0.25,1,0,0.5,1,0,0.5,1,1,1.0
nomic-raw-baseline,Q090,test_suite,3,1,28.75,parent_0164_child_2,0.677194,0.677194,parent_0164_child_2|parent_0218_child_8|parent_0175_child_2|parent_0167_child_1|parent_0159_child_3,parent_0164_child_2,1,0,0.333333,1,0,0.333333,1,0,0.333333,1,0,0.333333,1,0,0.333333
nomic-raw-baseline,Q091,test_suite,4,1,27.96,parent_0168_child_3,0.749581,0.749581,parent_0168_child_3|parent_0167_child_1|parent_0166_child_1|parent_0168_child_4|parent_0159_child_3,parent_0168_child_3|parent_0168_child_4,1,0,0.25,1,0,0.5,1,0,0.5,1,0,0.75,1,0,0.75
nomic-raw-baseline,Q092,test_suite,5,6,30.54,parent_0168_child_3,0.70859,0.676479,parent_0168_child_3|parent_0195_child_3|parent_0160_child_1|parent_0159_child_3|parent_0107_child_1,parent_0169_child_1,0,0,0.0,0,0,0.0,1,0,0.2,1,0,0.4,1,0,0.6
nomic-raw-baseline,Q093,test_suite,2,1,30.65,parent_0175_child_2,0.803903,0.803903,parent_0175_child_2|parent_0176_child_5|parent_0169_child_2|parent_0176_child_3|parent_0168_child_4,parent_0175_child_2,1,0,0.5,1,0,0.5,1,0,0.5,1,0,0.5,1,0,0.5
nomic-raw-baseline,Q094,test_suite,2,2,123.32,parent_0167_child_1,0.72149,0.718425,parent_0167_child_1|parent_0175_child_2|parent_0159_child_3|parent_0218_child_4|parent_0169_child_3,parent_0175_child_2,0,0,0.0,1,0,0.5,1,0,0.5,1,0,0.5,1,0,0.5
nomic-raw-baseline,Q095,test_suite,5,1,37.09,parent_0176_child_3,0.862318,0.862318,parent_0176_child_3|parent_0175_child_2|parent_0176_child_2|parent_0218_child_4|parent_0176_child_5,parent_0176_child_3|parent_0176_child_2|parent_0176_child_5,1,0,0.2,1,0,0.6,1,0,0.6,1,0,0.6,1,1,1.0
nomic-raw-baseline,Q096,test_suite,1,1,31.06,parent_0179_child_1,0.846608,0.846608,parent_0179_child_1|parent_0161_child_4|parent_0045_child_1|parent_0211_child_1|parent_0269_child_1,parent_0179_child_1,1,1,1.0,1,1,1.0,1,1,1.0,1,1,1.0,1,1,1.0
nomic-raw-baseline,Q097,test_suite,1,1,28.02,parent_0179_child_1,0.75558,0.75558,parent_0179_child_1|parent_0045_child_1|parent_0136_child_1|parent_0176_child_4|parent_0135_child_7,parent_0179_child_1,1,1,1.0,1,1,1.0,1,1,1.0,1,1,1.0,1,1,1.0
nomic-raw-baseline,Q098,test_suite,4,1,26.52,parent_0145_child_2,0.765318,0.765318,parent_0145_child_2|parent_0197_child_7|parent_0145_child_4|parent_0228_child_1|parent_0146_child_6,parent_0145_child_2|parent_0145_child_4,1,0,0.25,1,0,0.5,1,0,0.5,1,0,0.75,1,0,0.75
nomic-raw-baseline,Q099,test_suite,7,1,28.36,parent_0146_child_6,0.760995,0.760995,parent_0146_child_6|parent_0211_child_1|parent_0211_child_4|parent_0160_child_1|parent_0215_child_2,parent_0146_child_6,1,0,0.142857,1,0,0.142857,1,0,0.142857,1,0,0.285714,1,0,0.285714
nomic-raw-baseline,Q100,test_suite,5,1,30.82,parent_0222_child_5,0.817869,0.817869,parent_0222_child_5|parent_0223_child_8|parent_0223_child_1|parent_0222_child_4|parent_0230_child_1,parent_0222_child_5|parent_0222_child_4,1,0,0.2,1,0,0.4,1,0,0.4,1,0,0.4,1,0,0.4
nomic-raw-baseline,Q101,test_suite,1,4,28.61,parent_0229_child_1,0.784785,0.770674,parent_0229_child_1|parent_0230_child_1|parent_0229_child_2|parent_0228_child_1|parent_0229_child_5,parent_0228_child_1,0,0,0.0,1,1,1.0,1,1,1.0,1,1,1.0,1,1,1.0
nomic-raw-baseline,Q102,test_suite,3,2,26.91,parent_0261_child_1,0.77886,0.766395,parent_0261_child_1|parent_0158_child_1|parent_0041_child_1|parent_0264_child_1|parent_0263_child_1,parent_0158_child_1,0,0,0.0,1,0,0.333333,1,0,0.333333,1,0,0.666667,1,1,1.0
nomic-raw-baseline,Q103,test_suite,17,2,24.66,parent_0037_child_1,0.803242,0.795369,parent_0037_child_1|parent_0150_child_17|parent_0150_child_2|parent_0150_child_1|parent_0150_child_10,parent_0150_child_17|parent_0150_child_2|parent_0150_child_1|parent_0150_child_10|parent_0150_child_5|parent_0150_child_7|parent_0150_child_15|parent_0150_child_13,0,0,0.0,1,0,0.235294,1,0,0.470588,1,0,0.764706,1,1,1.0
nomic-raw-baseline,Q104,test_suite,17,2,32.35,parent_0197_child_4,0.799354,0.793508,parent_0197_child_4|parent_0150_child_6|parent_0197_child_5|parent_0151_child_6|parent_0150_child_5,parent_0150_child_6|parent_0150_child_5|parent_0150_child_7,0,0,0.0,1,0,0.117647,1,0,0.176471,1,0,0.294118,1,0,0.823529
nomic-raw-baseline,Q105,test_suite,19,3,27.24,parent_0038_child_1,0.775477,0.765582,parent_0038_child_1|parent_0153_child_1|parent_0151_child_14|parent_0151_child_1|parent_0039_child_1,parent_0151_child_14|parent_0151_child_1|parent_0151_child_3|parent_0151_child_4|parent_0151_child_12,0,0,0.0,1,0,0.105263,1,0,0.263158,1,0,0.684211,1,0,0.947368
nomic-raw-baseline,Q106,test_suite,2,1,32.92,parent_0154_child_2,0.829644,0.829644,parent_0154_child_2|parent_0157_child_8|parent_0154_child_1|parent_0156_child_1|parent_0040_child_1,parent_0154_child_2|parent_0154_child_1,1,0,0.5,1,1,1.0,1,1,1.0,1,1,1.0,1,1,1.0
nomic-raw-baseline,Q107,test_suite,9,1,26.51,parent_0198_child_4,0.82615,0.82615,parent_0198_child_4|parent_0198_child_7|parent_0052_child_1|parent_0199_child_2|parent_0218_child_7,parent_0198_child_4|parent_0198_child_7|parent_0198_child_8,1,0,0.111111,1,0,0.222222,1,0,0.333333,1,0,0.333333,1,0,0.666667
nomic-raw-baseline,Q108,test_suite,9,1,27.38,parent_0198_child_4,0.805034,0.805034,parent_0198_child_4|parent_0198_child_7|parent_0052_child_1|parent_0218_child_7|parent_0198_child_8,parent_0198_child_4|parent_0198_child_7|parent_0198_child_8,1,0,0.111111,1,0,0.333333,1,0,0.333333,1,0,0.333333,1,0,0.777778
nomic-raw-baseline,Q109,test_suite,5,1,33.69,parent_0199_child_2,0.843747,0.843747,parent_0199_child_2|parent_0198_child_4|parent_0052_child_1|parent_0202_child_1|parent_0199_child_3,parent_0199_child_2|parent_0199_child_3,1,0,0.2,1,0,0.4,1,0,0.4,1,0,0.6,1,1,1.0
nomic-raw-baseline,Q110,test_suite,2,2,26.44,parent_0332_child_1,0.754715,0.748913,parent_0332_child_1|parent_0221_child_2|parent_0067_child_1|parent_0331_child_1|parent_0222_child_1,parent_0221_child_2,0,0,0.0,1,0,0.5,1,0,0.5,1,0,0.5,1,0,0.5
nomic-raw-baseline,Q111,test_suite,1,1,31.55,parent_0219_child_1,0.851262,0.851262,parent_0219_child_1|parent_0060_child_1|parent_0220_child_1|parent_0214_child_3|parent_0146_child_5,parent_0219_child_1,1,1,1.0,1,1,1.0,1,1,1.0,1,1,1.0,1,1,1.0
nomic-raw-baseline,Q112,test_suite,2,1,30.89,parent_0070_child_1,0.733389,0.733389,parent_0070_child_1|parent_0142_child_6|parent_0126_child_3|parent_0222_child_3|parent_0126_child_2,parent_0070_child_1,1,0,0.5,1,0,0.5,1,0,0.5,1,0,0.5,1,1,1.0
nomic-raw-baseline,Q113,test_suite,6,1,60.45,parent_0236_child_5,0.818752,0.818752,parent_0236_child_5|parent_0062_child_1|parent_0233_child_3|parent_0115_child_1|parent_0234_child_1,parent_0236_child_5,1,0,0.166667,1,0,0.166667,1,0,0.166667,1,0,0.166667,1,0,0.5
nomic-raw-baseline,Q114,test_suite,9,1,36.0,parent_0217_child_1,0.801146,0.801146,parent_0217_child_1|parent_0234_child_1|parent_0058_child_1|parent_0122_child_1|parent_0214_child_3,parent_0217_child_1|parent_0217_child_3|parent_0217_child_6,1,0,0.111111,1,0,0.111111,1,0,0.333333,1,0,0.333333,1,0,0.444444
nomic-raw-baseline,Q115,test_suite,5,4,31.95,parent_0034_child_1,0.736943,0.696755,parent_0034_child_1|parent_0128_child_4|parent_0133_child_1|parent_0137_child_4|parent_0127_child_3,parent_0137_child_4,0,0,0.0,1,0,0.2,1,0,0.2,1,0,0.2,1,0,0.6
nomic-raw-baseline,Q116,test_suite,2,3,33.77,parent_0147_child_2,0.802491,0.792346,parent_0147_child_2|parent_0146_child_7|parent_0148_child_1|parent_0149_child_1|parent_0147_child_1,parent_0148_child_1,0,0,0.0,1,0,0.5,1,0,0.5,1,0,0.5,1,0,0.5
nomic-raw-baseline,Q117,test_suite,3,2,24.79,parent_0053_child_1,0.839174,0.801446,parent_0053_child_1|parent_0203_child_1|parent_0204_child_1|parent_0203_child_3|parent_0054_child_1,parent_0203_child_1|parent_0203_child_3|parent_0203_child_2,0,0,0.0,1,0,0.666667,1,1,1.0,1,1,1.0,1,1,1.0
nomic-raw-baseline,Q118,test_suite,9,1,29.39,parent_0217_child_6,0.723541,0.723541,parent_0217_child_6|parent_0188_child_1|parent_0193_child_5|parent_0193_child_2|parent_0117_child_12,parent_0217_child_6,1,0,0.111111,1,0,0.111111,1,0,0.111111,1,0,0.111111,1,0,0.333333
nomic-raw-baseline,Q119,test_suite,18,1,27.5,parent_0122_child_4,0.791668,0.791668,parent_0122_child_4|parent_0122_child_1|parent_0097_child_13|parent_0029_child_1|parent_0115_child_1,parent_0122_child_4|parent_0122_child_1|parent_0097_child_13|parent_0122_child_3,1,0,0.055556,1,0,0.166667,1,0,0.222222,1,0,0.277778,1,0,0.5
nomic-raw-baseline,Q120,test_suite,4,2,25.11,parent_0007_child_1,0.719425,0.696185,parent_0007_child_1|parent_0074_child_1|parent_0076_child_2|parent_0076_child_1|parent_0037_child_1,parent_0074_child_1|parent_0076_child_2|parent_0076_child_1,0,0,0.0,1,0,0.75,1,0,0.75,1,0,0.75,1,1,1.0
nomic-raw-baseline,Q121,test_suite,9,1,25.89,parent_0141_child_1,0.696882,0.696882,parent_0141_child_1|parent_0141_child_2|parent_0193_child_3|parent_0142_child_6|parent_0193_child_2,parent_0141_child_1|parent_0141_child_2|parent_0141_child_6,1,0,0.111111,1,0,0.222222,1,0,0.333333,1,0,0.444444,1,0,0.777778
nomic-raw-baseline,Q122,test_suite,7,1,32.88,parent_0123_child_2,0.743359,0.743359,parent_0123_child_2|parent_0098_child_2|parent_0123_child_1|parent_0127_child_3|parent_0146_child_3,parent_0123_child_2|parent_0098_child_2|parent_0123_child_1|parent_0123_child_3|parent_0098_child_3,1,0,0.142857,1,0,0.428571,1,0,0.714286,1,0,0.714286,1,1,1.0
nomic-raw-baseline,Q123,test_suite,2,1,28.91,parent_0219_child_1,0.737038,0.737038,parent_0219_child_1|parent_0060_child_1|parent_0218_child_11|parent_0059_child_1|parent_0220_child_1,parent_0219_child_1,1,0,0.5,1,0,0.5,1,0,0.5,1,1,1.0,1,1,1.0
nomic-raw-baseline,Q124,test_suite,4,2,29.22,parent_0047_child_1,0.737539,0.726922,parent_0047_child_1|parent_0183_child_1|parent_0183_child_4|parent_0046_child_1|parent_0183_child_3,parent_0183_child_1|parent_0183_child_4|parent_0183_child_3,0,0,0.0,1,0,0.75,1,0,0.75,1,1,1.0,1,1,1.0
nomic-raw-baseline,Q125,test_suite,21,1,33.26,parent_0139_child_5,0.782943,0.782943,parent_0139_child_5|parent_0034_child_1|parent_0035_child_1|parent_0142_child_10|parent_0140_child_3,parent_0139_child_5|parent_0116_child_1|parent_0116_child_8|parent_0139_child_9|parent_0116_child_9|parent_0139_child_7,1,0,0.047619,1,0,0.047619,1,0,0.285714,1,0,0.47619,1,1,1.0
nomic-raw-baseline,Q126,test_suite,18,1,31.57,parent_0194_child_1,0.74134,0.74134,parent_0194_child_1|parent_0151_child_14|parent_0195_child_4|parent_0190_child_1|parent_0150_child_14,parent_0194_child_1|parent_0150_child_14|parent_0150_child_13,1,0,0.055556,1,0,0.111111,1,0,0.166667,1,0,0.222222,1,0,0.333333
nomic-raw-baseline,Q127,test_suite,13,2,31.51,parent_0057_child_1,0.787617,0.767619,parent_0057_child_1|parent_0215_child_1|parent_0214_child_3|parent_0209_child_1|parent_0211_child_4,parent_0215_child_1|parent_0209_child_1|parent_0211_child_4|parent_0215_child_3|parent_0215_child_2|parent_0215_child_8|parent_0215_child_5,0,0,0.0,1,0,0.230769,1,0,0.538462,1,0,0.769231,1,1,1.0
nomic-raw-baseline,Q128,test_suite,4,1,154.84,parent_0088_child_2,0.744082,0.744082,parent_0088_child_2|parent_0014_child_1|parent_0090_child_1|parent_0079_child_1|parent_0013_child_1,parent_0088_child_2,1,0,0.25,1,0,0.25,1,0,0.25,1,1,1.0,1,1,1.0
nomic-raw-baseline,Q130,test_suite,1,1,32.78,parent_0012_child_1,0.70746,0.70746,parent_0012_child_1|parent_0088_child_3|parent_0195_child_5|parent_0088_child_2|parent_0178_child_1,parent_0012_child_1,1,1,1.0,1,1,1.0,1,1,1.0,1,1,1.0,1,1,1.0
nomic-raw-baseline,Q131,test_suite,1,4,54.32,parent_0089_child_2,0.700425,0.66219,parent_0089_child_2|parent_0088_child_3|parent_0012_child_1|parent_0013_child_1|parent_0195_child_5,parent_0013_child_1,0,0,0.0,1,1,1.0,1,1,1.0,1,1,1.0,1,1,1.0
nomic-raw-baseline,Q135,test_suite,1,15,43.67,parent_0195_child_5,0.694428,0.619839,parent_0195_child_5|parent_0012_child_1|parent_0088_child_3|parent_0178_child_1|parent_0088_child_2,,0,0,0.0,0,0,0.0,0,0,0.0,1,1,1.0,1,1,1.0
nomic-raw-baseline,Q136,test_suite,1,167,28.75,parent_0088_child_3,0.665969,0.556684,parent_0088_child_3|parent_0195_child_5|parent_0178_child_1|parent_0089_child_2|parent_0012_child_1,,0,0,0.0,0,0,0.0,0,0,0.0,0,0,0.0,0,0,0.0
nomic-raw-baseline,Q137,test_suite,1,93,25.94,parent_0178_child_1,0.71217,0.585252,parent_0178_child_1|parent_0088_child_3|parent_0195_child_5|parent_0062_child_1|parent_0012_child_1,,0,0,0.0,0,0,0.0,0,0,0.0,0,0,0.0,1,1,1.0
nomic-raw-baseline,Q141,test_suite,2,1,31.15,parent_0185_child_1,0.675636,0.675636,parent_0185_child_1|parent_0192_child_1|parent_0297_child_8|parent_0188_child_1|parent_0048_child_1,parent_0185_child_1|parent_0185_child_2,1,0,0.5,1,0,0.5,1,1,1.0,1,1,1.0,1,1,1.0
nomic-raw-baseline,Q142,test_suite,2,25,34.12,parent_0297_child_8,0.665177,0.604055,parent_0297_child_8|parent_0193_child_3|parent_0118_child_1|parent_0199_child_5|parent_0117_child_1,,0,0,0.0,0,0,0.0,0,0,0.0,0,0,0.0,1,0,0.5
nomic-raw-baseline,Q143,test_suite,5,271,25.83,parent_0088_child_2,0.696635,0.579789,parent_0088_child_2|parent_0215_child_1|parent_0013_child_1|parent_0012_child_1|parent_0160_child_2,,0,0,0.0,0,0,0.0,0,0,0.0,0,0,0.0,0,0,0.0
nomic-raw-baseline,Q144,test_suite,2,1,26.92,parent_0186_child_1,0.844283,0.844283,parent_0186_child_1|parent_0189_child_1|parent_0186_child_2|parent_0048_child_1|parent_0269_child_1,parent_0186_child_1|parent_0186_child_2,1,0,0.5,1,1,1.0,1,1,1.0,1,1,1.0,1,1,1.0
nomic-raw-baseline,Q145,test_suite,1,2,23.88,parent_0049_child_1,0.805252,0.782092,parent_0049_child_1|parent_0190_child_1|parent_0192_child_10|parent_0192_child_8|parent_0192_child_3,parent_0190_child_1,0,0,0.0,1,1,1.0,1,1,1.0,1,1,1.0,1,1,1.0
nomic-raw-baseline,Q146,test_suite,1,4,26.49,parent_0049_child_1,0.77914,0.726555,parent_0049_child_1|parent_0191_child_2|parent_0236_child_1|parent_0190_child_1|parent_0192_child_3,parent_0190_child_1,0,0,0.0,1,1,1.0,1,1,1.0,1,1,1.0,1,1,1.0
nomic-raw-baseline,Q147,test_suite,10,1,25.82,parent_0192_child_1,0.78226,0.78226,parent_0192_child_1|parent_0049_child_1|parent_0191_child_2|parent_0190_child_1|parent_0192_child_4,parent_0192_child_1|parent_0192_child_4|parent_0192_child_3|parent_0192_child_8|parent_0192_child_10,1,0,0.1,1,0,0.2,1,0,0.5,1,0,0.7,1,0,0.8
nomic-raw-baseline,Q148,test_suite,10,3,27.84,parent_0049_child_1,0.797172,0.735219,parent_0049_child_1|parent_0190_child_1|parent_0192_child_10|parent_0192_child_8|parent_0236_child_1,parent_0192_child_10|parent_0192_child_8|parent_0192_child_9|parent_0192_child_4|parent_0192_child_3|parent_0192_child_1,0,0,0.0,1,0,0.2,1,0,0.6,1,0,0.9,1,1,1.0
nomic-raw-baseline,Q149,test_suite,6,2,30.74,parent_0050_child_1,0.823487,0.765568,parent_0050_child_1|parent_0193_child_1|parent_0193_child_3|parent_0193_child_2|parent_0193_child_5,parent_0193_child_1|parent_0193_child_3|parent_0193_child_2|parent_0193_child_5|parent_0193_child_4|parent_0193_child_6,0,0,0.0,1,0,0.666667,1,1,1.0,1,1,1.0,1,1,1.0
nomic-raw-baseline,Q150,test_suite,6,2,32.18,parent_0050_child_1,0.822171,0.813603,parent_0050_child_1|parent_0193_child_3|parent_0193_child_1|parent_0193_child_2|parent_0193_child_4,parent_0193_child_3|parent_0193_child_1|parent_0193_child_2|parent_0193_child_4|parent_0193_child_5|parent_0193_child_6,0,0,0.0,1,0,0.666667,1,1,1.0,1,1,1.0,1,1,1.0
nomic-raw-baseline,Q151,test_suite,5,1,33.29,parent_0159_child_1,0.769424,0.769424,parent_0159_child_1|parent_0160_child_2|parent_0159_child_4|parent_0159_child_3|parent_0042_child_1,parent_0159_child_1|parent_0159_child_4|parent_0159_child_3|parent_0159_child_2,1,0,0.2,1,0,0.6,1,0,0.8,1,0,0.8,1,1,1.0
nomic-raw-baseline,Q152,test_suite,5,1,32.22,parent_0159_child_3,0.762909,0.762909,parent_0159_child_3|parent_0159_child_4|parent_0042_child_1|parent_0159_child_1|parent_0126_child_3,parent_0159_child_3|parent_0159_child_4|parent_0159_child_1|parent_0159_child_2|parent_0159_child_5,1,0,0.2,1,0,0.6,1,1,1.0,1,1,1.0,1,1,1.0
nomic-raw-baseline,Q153,test_suite,5,3,36.05,parent_0160_child_1,0.758195,0.745374,parent_0160_child_1|parent_0195_child_3|parent_0159_child_4|parent_0159_child_2|parent_0042_child_1,parent_0159_child_4|parent_0159_child_2|parent_0159_child_1|parent_0159_child_3,0,0,0.0,1,0,0.4,1,0,0.8,1,0,0.8,1,1,1.0
nomic-raw-baseline,Q154,test_suite,6,1,28.63,parent_0160_child_1,0.825199,0.825199,parent_0160_child_1|parent_0215_child_1|parent_0214_child_3|parent_0215_child_2|parent_0214_child_1,parent_0160_child_1,1,0,0.166667,1,0,0.166667,1,0,0.166667,1,0,0.166667,1,0,0.5
nomic-raw-baseline,Q155,test_suite,6,1,32.02,parent_0160_child_2,0.745912,0.745912,parent_0160_child_2|parent_0160_child_1|parent_0160_child_4|parent_0195_child_3|parent_0159_child_3,parent_0160_child_2|parent_0160_child_1|parent_0160_child_4,1,0,0.166667,1,0,0.5,1,0,0.5,1,0,0.666667,1,0,0.833333
nomic-raw-baseline,Q156,test_suite,6,1,31.66,parent_0160_child_1,0.733405,0.733405,parent_0160_child_1|parent_0159_child_4|parent_0195_child_3|parent_0160_child_4|parent_0042_child_1,parent_0160_child_1|parent_0160_child_4,1,0,0.166667,1,0,0.333333,1,0,0.333333,1,0,0.5,1,0,0.833333
nomic-raw-baseline,Q157,test_suite,6,1,37.22,parent_0160_child_2,0.784447,0.784447,parent_0160_child_2|parent_0159_child_4|parent_0042_child_1|parent_0160_child_1|parent_0159_child_3,parent_0160_child_2|parent_0160_child_1|parent_0160_child_4,1,0,0.166667,1,0,0.333333,1,0,0.5,1,0,0.666667,1,0,0.833333
nomic-raw-baseline,Q158,test_suite,5,1,30.52,parent_0159_child_4,0.705408,0.705408,parent_0159_child_4|parent_0159_child_3|parent_0134_child_1|parent_0160_child_1|parent_0161_child_4,parent_0159_child_4|parent_0159_child_3,1,0,0.2,1,0,0.4,1,0,0.4,1,0,0.4,1,1,1.0
nomic-raw-baseline,Q159,test_suite,6,1,29.29,parent_0161_child_1,0.749181,0.749181,parent_0161_child_1|parent_0160_child_2|parent_0070_child_1|parent_0160_child_5|parent_0147_child_2,parent_0161_child_1|parent_0161_child_4,1,0,0.166667,1,0,0.166667,1,0,0.333333,1,0,0.5,1,0,0.833333
nomic-raw-baseline,Q160,test_suite,6,1,31.48,parent_0161_child_1,0.747115,0.747115,parent_0161_child_1|parent_0161_child_4|parent_0159_child_3|parent_0070_child_1|parent_0147_child_2,parent_0161_child_1|parent_0161_child_4,1,0,0.166667,1,0,0.333333,1,0,0.333333,1,0,0.666667,1,0,0.833333
nomic-raw-baseline,Q161,test_suite,6,1,33.37,parent_0161_child_4,0.83685,0.83685,parent_0161_child_4|parent_0161_child_1|parent_0042_child_1|parent_0159_child_3|parent_0098_child_2,parent_0161_child_4|parent_0161_child_1,1,0,0.166667,1,0,0.333333,1,0,0.333333,1,0,0.666667,1,0,0.833333
nomic-raw-baseline,Q162,test_suite,6,1,37.12,parent_0161_child_4,0.784867,0.784867,parent_0161_child_4|parent_0161_child_5|parent_0161_child_1|parent_0159_child_3|parent_0042_child_1,parent_0161_child_4|parent_0161_child_5|parent_0161_child_1|parent_0161_child_3,1,0,0.166667,1,0,0.5,1,0,0.666667,1,0,0.666667,1,0,0.833333
nomic-raw-baseline,Q163,test_suite,1,1,34.79,parent_0162_child_1,0.850273,0.850273,parent_0162_child_1|parent_0163_child_1|parent_0161_child_6|parent_0176_child_3|parent_0043_child_1,parent_0162_child_1,1,1,1.0,1,1,1.0,1,1,1.0,1,1,1.0,1,1,1.0
nomic-raw-baseline,Q164,test_suite,1,1,31.59,parent_0163_child_1,0.80994,0.80994,parent_0163_child_1|parent_0157_child_8|parent_0159_child_3|parent_0222_child_3|parent_0126_child_3,parent_0163_child_1,1,1,1.0,1,1,1.0,1,1,1.0,1,1,1.0,1,1,1.0
nomic-raw-baseline,Q165,test_suite,1,3,120.39,parent_0057_child_1,0.798039,0.786365,parent_0057_child_1|parent_0215_child_1|parent_0209_child_1|parent_0214_child_3|parent_0210_child_1,parent_0209_child_1,0,0,0.0,1,1,1.0,1,1,1.0,1,1,1.0,1,1,1.0
nomic-raw-baseline,Q166,test_suite,4,16,33.45,parent_0057_child_1,0.783614,0.715802,parent_0057_child_1|parent_0215_child_2|parent_0214_child_3|parent_0215_child_4|parent_0215_child_1,,0,0,0.0,0,0,0.0,0,0,0.0,1,0,0.25,1,1,1.0
nomic-raw-baseline,Q167,test_suite,4,3,33.67,parent_0215_child_1,0.737076,0.729689,parent_0215_child_1|parent_0214_child_3|parent_0211_child_4|parent_0057_child_1|parent_0138_child_1,parent_0211_child_4,0,0,0.0,1,0,0.25,1,0,0.25,1,0,0.5,1,1,1.0
nomic-raw-baseline,Q168,test_suite,8,1,32.83,parent_0215_child_2,0.836967,0.836967,parent_0215_child_2|parent_0215_child_4|parent_0057_child_1|parent_0215_child_1|parent_0215_child_5,parent_0215_child_2|parent_0215_child_4|parent_0215_child_1|parent_0215_child_5|parent_0215_child_3|parent_0215_child_6,1,0,0.125,1,0,0.5,1,0,0.75,1,0,0.875,1,1,1.0
nomic-raw-baseline,Q169,test_suite,8,1,28.88,parent_0215_child_4,0.804372,0.804372,parent_0215_child_4|parent_0215_child_2|parent_0090_child_1|parent_0215_child_5|parent_0057_child_1,parent_0215_child_4|parent_0215_child_2|parent_0215_child_5|parent_0215_child_1|parent_0215_child_3,1,0,0.125,1,0,0.375,1,0,0.625,1,0,0.875,1,1,1.0
nomic-raw-baseline,Q170,test_suite,8,1,27.27,parent_0215_child_8,0.784019,0.784019,parent_0215_child_8|parent_0057_child_1|parent_0216_child_3|parent_0215_child_1|parent_0214_child_3,parent_0215_child_8|parent_0215_child_1|parent_0215_child_3,1,0,0.125,1,0,0.25,1,0,0.375,1,0,0.75,1,1,1.0
nomic-raw-baseline,Q171,test_suite,4,1,26.66,parent_0183_child_1,0.732394,0.732394,parent_0183_child_1|parent_0047_child_1|parent_0183_child_4|parent_0078_child_1|parent_0183_child_3,parent_0183_child_1|parent_0183_child_4|parent_0183_child_3,1,0,0.25,1,0,0.75,1,0,0.75,1,0,0.75,1,1,1.0
nomic-raw-baseline,Q172,test_suite,4,1,28.7,parent_0183_child_1,0.72996,0.72996,parent_0183_child_1|parent_0183_child_4|parent_0047_child_1|parent_0183_child_3|parent_0221_child_1,parent_0183_child_1|parent_0183_child_4|parent_0183_child_3|parent_0183_child_2,1,0,0.25,1,0,0.75,1,1,1.0,1,1,1.0,1,1,1.0
nomic-raw-baseline,Q173,test_suite,4,2,30.58,parent_0047_child_1,0.749452,0.742043,parent_0047_child_1|parent_0183_child_4|parent_0183_child_1|parent_0183_child_3|parent_0159_child_3,parent_0183_child_4|parent_0183_child_1|parent_0183_child_3,0,0,0.0,1,0,0.75,1,0,0.75,1,1,1.0,1,1,1.0
nomic-raw-baseline,Q174,test_suite,4,2,25.22,parent_0047_child_1,0.723017,0.711282,parent_0047_child_1|parent_0183_child_4|parent_0183_child_1|parent_0183_child_3|parent_0183_child_2,parent_0183_child_4|parent_0183_child_1|parent_0183_child_3|parent_0183_child_2,0,0,0.0,1,1,1.0,1,1,1.0,1,1,1.0,1,1,1.0
nomic-raw-baseline,Q175,test_suite,4,2,29.55,parent_0012_child_1,0.70255,0.687626,parent_0012_child_1|parent_0183_child_3|parent_0175_child_2|parent_0221_child_1|parent_0047_child_1,parent_0183_child_3,0,0,0.0,1,0,0.25,1,0,0.25,1,0,0.75,1,1,1.0
nomic-raw-baseline,Q176,test_suite,5,1,29.09,parent_0182_child_5,0.782873,0.782873,parent_0182_child_5|parent_0046_child_1|parent_0087_child_2|parent_0086_child_1|parent_0088_child_1,parent_0182_child_5,1,0,0.2,1,0,0.2,1,0,0.2,1,0,0.6,1,1,1.0
nomic-raw-baseline,Q178,test_suite,5,5,23.37,parent_0183_child_4,0.698184,0.657648,parent_0183_child_4|parent_0047_child_1|parent_0159_child_3|parent_0183_child_1|parent_0182_child_2,parent_0182_child_2,0,0,0.0,1,0,0.2,1,0,0.2,1,0,0.2,1,0,0.6
nomic-raw-baseline,Q179,test_suite,5,1,24.34,parent_0182_child_3,0.718075,0.718075,parent_0182_child_3|parent_0046_child_1|parent_0164_child_1|parent_0168_child_4|parent_0167_child_1,parent_0182_child_3|parent_0182_child_5,1,0,0.2,1,0,0.2,1,0,0.4,1,0,0.4,1,1,1.0
nomic-raw-baseline,Q180,test_suite,5,1,27.72,parent_0182_child_3,0.730374,0.730374,parent_0182_child_3|parent_0188_child_1|parent_0182_child_5|parent_0234_child_2|parent_0180_child_1,parent_0182_child_3|parent_0182_child_5,1,0,0.2,1,0,0.4,1,0,0.4,1,0,0.4,1,0,0.6
nomic-raw-baseline,Q181,test_suite,3,2,25.61,parent_0053_child_1,0.839174,0.801446,parent_0053_child_1|parent_0203_child_1|parent_0204_child_1|parent_0203_child_3|parent_0054_child_1,parent_0203_child_1|parent_0203_child_3|parent_0203_child_2,0,0,0.0,1,0,0.666667,1,1,1.0,1,1,1.0,1,1,1.0
nomic-raw-baseline,Q182,test_suite,3,4,26.09,parent_0053_child_1,0.799234,0.682269,parent_0053_child_1|parent_0056_child_1|parent_0204_child_1|parent_0203_child_3|parent_0207_child_1,parent_0203_child_3|parent_0203_child_1,0,0,0.0,1,0,0.333333,1,0,0.666667,1,1,1.0,1,1,1.0
nomic-raw-baseline,Q183,test_suite,1,1,30.24,parent_0204_child_1,0.802013,0.802013,parent_0204_child_1|parent_0054_child_1|parent_0053_child_1|parent_0205_child_1|parent_0203_child_1,parent_0204_child_1,1,1,1.0,1,1,1.0,1,1,1.0,1,1,1.0,1,1,1.0
nomic-raw-baseline,Q184,test_suite,2,2,35.4,parent_0055_child_1,0.875563,0.867137,parent_0055_child_1|parent_0206_child_1|parent_0206_child_2|parent_0205_child_1|parent_0139_child_5,parent_0206_child_1|parent_0206_child_2,0,0,0.0,1,1,1.0,1,1,1.0,1,1,1.0,1,1,1.0
nomic-raw-baseline,Q185,test_suite,1,2,29.39,parent_0056_child_1,0.742737,0.731183,parent_0056_child_1|parent_0208_child_1|parent_0207_child_1|parent_0199_child_2|parent_0198_child_4,parent_0208_child_1,0,0,0.0,1,1,1.0,1,1,1.0,1,1,1.0,1,1,1.0
nomic-raw-baseline,Q186,test_suite,1,1,31.68,parent_0071_child_1,0.746668,0.746668,parent_0071_child_1|parent_0005_child_1|parent_0072_child_3|parent_0072_child_2|parent_0072_child_1,parent_0071_child_1,1,1,1.0,1,1,1.0,1,1,1.0,1,1,1.0,1,1,1.0
nomic-raw-baseline,Q188,test_suite,3,1,32.69,parent_0072_child_2,0.728312,0.728312,parent_0072_child_2|parent_0072_child_3|parent_0005_child_1|parent_0072_child_1|parent_0071_child_1,parent_0072_child_2|parent_0072_child_3|parent_0072_child_1,1,0,0.333333,1,1,1.0,1,1,1.0,1,1,1.0,1,1,1.0
nomic-raw-baseline,Q189,test_suite,3,1,29.32,parent_0072_child_3,0.868286,0.868286,parent_0072_child_3|parent_0005_child_1|parent_0107_child_1|parent_0195_child_3|parent_0116_child_6,parent_0072_child_3|parent_0072_child_2,1,0,0.333333,1,0,0.333333,1,0,0.666667,1,1,1.0,1,1,1.0
nomic-raw-baseline,Q190,test_suite,4,2,28.11,parent_0146_child_7,0.783689,0.780528,parent_0146_child_7|parent_0145_child_1|parent_0146_child_6|parent_0147_child_1|parent_0147_child_2,parent_0145_child_1,0,0,0.0,1,0,0.25,1,0,0.25,1,0,0.5,1,1,1.0
nomic-raw-baseline,Q191,test_suite,1,10,33.51,parent_0146_child_1,0.784996,0.748981,parent_0146_child_1|parent_0145_child_2|parent_0151_child_15|parent_0147_child_1|parent_0146_child_3,parent_0036_child_1,0,0,0.0,0,0,0.0,1,1,1.0,1,1,1.0,1,1,1.0
nomic-raw-baseline,Q192,test_suite,2,1,29.21,parent_0147_child_2,0.751746,0.751746,parent_0147_child_2|parent_0147_child_1|parent_0137_child_5|parent_0115_child_1|parent_0151_child_14,parent_0147_child_2|parent_0147_child_1,1,0,0.5,1,1,1.0,1,1,1.0,1,1,1.0,1,1,1.0
nomic-raw-baseline,Q193,test_suite,3,1,30.53,parent_0149_child_2,0.816328,0.816328,parent_0149_child_2|parent_0149_child_3|parent_0142_child_5|parent_0117_child_7|parent_0142_child_6,parent_0149_child_2|parent_0149_child_3,1,0,0.333333,1,0,0.666667,1,0,0.666667,1,0,0.666667,1,1,1.0
nomic-raw-baseline,Q194,test_suite,17,2,25.62,parent_0037_child_1,0.764148,0.738875,parent_0037_child_1|parent_0150_child_2|parent_0150_child_17|parent_0150_child_1|parent_0197_child_7,parent_0150_child_2|parent_0150_child_17|parent_0150_child_1|parent_0150_child_5,0,0,0.0,1,0,0.176471,1,0,0.235294,1,0,0.294118,1,0,0.588235
nomic-raw-baseline,Q195,test_suite,17,1,27.27,parent_0150_child_17,0.778704,0.778704,parent_0150_child_17|parent_0037_child_1|parent_0150_child_7|parent_0151_child_8|parent_0150_child_8,parent_0150_child_17|parent_0150_child_7|parent_0150_child_8|parent_0150_child_2|parent_0150_child_10|parent_0150_child_5,1,0,0.058824,1,0,0.176471,1,0,0.352941,1,0,0.647059,1,1,1.0
nomic-raw-baseline,Q196,test_suite,17,1,26.87,parent_0150_child_10,0.790335,0.790335,parent_0150_child_10|parent_0150_child_9|parent_0022_child_1|parent_0037_child_1|parent_0106_child_11,parent_0150_child_10|parent_0150_child_9|parent_0150_child_17|parent_0150_child_7|parent_0150_child_5|parent_0150_child_2,1,0,0.058824,1,0,0.117647,1,0,0.352941,1,0,0.411765,1,1,1.0
nomic-raw-baseline,Q197,test_suite,17,1,28.5,parent_0150_child_10,0.806297,0.806297,parent_0150_child_10|parent_0150_child_2|parent_0150_child_17|parent_0037_child_1|parent_0150_child_1,parent_0150_child_10|parent_0150_child_2|parent_0150_child_17|parent_0150_child_1|parent_0150_child_7|parent_0150_child_13|parent_0150_child_5|parent_0150_child_4|parent_0150_child_11,1,0,0.058824,1,0,0.235294,1,0,0.529412,1,0,0.823529,1,1,1.0
nomic-raw-baseline,Q198,test_suite,17,5,26.98,parent_0151_child_12,0.790587,0.720303,parent_0151_child_12|parent_0037_child_1|parent_0164_child_1|parent_0172_child_3|parent_0150_child_2,parent_0150_child_2|parent_0150_child_17|parent_0150_child_11|parent_0150_child_12|parent_0150_child_13,0,0,0.0,1,0,0.058824,1,0,0.294118,1,0,0.529412,1,0,0.882353
nomic-raw-baseline,Q199,test_suite,17,1,32.63,parent_0150_child_17,0.808485,0.808485,parent_0150_child_17|parent_0150_child_10|parent_0195_child_4|parent_0037_child_1|parent_0150_child_2,parent_0150_child_17|parent_0150_child_10|parent_0150_child_2|parent_0150_child_13|parent_0150_child_8|parent_0150_child_14|parent_0150_child_7,1,0,0.058824,1,0,0.176471,1,0,0.411765,1,0,0.588235,1,1,1.0
nomic-raw-baseline,Q200,test_suite,19,1,30.17,parent_0151_child_8,0.833317,0.833317,parent_0151_child_8|parent_0153_child_1|parent_0151_child_14|parent_0151_child_9|parent_0039_child_1,parent_0151_child_8|parent_0151_child_14|parent_0151_child_9|parent_0151_child_1|parent_0151_child_12,1,0,0.052632,1,0,0.157895,1,0,0.263158,1,0,0.368421,1,0,0.894737
nomic-raw-baseline,Q001_v2,test_suite,2,1,111.64,parent_0069_child_1,0.792376,0.792376,parent_0069_child_1|parent_0004_child_1|parent_0240_child_1|parent_0197_child_1|parent_0070_child_1,parent_0069_child_1|parent_0070_child_1,1,0,0.5,1,1,1.0,1,1,1.0,1,1,1.0,1,1,1.0
nomic-raw-baseline,Q003_v2,test_suite,1,5,37.65,parent_0218_child_11,0.75503,0.733037,parent_0218_child_11|parent_0219_child_1|parent_0176_child_4|parent_0126_child_2|parent_0070_child_1,parent_0070_child_1,0,0,0.0,1,1,1.0,1,1,1.0,1,1,1.0,1,1,1.0
nomic-raw-baseline,Q004_v2,test_suite,1,24,34.73,parent_0301_child_1,0.859988,0.746322,parent_0301_child_1|parent_0315_child_1|parent_0330_child_7|parent_0330_child_5|parent_0330_child_16,,0,0,0.0,0,0,0.0,0,0,0.0,0,0,0.0,1,1,1.0
nomic-raw-baseline,Q006_v2,test_suite,1,2,35.29,parent_0070_child_1,0.766048,0.744187,parent_0070_child_1|parent_0069_child_1|parent_0004_child_1|parent_0146_child_1|parent_0146_child_5,parent_0069_child_1,0,0,0.0,1,1,1.0,1,1,1.0,1,1,1.0,1,1,1.0
nomic-raw-baseline,Q007_v2,test_suite,1,424,30.47,parent_0134_child_10,0.68901,0.55756,parent_0134_child_10|parent_0127_child_1|parent_0122_child_4|parent_0134_child_7|parent_0127_child_2,,0,0,0.0,0,0,0.0,0,0,0.0,0,0,0.0,0,0,0.0
nomic-raw-baseline,Q008_v2,test_suite,1,1,39.99,parent_0070_child_1,0.73135,0.73135,parent_0070_child_1|parent_0195_child_3|parent_0126_child_8|parent_0126_child_3|parent_0126_child_2,parent_0070_child_1,1,1,1.0,1,1,1.0,1,1,1.0,1,1,1.0,1,1,1.0
nomic-raw-baseline,Q009_v2,test_suite,1,479,33.6,parent_0160_child_5,0.705662,0.555408,parent_0160_child_5|parent_0122_child_5|parent_0137_child_5|parent_0134_child_9|parent_0134_child_10,,0,0,0.0,0,0,0.0,0,0,0.0,0,0,0.0,0,0,0.0
nomic-raw-baseline,Q010_v2,test_suite,1,4,35.85,parent_0281_child_4,0.737702,0.723184,parent_0281_child_4|parent_0147_child_1|parent_0146_child_1|parent_0070_child_1|parent_0218_child_7,parent_0070_child_1,0,0,0.0,1,1,1.0,1,1,1.0,1,1,1.0,1,1,1.0
nomic-raw-baseline,Q011_v2,test_suite,1,2,37.75,parent_0072_child_2,0.777897,0.772359,parent_0072_child_2|parent_0071_child_1|parent_0005_child_1|parent_0240_child_1|parent_0126_child_10,parent_0071_child_1,0,0,0.0,1,1,1.0,1,1,1.0,1,1,1.0,1,1,1.0
nomic-raw-baseline,Q013_v2,test_suite,3,1,31.06,parent_0072_child_2,0.763678,0.763678,parent_0072_child_2|parent_0005_child_1|parent_0126_child_10|parent_0071_child_1|parent_0072_child_1,parent_0072_child_2|parent_0072_child_1,1,0,0.333333,1,0,0.666667,1,0,0.666667,1,1,1.0,1,1,1.0
nomic-raw-baseline,Q014_v2,test_suite,3,1,29.71,parent_0072_child_3,0.771974,0.771974,parent_0072_child_3|parent_0005_child_1|parent_0107_child_1|parent_0072_child_2|parent_0197_child_6,parent_0072_child_3|parent_0072_child_2,1,0,0.333333,1,0,0.666667,1,0,0.666667,1,0,0.666667,1,1,1.0
nomic-raw-baseline,Q015_v2,test_suite,3,1,34.64,parent_0072_child_3,0.798616,0.798616,parent_0072_child_3|parent_0116_child_6|parent_0107_child_1|parent_0195_child_3|parent_0089_child_2,parent_0072_child_3,1,0,0.333333,1,0,0.333333,1,0,0.333333,1,0,0.333333,1,0,0.666667
nomic-raw-baseline,Q017_v2,test_suite,3,1,31.2,parent_0072_child_2,0.813034,0.813034,parent_0072_child_2|parent_0005_child_1|parent_0071_child_1|parent_0072_child_1|parent_0077_child_1,parent_0072_child_2|parent_0072_child_1|parent_0072_child_3,1,0,0.333333,1,0,0.666667,1,1,1.0,1,1,1.0,1,1,1.0
nomic-raw-baseline,Q018_v2,test_suite,3,1,34.9,parent_0072_child_2,0.757062,0.757062,parent_0072_child_2|parent_0005_child_1|parent_0072_child_1|parent_0071_child_1|parent_0269_child_2,parent_0072_child_2|parent_0072_child_1|parent_0072_child_3,1,0,0.333333,1,0,0.666667,1,1,1.0,1,1,1.0,1,1,1.0
nomic-raw-baseline,Q019_v2,test_suite,1,3,33.62,parent_0072_child_1,0.744036,0.66799,parent_0072_child_1|parent_0005_child_1|parent_0071_child_1|parent_0072_child_2|parent_0330_child_19,parent_0071_child_1,0,0,0.0,1,1,1.0,1,1,1.0,1,1,1.0,1,1,1.0
nomic-raw-baseline,Q020_v2,test_suite,3,1,32.66,parent_0072_child_3,0.762019,0.762019,parent_0072_child_3|parent_0005_child_1|parent_0195_child_3|parent_0071_child_1|parent_0103_child_7,parent_0072_child_3|parent_0072_child_2,1,0,0.333333,1,0,0.333333,1,0,0.666667,1,1,1.0,1,1,1.0
nomic-raw-baseline,Q021_v2,test_suite,1,2,38.97,parent_0121_child_1,0.691525,0.67039,parent_0121_child_1|parent_0073_child_1|parent_0014_child_1|parent_0091_child_1|parent_0184_child_1,parent_0073_child_1,0,0,0.0,1,1,1.0,1,1,1.0,1,1,1.0,1,1,1.0
nomic-raw-baseline,Q022_v2,test_suite,1,3,39.16,parent_0006_child_1,0.782887,0.724813,parent_0006_child_1|parent_0088_child_2|parent_0073_child_1|parent_0087_child_1|parent_0013_child_1,parent_0073_child_1,0,0,0.0,1,1,1.0,1,1,1.0,1,1,1.0,1,1,1.0
nomic-raw-baseline,Q023_v2,test_suite,1,14,36.03,parent_0089_child_2,0.676905,0.637648,parent_0089_child_2|parent_0088_child_2|parent_0137_child_5|parent_0220_child_1|parent_0013_child_1,,0,0,0.0,0,0,0.0,0,0,0.0,1,1,1.0,1,1,1.0
nomic-raw-baseline,Q024_v2,test_suite,1,73,38.42,parent_0176_child_4,0.725874,0.634899,parent_0176_child_4|parent_0184_child_1|parent_0121_child_1|parent_0126_child_2|parent_0091_child_1,,0,0,0.0,0,0,0.0,0,0,0.0,0,0,0.0,1,1,1.0
nomic-raw-baseline,Q025_v2,test_suite,1,25,48.56,parent_0176_child_4,0.712485,0.650414,parent_0176_child_4|parent_0193_child_6|parent_0137_child_1|parent_0055_child_1|parent_0233_child_1,,0,0,0.0,0,0,0.0,0,0,0.0,0,0,0.0,1,1,1.0
nomic-raw-baseline,Q026_v2,test_suite,1,12,37.44,parent_0220_child_1,0.696361,0.658962,parent_0220_child_1|parent_0089_child_2|parent_0088_child_2|parent_0089_child_1|parent_0088_child_3,,0,0,0.0,0,0,0.0,0,0,0.0,1,1,1.0,1,1,1.0
nomic-raw-baseline,Q027_v2,test_suite,1,8,39.97,parent_0088_child_2,0.741341,0.706658,parent_0088_child_2|parent_0088_child_3|parent_0176_child_4|parent_0117_child_12|parent_0220_child_1,parent_0073_child_1,0,0,0.0,0,0,0.0,1,1,1.0,1,1,1.0,1,1,1.0
nomic-raw-baseline,Q028_v2,test_suite,1,6,31.53,parent_0077_child_1,0.745261,0.698834,parent_0077_child_1|parent_0269_child_2|parent_0078_child_2|parent_0078_child_1|parent_0090_child_1,parent_0073_child_1,0,0,0.0,0,0,0.0,1,1,1.0,1,1,1.0,1,1,1.0
nomic-raw-baseline,Q029_v2,test_suite,1,20,31.27,parent_0089_child_1,0.708403,0.626318,parent_0089_child_1|parent_0013_child_1|parent_0080_child_1|parent_0081_child_1|parent_0270_child_5,,0,0,0.0,0,0,0.0,0,0,0.0,1,1,1.0,1,1,1.0
nomic-raw-baseline,Q030_v2,test_suite,1,443,34.78,parent_0217_child_5,0.65471,0.512549,parent_0217_child_5|parent_0193_child_6|parent_0151_child_12|parent_0151_child_13|parent_0154_child_2,,0,0,0.0,0,0,0.0,0,0,0.0,0,0,0.0,0,0,0.0
nomic-raw-baseline,Q031_v2,test_suite,1,1,39.21,parent_0074_child_1,0.779336,0.779336,parent_0074_child_1|parent_0269_child_2|parent_0218_child_5|parent_0269_child_3|parent_0077_child_1,parent_0074_child_1,1,1,1.0,1,1,1.0,1,1,1.0,1,1,1.0,1,1,1.0
nomic-raw-baseline,Q032_v2,test_suite,1,1,37.97,parent_0074_child_1,0.716198,0.716198,parent_0074_child_1|parent_0076_child_2|parent_0075_child_2|parent_0142_child_9|parent_0075_child_1,parent_0074_child_1,1,1,1.0,1,1,1.0,1,1,1.0,1,1,1.0,1,1,1.0
nomic-raw-baseline,Q033_v2,test_suite,1,8,99.43,parent_0202_child_1,0.775333,0.695784,parent_0202_child_1|parent_0199_child_4|parent_0199_child_2|parent_0075_child_3|parent_0075_child_2,parent_0074_child_1,0,0,0.0,0,0,0.0,1,1,1.0,1,1,1.0,1,1,1.0
nomic-raw-baseline,Q034_v2,test_suite,3,1,42.65,parent_0076_child_2,0.755458,0.755458,parent_0076_child_2|parent_0007_child_1|parent_0074_child_1|parent_0133_child_3|parent_0192_child_4,parent_0076_child_2,1,0,0.333333,1,0,0.333333,1,0,0.333333,1,0,0.333333,1,0,0.333333
nomic-raw-baseline,Q035_v2,test_suite,1,25,35.73,parent_0009_child_1,0.595353,0.542863,parent_0009_child_1|parent_0082_child_1|parent_0270_child_10|parent_0088_child_3|parent_0217_child_7,,0,0,0.0,0,0,0.0,0,0,0.0,0,0,0.0,1,1,1.0
nomic-raw-baseline,Q036_v2,test_suite,1,42,34.38,parent_0126_child_10,0.688498,0.63266,parent_0126_child_10|parent_0072_child_2|parent_0161_child_6|parent_0042_child_1|parent_0142_child_9,,0,0,0.0,0,0,0.0,0,0,0.0,0,0,0.0,1,1,1.0
nomic-raw-baseline,Q037_v2,test_suite,1,29,28.43,parent_0122_child_3,0.642479,0.601086,parent_0122_child_3|parent_0161_child_5|parent_0089_child_3|parent_0142_child_2|parent_0142_child_9,,0,0,0.0,0,0,0.0,0,0,0.0,0,0,0.0,1,1,1.0
nomic-raw-baseline,Q038_v2,test_suite,1,190,27.84,parent_0202_child_1,0.806318,0.586237,parent_0202_child_1|parent_0075_child_3|parent_0199_child_2|parent_0199_child_4|parent_0198_child_1,,0,0,0.0,0,0,0.0,0,0,0.0,0,0,0.0,0,0,0.0
nomic-raw-baseline,Q039_v2,test_suite,3,1,34.52,parent_0076_child_2,0.715026,0.715026,parent_0076_child_2|parent_0007_child_1|parent_0132_child_3|parent_0151_child_7|parent_0202_child_1,parent_0076_child_2|parent_0076_child_3,1,0,0.333333,1,0,0.333333,1,0,0.666667,1,0,0.666667,1,1,1.0
nomic-raw-baseline,Q040_v2,test_suite,4,1,29.01,parent_0076_child_2,0.702618,0.702618,parent_0076_child_2|parent_0074_child_1|parent_0139_child_2|parent_0139_child_6|parent_0005_child_1,parent_0076_child_2|parent_0074_child_1,1,0,0.25,1,0,0.5,1,0,0.5,1,0,0.5,1,1,1.0
nomic-raw-baseline,Q041_v2,test_suite,1,69,27.21,parent_0202_child_1,0.729746,0.563007,parent_0202_child_1|parent_0075_child_3|parent_0199_child_2|parent_0199_child_4|parent_0199_child_3,,0,0,0.0,0,0,0.0,0,0,0.0,0,0,0.0,1,1,1.0
nomic-raw-baseline,Q042_v2,test_suite,1,2,30.44,parent_0007_child_1,0.67597,0.667274,parent_0007_child_1|parent_0077_child_1|parent_0081_child_1|parent_0090_child_1|parent_0176_child_4,parent_0077_child_1,0,0,0.0,1,1,1.0,1,1,1.0,1,1,1.0,1,1,1.0
nomic-raw-baseline,Q043_v2,test_suite,1,1,37.23,parent_0074_child_1,0.69934,0.69934,parent_0074_child_1|parent_0007_child_1|parent_0076_child_2|parent_0078_child_2|parent_0072_child_2,parent_0074_child_1,1,1,1.0,1,1,1.0,1,1,1.0,1,1,1.0,1,1,1.0
nomic-raw-baseline,Q044_v2,test_suite,1,1,28.34,parent_0074_child_1,0.634896,0.634896,parent_0074_child_1|parent_0193_child_6|parent_0007_child_1|parent_0199_child_5|parent_0199_child_1,parent_0074_child_1,1,1,1.0,1,1,1.0,1,1,1.0,1,1,1.0,1,1,1.0
nomic-raw-baseline,Q045_v2,test_suite,1,1,38.82,parent_0074_child_1,0.62449,0.62449,parent_0074_child_1|parent_0134_child_6|parent_0171_child_4|parent_0271_child_4|parent_0166_child_1,parent_0074_child_1,1,1,1.0,1,1,1.0,1,1,1.0,1,1,1.0,1,1,1.0
nomic-raw-baseline,Q046_v2,test_suite,2,1,36.55,parent_0078_child_1,0.696435,0.696435,parent_0078_child_1|parent_0008_child_1|parent_0133_child_1|parent_0127_child_3|parent_0010_child_1,parent_0078_child_1,1,0,0.5,1,0,0.5,1,0,0.5,1,1,1.0,1,1,1.0
nomic-raw-baseline,Q047_v2,test_suite,2,1,37.58,parent_0078_child_2,0.705241,0.705241,parent_0078_child_2|parent_0078_child_1|parent_0133_child_1|parent_0122_child_5|parent_0089_child_2,parent_0078_child_2|parent_0078_child_1,1,0,0.5,1,1,1.0,1,1,1.0,1,1,1.0,1,1,1.0
nomic-raw-baseline,Q048_v2,test_suite,2,1,42.69,parent_0079_child_1,0.675485,0.675485,parent_0079_child_1|parent_0080_child_1|parent_0081_child_1|parent_0092_child_1|parent_0270_child_10,parent_0079_child_1|parent_0079_child_2,1,0,0.5,1,0,0.5,1,1,1.0,1,1,1.0,1,1,1.0
nomic-raw-baseline,Q049_v2,test_suite,2,10,32.39,parent_0217_child_3,0.616535,0.585928,parent_0217_child_3|parent_0185_child_2|parent_0141_child_5|parent_0234_child_1|parent_0116_child_12,parent_0079_child_1,0,0,0.0,0,0,0.0,1,0,0.5,1,0,0.5,1,1,1.0
nomic-raw-baseline,Q050_v2,test_suite,2,1,38.19,parent_0079_child_1,0.713266,0.713266,parent_0079_child_1|parent_0081_child_1|parent_0080_child_1|parent_0079_child_2|parent_0090_child_1,parent_0079_child_1|parent_0079_child_2,1,0,0.5,1,1,1.0,1,1,1.0,1,1,1.0,1,1,1.0
nomic-raw-baseline,Q051_v2,test_suite,2,3,35.91,parent_0075_child_3,0.677375,0.658595,parent_0075_child_3|parent_0092_child_1|parent_0079_child_2|parent_0202_child_1|parent_0093_child_1,parent_0079_child_2,0,0,0.0,1,0,0.5,1,0,0.5,1,0,0.5,1,1,1.0
nomic-raw-baseline,Q052_v2,test_suite,2,3,40.53,parent_0081_child_1,0.758263,0.756667,parent_0081_child_1|parent_0080_child_1|parent_0079_child_2|parent_0089_child_3|parent_0008_child_1,parent_0079_child_2|parent_0079_child_1,0,0,0.0,1,0,0.5,1,1,1.0,1,1,1.0,1,1,1.0
nomic-raw-baseline,Q053_v2,test_suite,2,73,34.85,parent_0080_child_1,0.67752,0.551267,parent_0080_child_1|parent_0081_child_1|parent_0212_child_3|parent_0216_child_2|parent_0105_child_2,,0,0,0.0,0,0,0.0,0,0,0.0,0,0,0.0,1,0,0.5
nomic-raw-baseline,Q054_v2,test_suite,2,5,32.72,parent_0080_child_1,0.718435,0.625845,parent_0080_child_1|parent_0081_child_1|parent_0291_child_1|parent_0234_child_1|parent_0079_child_2,parent_0079_child_2,0,0,0.0,1,0,0.5,1,0,0.5,1,0,0.5,1,1,1.0
nomic-raw-baseline,Q055_v2,test_suite,2,1,30.53,parent_0078_child_1,0.687051,0.687051,parent_0078_child_1|parent_0146_child_2|parent_0078_child_2|parent_0133_child_1|parent_0089_child_3,parent_0078_child_1|parent_0078_child_2,1,0,0.5,1,1,1.0,1,1,1.0,1,1,1.0,1,1,1.0
nomic-raw-baseline,Q056_v2,test_suite,2,6,31.73,parent_0009_child_1,0.704716,0.647283,parent_0009_child_1|parent_0082_child_1|parent_0047_child_1|parent_0183_child_1|parent_0183_child_2,parent_0078_child_1,0,0,0.0,0,0,0.0,1,0,0.5,1,1,1.0,1,1,1.0
nomic-raw-baseline,Q057_v2,test_suite,2,14,32.97,parent_0081_child_1,0.719495,0.618873,parent_0081_child_1|parent_0080_child_1|parent_0234_child_1|parent_0210_child_2|parent_0126_child_9,,0,0,0.0,0,0,0.0,0,0,0.0,1,0,0.5,1,1,1.0
nomic-raw-baseline,Q058_v2,test_suite,2,7,32.82,parent_0089_child_1,0.669691,0.632356,parent_0089_child_1|parent_0008_child_1|parent_0013_child_1|parent_0078_child_1|parent_0074_child_1,parent_0079_child_2|parent_0079_child_1,0,0,0.0,0,0,0.0,1,1,1.0,1,1,1.0,1,1,1.0
nomic-raw-baseline,Q059_v2,test_suite,2,15,34.92,parent_0270_child_10,0.644082,0.576052,parent_0270_child_10|parent_0291_child_1|parent_0233_child_3|parent_0217_child_3|parent_0223_child_2,,0,0,0.0,0,0,0.0,0,0,0.0,1,0,0.5,1,0,0.5
nomic-raw-baseline,Q060_v2,test_suite,2,44,29.94,parent_0184_child_1,0.665355,0.587892,parent_0184_child_1|parent_0186_child_2|parent_0192_child_2|parent_0192_child_5|parent_0184_child_3,,0,0,0.0,0,0,0.0,0,0,0.0,0,0,0.0,1,1,1.0
nomic-raw-baseline,Q061_v2,test_suite,2,172,32.87,parent_0081_child_1,0.62772,0.537701,parent_0081_child_1|parent_0227_child_1|parent_0234_child_1|parent_0274_child_10|parent_0080_child_1,,0,0,0.0,0,0,0.0,0,0,0.0,0,0,0.0,0,0,0.0
nomic-raw-baseline,Q062_v2,test_suite,2,2,34.52,parent_0157_child_4,0.694597,0.690007,parent_0157_child_4|parent_0078_child_1|parent_0157_child_8|parent_0154_child_2|parent_0157_child_5,parent_0078_child_1,0,0,0.0,1,0,0.5,1,0,0.5,1,0,0.5,1,1,1.0
nomic-raw-baseline,Q063_v2,test_suite,2,11,29.03,parent_0201_child_2,0.750602,0.727227,parent_0201_child_2|parent_0198_child_6|parent_0201_child_1|parent_0263_child_3|parent_0269_child_2,,0,0,0.0,0,0,0.0,0,0,0.0,1,0,0.5,1,1,1.0
nomic-raw-baseline,Q064_v2,test_suite,2,15,92.71,parent_0137_child_1,0.686808,0.635235,parent_0137_child_1|parent_0114_child_4|parent_0193_child_6|parent_0108_child_1|parent_0024_child_1,,0,0,0.0,0,0,0.0,0,0,0.0,1,0,0.5,1,1,1.0
nomic-raw-baseline,Q065_v2,test_suite,2,9,33.98,parent_0217_child_3,0.600044,0.564178,parent_0217_child_3|parent_0199_child_5|parent_0199_child_1|parent_0198_child_7|parent_0008_child_1,parent_0079_child_1,0,0,0.0,0,0,0.0,1,0,0.5,1,1,1.0,1,1,1.0
nomic-raw-baseline,Q066_v2,test_suite,1,1,31.27,parent_0082_child_1,0.767219,0.767219,parent_0082_child_1|parent_0009_child_1|parent_0081_child_1|parent_0079_child_1|parent_0076_child_2,parent_0082_child_1,1,1,1.0,1,1,1.0,1,1,1.0,1,1,1.0,1,1,1.0
nomic-raw-baseline,Q067_v2,test_suite,1,1,36.48,parent_0082_child_1,0.710048,0.710048,parent_0082_child_1|parent_0009_child_1|parent_0092_child_3|parent_0076_child_2|parent_0150_child_9,parent_0082_child_1,1,1,1.0,1,1,1.0,1,1,1.0,1,1,1.0,1,1,1.0
nomic-raw-baseline,Q068_v2,test_suite,1,1,36.36,parent_0082_child_1,0.67066,0.67066,parent_0082_child_1|parent_0184_child_1|parent_0192_child_5|parent_0184_child_2|parent_0192_child_2,parent_0082_child_1,1,1,1.0,1,1,1.0,1,1,1.0,1,1,1.0,1,1,1.0
nomic-raw-baseline,Q069_v2,test_suite,1,1,28.19,parent_0082_child_1,0.677085,0.677085,parent_0082_child_1|parent_0009_child_1|parent_0134_child_6|parent_0081_child_1|parent_0079_child_1,parent_0082_child_1,1,1,1.0,1,1,1.0,1,1,1.0,1,1,1.0,1,1,1.0
nomic-raw-baseline,Q070_v2,test_suite,1,1,29.91,parent_0082_child_1,0.690087,0.690087,parent_0082_child_1|parent_0009_child_1|parent_0192_child_4|parent_0092_child_3|parent_0076_child_2,parent_0082_child_1,1,1,1.0,1,1,1.0,1,1,1.0,1,1,1.0,1,1,1.0
nomic-raw-baseline,Q071_v2,test_suite,1,2,29.74,parent_0009_child_1,0.651468,0.651424,parent_0009_child_1|parent_0082_child_1|parent_0076_child_1|parent_0176_child_4|parent_0092_child_3,parent_0082_child_1,0,0,0.0,1,1,1.0,1,1,1.0,1,1,1.0,1,1,1.0
nomic-raw-baseline,Q072_v2,test_suite,1,1,30.96,parent_0082_child_1,0.654021,0.654021,parent_0082_child_1|parent_0009_child_1|parent_0076_child_1|parent_0176_child_4|parent_0106_child_13,parent_0082_child_1,1,1,1.0,1,1,1.0,1,1,1.0,1,1,1.0,1,1,1.0
nomic-raw-baseline,Q073_v2,test_suite,1,43,33.97,parent_0186_child_2,0.637944,0.58207,parent_0186_child_2|parent_0270_child_10|parent_0187_child_1|parent_0297_child_8|parent_0144_child_1,,0,0,0.0,0,0,0.0,0,0,0.0,0,0,0.0,1,1,1.0
nomic-raw-baseline,Q074_v2,test_suite,1,1,29.28,parent_0082_child_1,0.664672,0.664672,parent_0082_child_1|parent_0092_child_3|parent_0009_child_1|parent_0092_child_1|parent_0199_child_4,parent_0082_child_1,1,1,1.0,1,1,1.0,1,1,1.0,1,1,1.0,1,1,1.0
nomic-raw-baseline,Q075_v2,test_suite,1,3,34.84,parent_0092_child_3,0.637598,0.622131,parent_0092_child_3|parent_0009_child_1|parent_0082_child_1|parent_0192_child_4|parent_0092_child_1,parent_0082_child_1,0,0,0.0,1,1,1.0,1,1,1.0,1,1,1.0,1,1,1.0
nomic-raw-baseline,Q076_v2,test_suite,1,2,35.76,parent_0010_child_1,0.813089,0.799011,parent_0010_child_1|parent_0083_child_1|parent_0084_child_1|parent_0078_child_1|parent_0008_child_1,parent_0083_child_1,0,0,0.0,1,1,1.0,1,1,1.0,1,1,1.0,1,1,1.0
nomic-raw-baseline,Q077_v2,test_suite,1,2,32.14,parent_0084_child_1,0.716904,0.686714,parent_0084_child_1|parent_0083_child_1|parent_0010_child_1|parent_0127_child_3|parent_0150_child_10,parent_0083_child_1,0,0,0.0,1,1,1.0,1,1,1.0,1,1,1.0,1,1,1.0
nomic-raw-baseline,Q078_v2,test_suite,1,1,33.75,parent_0084_child_1,0.749957,0.749957,parent_0084_child_1|parent_0010_child_1|parent_0083_child_1|parent_0078_child_1|parent_0166_child_1,parent_0084_child_1,1,1,1.0,1,1,1.0,1,1,1.0,1,1,1.0,1,1,1.0
nomic-raw-baseline,Q079_v2,test_suite,1,1,30.18,parent_0084_child_1,0.637531,0.637531,parent_0084_child_1|parent_0198_child_3|parent_0271_child_2|parent_0207_child_1|parent_0075_child_3,parent_0084_child_1,1,1,1.0,1,1,1.0,1,1,1.0,1,1,1.0,1,1,1.0
nomic-raw-baseline,Q080_v2,test_suite,1,1,38.83,parent_0084_child_1,0.719143,0.719143,parent_0084_child_1|parent_0075_child_3|parent_0127_child_3|parent_0085_child_1|parent_0086_child_1,parent_0084_child_1,1,1,1.0,1,1,1.0,1,1,1.0,1,1,1.0,1,1,1.0
nomic-raw-baseline,Q081_v2,test_suite,1,1,35.51,parent_0083_child_1,0.750912,0.750912,parent_0083_child_1|parent_0010_child_1|parent_0084_child_1|parent_0078_child_1|parent_0086_child_1,parent_0083_child_1,1,1,1.0,1,1,1.0,1,1,1.0,1,1,1.0,1,1,1.0
nomic-raw-baseline,Q082_v2,test_suite,1,7,33.59,parent_0084_child_1,0.691172,0.641176,parent_0084_child_1|parent_0263_child_3|parent_0125_child_1|parent_0137_child_2|parent_0136_child_1,parent_0083_child_1,0,0,0.0,0,0,0.0,1,1,1.0,1,1,1.0,1,1,1.0
nomic-raw-baseline,Q083_v2,test_suite,1,3,40.68,parent_0201_child_1,0.730577,0.725786,parent_0201_child_1|parent_0198_child_6|parent_0083_child_1|parent_0197_child_1|parent_0093_child_2,parent_0083_child_1,0,0,0.0,1,1,1.0,1,1,1.0,1,1,1.0,1,1,1.0
nomic-raw-baseline,Q084_v2,test_suite,1,22,37.56,parent_0089_child_3,0.662479,0.624659,parent_0089_child_3|parent_0090_child_1|parent_0092_child_1|parent_0078_child_1|parent_0081_child_1,,0,0,0.0,0,0,0.0,0,0,0.0,0,0,0.0,1,1,1.0
nomic-raw-baseline,Q085_v2,test_suite,1,4,45.78,parent_0084_child_1,0.757386,0.692952,parent_0084_child_1|parent_0182_child_5|parent_0181_child_2|parent_0083_child_1|parent_0086_child_1,parent_0083_child_1,0,0,0.0,1,1,1.0,1,1,1.0,1,1,1.0,1,1,1.0
nomic-raw-baseline,Q086_v2,test_suite,1,3,37.43,parent_0010_child_1,0.729163,0.717294,parent_0010_child_1|parent_0084_child_1|parent_0083_child_1|parent_0078_child_2|parent_0078_child_1,parent_0083_child_1,0,0,0.0,1,1,1.0,1,1,1.0,1,1,1.0,1,1,1.0
nomic-raw-baseline,Q087_v2,test_suite,1,2,31.86,parent_0085_child_1,0.652737,0.639499,parent_0085_child_1|parent_0084_child_1|parent_0075_child_3|parent_0075_child_2|parent_0011_child_1,parent_0084_child_1,0,0,0.0,1,1,1.0,1,1,1.0,1,1,1.0,1,1,1.0
nomic-raw-baseline,Q088_v2,test_suite,1,9,37.2,parent_0166_child_1,0.6889,0.656739,parent_0166_child_1|parent_0171_child_4|parent_0271_child_5|parent_0218_child_4|parent_0134_child_6,parent_0084_child_1,0,0,0.0,0,0,0.0,1,1,1.0,1,1,1.0,1,1,1.0
nomic-raw-baseline,Q089_v2,test_suite,1,1,40.71,parent_0083_child_1,0.701117,0.701117,parent_0083_child_1|parent_0077_child_1|parent_0269_child_1|parent_0094_child_1|parent_0296_child_23,parent_0083_child_1,1,1,1.0,1,1,1.0,1,1,1.0,1,1,1.0,1,1,1.0
nomic-raw-baseline,Q090_v2,test_suite,1,1,40.32,parent_0083_child_1,0.699303,0.699303,parent_0083_child_1|parent_0074_child_1|parent_0077_child_1|parent_0084_child_1|parent_0010_child_1,parent_0083_child_1,1,1,1.0,1,1,1.0,1,1,1.0,1,1,1.0,1,1,1.0
nomic-raw-baseline,Q091_v2,test_suite,1,1,37.32,parent_0085_child_1,0.731216,0.731216,parent_0085_child_1|parent_0208_child_1|parent_0011_child_1|parent_0205_child_1|parent_0207_child_1,parent_0085_child_1,1,1,1.0,1,1,1.0,1,1,1.0,1,1,1.0,1,1,1.0
nomic-raw-baseline,Q092_v2,test_suite,1,1,37.5,parent_0085_child_1,0.780917,0.780917,parent_0085_child_1|parent_0084_child_1|parent_0075_child_3|parent_0086_child_1|parent_0011_child_1,parent_0085_child_1,1,1,1.0,1,1,1.0,1,1,1.0,1,1,1.0,1,1,1.0
nomic-raw-baseline,Q093_v2,test_suite,1,1,124.16,parent_0085_child_1,0.613006,0.613006,parent_0085_child_1|parent_0198_child_3|parent_0075_child_3|parent_0075_child_2|parent_0086_child_1,parent_0085_child_1,1,1,1.0,1,1,1.0,1,1,1.0,1,1,1.0,1,1,1.0
nomic-raw-baseline,Q095_v2,test_suite,1,2,30.9,parent_0143_child_1,0.621971,0.621751,parent_0143_child_1|parent_0085_child_1|parent_0075_child_3|parent_0092_child_3|parent_0011_child_1,parent_0085_child_1,0,0,0.0,1,1,1.0,1,1,1.0,1,1,1.0,1,1,1.0
nomic-raw-baseline,Q096_v2,test_suite,1,6,32.39,parent_0075_child_3,0.645748,0.594264,parent_0075_child_3|parent_0198_child_3|parent_0196_child_4|parent_0126_child_7|parent_0225_child_1,parent_0085_child_1,0,0,0.0,0,0,0.0,1,1,1.0,1,1,1.0,1,1,1.0
nomic-raw-baseline,Q097_v2,test_suite,1,1,31.41,parent_0085_child_1,0.730757,0.730757,parent_0085_child_1|parent_0011_child_1|parent_0075_child_3|parent_0207_child_1|parent_0208_child_1,parent_0085_child_1,1,1,1.0,1,1,1.0,1,1,1.0,1,1,1.0,1,1,1.0
nomic-raw-baseline,Q098_v2,test_suite,1,1,26.27,parent_0085_child_1,0.645291,0.645291,parent_0085_child_1|parent_0011_child_1|parent_0075_child_3|parent_0199_child_2|parent_0202_child_1,parent_0085_child_1,1,1,1.0,1,1,1.0,1,1,1.0,1,1,1.0,1,1,1.0
nomic-raw-baseline,Q099_v2,test_suite,1,1,36.05,parent_0085_child_1,0.736577,0.736577,parent_0085_child_1|parent_0075_child_3|parent_0077_child_1|parent_0075_child_2|parent_0074_child_1,parent_0085_child_1,1,1,1.0,1,1,1.0,1,1,1.0,1,1,1.0,1,1,1.0
nomic-raw-baseline,Q100_v2,test_suite,1,27,29.63,parent_0271_child_2,0.598697,0.549714,parent_0271_child_2|parent_0135_child_3|parent_0092_child_1|parent_0135_child_7|parent_0150_child_12,,0,0,0.0,0,0,0.0,0,0,0.0,0,0,0.0,1,1,1.0
nomic-raw-baseline,Q101_v2,test_suite,1,3,36.53,parent_0088_child_2,0.731219,0.699206,parent_0088_child_2|parent_0012_child_1|parent_0086_child_1|parent_0087_child_2|parent_0193_child_4,parent_0086_child_1,0,0,0.0,1,1,1.0,1,1,1.0,1,1,1.0,1,1,1.0
nomic-raw-baseline,Q102_v2,test_suite,3,1,30.72,parent_0088_child_2,0.672448,0.672448,parent_0088_child_2|parent_0292_child_1|parent_0234_child_1|parent_0281_child_1|parent_0266_child_1,parent_0088_child_2,1,0,0.333333,1,0,0.333333,1,0,0.333333,1,0,0.333333,1,0,0.333333
nomic-raw-baseline,Q103_v2,test_suite,3,1,41.56,parent_0088_child_2,0.745164,0.745164,parent_0088_child_2|parent_0012_child_1|parent_0233_child_3|parent_0215_child_2|parent_0153_child_1,parent_0088_child_2,1,0,0.333333,1,0,0.333333,1,0,0.333333,1,0,0.333333,1,0,0.666667
nomic-raw-baseline,Q104_v2,test_suite,1,2,34.95,parent_0088_child_3,0.815802,0.757433,parent_0088_child_3|parent_0012_child_1|parent_0089_child_2|parent_0013_child_1|parent_0195_child_5,parent_0012_child_1,0,0,0.0,1,1,1.0,1,1,1.0,1,1,1.0,1,1,1.0
nomic-raw-baseline,Q105_v2,test_suite,1,19,29.14,parent_0220_child_1,0.700449,0.660089,parent_0220_child_1|parent_0013_child_1|parent_0088_child_2|parent_0089_child_2|parent_0214_child_3,,0,0,0.0,0,0,0.0,0,0,0.0,1,1,1.0,1,1,1.0
nomic-raw-baseline,Q106_v2,test_suite,3,76,37.91,parent_0297_child_10,0.689425,0.604322,parent_0297_child_10|parent_0296_child_26|parent_0297_child_8|parent_0292_child_1|parent_0296_child_8,,0,0,0.0,0,0,0.0,0,0,0.0,0,0,0.0,1,0,0.333333
nomic-raw-baseline,Q107_v2,test_suite,3,1,37.12,parent_0088_child_2,0.66542,0.66542,parent_0088_child_2|parent_0012_child_1|parent_0013_child_1|parent_0089_child_2|parent_0215_child_1,parent_0088_child_2,1,0,0.333333,1,0,0.333333,1,0,0.333333,1,0,0.333333,1,0,0.666667
nomic-raw-baseline,Q108_v2,test_suite,1,27,29.64,parent_0087_child_2,0.6606,0.602117,parent_0087_child_2|parent_0296_child_6|parent_0012_child_1|parent_0169_child_4|parent_0296_child_11,,0,0,0.0,0,0,0.0,0,0,0.0,0,0,0.0,1,1,1.0
nomic-raw-baseline,Q109_v2,test_suite,3,49,29.74,parent_0270_child_2,0.653602,0.607929,parent_0270_child_2|parent_0296_child_18|parent_0296_child_9|parent_0297_child_10|parent_0274_child_6,,0,0,0.0,0,0,0.0,0,0,0.0,0,0,0.0,1,0,0.333333
nomic-raw-baseline,Q110_v2,test_suite,3,18,31.59,parent_0142_child_8,0.659183,0.611817,parent_0142_child_8|parent_0142_child_1|parent_0270_child_2|parent_0149_child_2|parent_0141_child_5,,0,0,0.0,0,0,0.0,0,0,0.0,1,0,0.333333,1,0,0.666667
nomic-raw-baseline,Q111_v2,test_suite,3,5,36.63,parent_0097_child_4,0.63941,0.624282,parent_0097_child_4|parent_0068_child_1|parent_0117_child_11|parent_0077_child_1|parent_0089_child_2,parent_0089_child_2,0,0,0.0,1,0,0.333333,1,0,0.333333,1,0,0.333333,1,0,0.666667
nomic-raw-baseline,Q112_v2,test_suite,3,1,34.23,parent_0089_child_1,0.762279,0.762279,parent_0089_child_1|parent_0141_child_2|parent_0117_child_7|parent_0079_child_1|parent_0081_child_1,parent_0089_child_1,1,0,0.333333,1,0,0.333333,1,0,0.333333,1,0,0.333333,1,1,1.0
nomic-raw-baseline,Q113_v2,test_suite,1,2,36.04,parent_0089_child_2,0.810056,0.738017,parent_0089_child_2|parent_0013_child_1|parent_0142_child_2|parent_0116_child_12|parent_0088_child_2,parent_0013_child_1,0,0,0.0,1,1,1.0,1,1,1.0,1,1,1.0,1,1,1.0
nomic-raw-baseline,Q114_v2,test_suite,3,2,38.97,parent_0090_child_1,0.772676,0.765834,parent_0090_child_1|parent_0089_child_2|parent_0013_child_1|parent_0089_child_3|parent_0107_child_1,parent_0089_child_2|parent_0089_child_3,0,0,0.0,1,0,0.666667,1,0,0.666667,1,1,1.0,1,1,1.0
nomic-raw-baseline,Q115_v2,test_suite,1,1,37.39,parent_0090_child_1,0.849405,0.849405,parent_0090_child_1|parent_0013_child_1|parent_0081_child_1|parent_0088_child_2|parent_0079_child_1,parent_0090_child_1,1,1,1.0,1,1,1.0,1,1,1.0,1,1,1.0,1,1,1.0
nomic-raw-baseline,Q116_v2,test_suite,1,2,37.85,parent_0214_child_3,0.760145,0.758319,parent_0214_child_3|parent_0090_child_1|parent_0013_child_1|parent_0089_child_2|parent_0088_child_2,parent_0090_child_1,0,0,0.0,1,1,1.0,1,1,1.0,1,1,1.0,1,1,1.0
nomic-raw-baseline,Q117_v2,test_suite,3,1,31.93,parent_0089_child_1,0.720715,0.720715,parent_0089_child_1|parent_0089_child_2|parent_0188_child_1|parent_0141_child_5|parent_0116_child_12,parent_0089_child_1|parent_0089_child_2,1,0,0.333333,1,0,0.666667,1,0,0.666667,1,0,0.666667,1,0,0.666667
nomic-raw-baseline,Q118_v2,test_suite,3,4,31.0,parent_0193_child_2,0.652485,0.644509,parent_0193_child_2|parent_0141_child_1|parent_0193_child_5|parent_0089_child_1|parent_0193_child_3,parent_0089_child_1,0,0,0.0,1,0,0.333333,1,0,0.333333,1,0,0.666667,1,1,1.0
nomic-raw-baseline,Q119_v2,test_suite,1,1,36.01,parent_0090_child_1,0.723917,0.723917,parent_0090_child_1|parent_0098_child_1|parent_0160_child_1|parent_0107_child_1|parent_0089_child_3,parent_0090_child_1,1,1,1.0,1,1,1.0,1,1,1.0,1,1,1.0,1,1,1.0
nomic-raw-baseline,Q120_v2,test_suite,3,1,28.88,parent_0089_child_3,0.656192,0.656192,parent_0089_child_3|parent_0090_child_1|parent_0088_child_3|parent_0081_child_1|parent_0080_child_1,parent_0089_child_3,1,0,0.333333,1,0,0.333333,1,0,0.333333,1,0,0.333333,1,1,1.0
nomic-raw-baseline,Q121_v2,test_suite,3,22,35.08,parent_0141_child_1,0.759248,0.671953,parent_0141_child_1|parent_0116_child_12|parent_0141_child_6|parent_0141_child_2|parent_0034_child_1,,0,0,0.0,0,0,0.0,0,0,0.0,0,0,0.0,1,0,0.666667
nomic-raw-baseline,Q122_v2,test_suite,3,7,36.31,parent_0141_child_3,0.681294,0.627986,parent_0141_child_3|parent_0141_child_2|parent_0081_child_1|parent_0193_child_3|parent_0080_child_1,parent_0089_child_3,0,0,0.0,0,0,0.0,1,0,0.333333,1,0,0.666667,1,1,1.0
nomic-raw-baseline,Q123_v2,test_suite,3,31,35.17,parent_0141_child_2,0.679044,0.638716,parent_0141_child_2|parent_0141_child_3|parent_0227_child_1|parent_0227_child_3|parent_0193_child_3,,0,0,0.0,0,0,0.0,0,0,0.0,0,0,0.0,1,0,0.333333
nomic-raw-baseline,Q124_v2,test_suite,3,41,93.16,parent_0143_child_1,0.677983,0.630521,parent_0143_child_1|parent_0193_child_2|parent_0141_child_2|parent_0117_child_7|parent_0193_child_3,,0,0,0.0,0,0,0.0,0,0,0.0,0,0,0.0,1,0,0.333333
nomic-raw-baseline,Q125_v2,test_suite,3,82,33.38,parent_0137_child_1,0.650135,0.600782,parent_0137_child_1|parent_0227_child_1|parent_0116_child_3|parent_0297_child_8|parent_0114_child_1,,0,0,0.0,0,0,0.0,0,0,0.0,0,0,0.0,1,0,0.666667
nomic-raw-baseline,Q126_v2,test_suite,3,22,34.22,parent_0215_child_4,0.757498,0.661065,parent_0215_child_4|parent_0215_child_2|parent_0215_child_1|parent_0215_child_5|parent_0212_child_2,,0,0,0.0,0,0,0.0,0,0,0.0,0,0,0.0,1,1,1.0
nomic-raw-baseline,Q127_v2,test_suite,1,2,33.7,parent_0133_child_1,0.733346,0.71786,parent_0133_child_1|parent_0090_child_1|parent_0013_child_1|parent_0160_child_2|parent_0088_child_2,parent_0090_child_1,0,0,0.0,1,1,1.0,1,1,1.0,1,1,1.0,1,1,1.0
nomic-raw-baseline,Q128_v2,test_suite,3,1,36.54,parent_0089_child_2,0.699974,0.699974,parent_0089_child_2|parent_0089_child_1|parent_0013_child_1|parent_0089_child_3|parent_0141_child_5,parent_0089_child_2|parent_0089_child_1|parent_0089_child_3,1,0,0.333333,1,1,1.0,1,1,1.0,1,1,1.0,1,1,1.0
nomic-raw-baseline,Q129_v2,test_suite,3,1,32.69,parent_0089_child_3,0.727868,0.727868,parent_0089_child_3|parent_0089_child_2|parent_0116_child_6|parent_0114_child_4|parent_0107_child_1,parent_0089_child_3|parent_0089_child_2,1,0,0.333333,1,0,0.666667,1,0,0.666667,1,0,0.666667,1,1,1.0
nomic-raw-baseline,Q130_v2,test_suite,3,5,33.53,parent_0141_child_3,0.71248,0.670387,parent_0141_child_3|parent_0227_child_1|parent_0234_child_2|parent_0141_child_5|parent_0089_child_1,parent_0089_child_1,0,0,0.0,1,0,0.333333,1,0,0.333333,1,0,0.333333,1,0,0.666667
nomic-raw-baseline,Q131_v2,test_suite,1,1,30.03,parent_0091_child_1,0.793269,0.793269,parent_0091_child_1|parent_0121_child_1|parent_0014_child_1|parent_0126_child_5|parent_0070_child_1,parent_0091_child_1,1,1,1.0,1,1,1.0,1,1,1.0,1,1,1.0,1,1,1.0
nomic-raw-baseline,Q132_v2,test_suite,1,2,34.6,parent_0014_child_1,0.761078,0.737501,parent_0014_child_1|parent_0091_child_1|parent_0088_child_2|parent_0092_child_1|parent_0176_child_4,parent_0091_child_1,0,0,0.0,1,1,1.0,1,1,1.0,1,1,1.0,1,1,1.0
nomic-raw-baseline,Q133_v2,test_suite,1,2,53.69,parent_0014_child_1,0.707716,0.690224,parent_0014_child_1|parent_0091_child_1|parent_0092_child_1|parent_0093_child_3|parent_0093_child_1,parent_0091_child_1,0,0,0.0,1,1,1.0,1,1,1.0,1,1,1.0,1,1,1.0
nomic-raw-baseline,Q134_v2,test_suite,1,2,34.21,parent_0014_child_1,0.794852,0.759856,parent_0014_child_1|parent_0091_child_1|parent_0092_child_1|parent_0093_child_1|parent_0093_child_2,parent_0091_child_1,0,0,0.0,1,1,1.0,1,1,1.0,1,1,1.0,1,1,1.0
nomic-raw-baseline,Q135_v2,test_suite,1,3,37.2,parent_0014_child_1,0.694935,0.660441,parent_0014_child_1|parent_0092_child_1|parent_0091_child_1|parent_0089_child_1|parent_0093_child_1,parent_0091_child_1,0,0,0.0,1,1,1.0,1,1,1.0,1,1,1.0,1,1,1.0
nomic-raw-baseline,Q136_v2,test_suite,1,2,33.46,parent_0014_child_1,0.732135,0.721633,parent_0014_child_1|parent_0091_child_1|parent_0093_child_1|parent_0093_child_2|parent_0092_child_1,parent_0091_child_1,0,0,0.0,1,1,1.0,1,1,1.0,1,1,1.0,1,1,1.0
nomic-raw-baseline,Q137_v2,test_suite,1,215,30.66,parent_0089_child_2,0.64757,0.520858,parent_0089_child_2|parent_0220_child_1|parent_0233_child_3|parent_0089_child_1|parent_0013_child_1,,0,0,0.0,0,0,0.0,0,0,0.0,0,0,0.0,0,0,0.0
nomic-raw-baseline,Q138_v2,test_suite,1,3,29.67,parent_0014_child_1,0.699215,0.666807,parent_0014_child_1|parent_0092_child_1|parent_0091_child_1|parent_0092_child_2|parent_0075_child_3,parent_0091_child_1,0,0,0.0,1,1,1.0,1,1,1.0,1,1,1.0,1,1,1.0
nomic-raw-baseline,Q139_v2,test_suite,1,2,29.07,parent_0093_child_3,0.776952,0.744073,parent_0093_child_3|parent_0091_child_1|parent_0014_child_1|parent_0092_child_1|parent_0093_child_1,parent_0091_child_1,0,0,0.0,1,1,1.0,1,1,1.0,1,1,1.0,1,1,1.0
nomic-raw-baseline,Q140_v2,test_suite,1,3,30.16,parent_0014_child_1,0.678511,0.63657,parent_0014_child_1|parent_0092_child_1|parent_0091_child_1|parent_0092_child_3|parent_0092_child_2,parent_0091_child_1,0,0,0.0,1,1,1.0,1,1,1.0,1,1,1.0,1,1,1.0
nomic-raw-baseline,Q141_v2,test_suite,1,1,39.19,parent_0091_child_1,0.735665,0.735665,parent_0091_child_1|parent_0014_child_1|parent_0092_child_1|parent_0093_child_2|parent_0092_child_2,parent_0091_child_1,1,1,1.0,1,1,1.0,1,1,1.0,1,1,1.0,1,1,1.0
nomic-raw-baseline,Q142_v2,test_suite,1,1,34.09,parent_0091_child_1,0.745709,0.745709,parent_0091_child_1|parent_0014_child_1|parent_0093_child_2|parent_0092_child_2|parent_0092_child_1,parent_0091_child_1,1,1,1.0,1,1,1.0,1,1,1.0,1,1,1.0,1,1,1.0
nomic-raw-baseline,Q143_v2,test_suite,3,1,35.99,parent_0092_child_1,0.786364,0.786364,parent_0092_child_1|parent_0075_child_3|parent_0014_child_1|parent_0089_child_1|parent_0081_child_1,parent_0092_child_1,1,0,0.333333,1,0,0.333333,1,0,0.333333,1,0,0.333333,1,0,0.333333
nomic-raw-baseline,Q144_v2,test_suite,3,1,41.74,parent_0092_child_2,0.738169,0.738169,parent_0092_child_2|parent_0150_child_2|parent_0150_child_12|parent_0093_child_1|parent_0150_child_3,parent_0092_child_2,1,0,0.333333,1,0,0.333333,1,0,0.333333,1,0,0.333333,1,0,0.666667
nomic-raw-baseline,Q145_v2,test_suite,3,1,42.44,parent_0092_child_2,0.719974,0.719974,parent_0092_child_2|parent_0092_child_1|parent_0216_child_3|parent_0076_child_1|parent_0075_child_3,parent_0092_child_2|parent_0092_child_1,1,0,0.333333,1,0,0.666667,1,0,0.666667,1,0,0.666667,1,1,1.0
nomic-raw-baseline,Q146_v2,test_suite,3,1,32.62,parent_0092_child_2,0.7012,0.7012,parent_0092_child_2|parent_0092_child_1|parent_0092_child_3|parent_0014_child_1|parent_0211_child_3,parent_0092_child_2|parent_0092_child_1|parent_0092_child_3,1,0,0.333333,1,1,1.0,1,1,1.0,1,1,1.0,1,1,1.0
nomic-raw-baseline,Q147_v2,test_suite,3,1,39.36,parent_0092_child_2,0.682829,0.682829,parent_0092_child_2|parent_0092_child_3|parent_0093_child_2|parent_0142_child_4|parent_0091_child_1,parent_0092_child_2|parent_0092_child_3|parent_0092_child_1,1,0,0.333333,1,0,0.666667,1,1,1.0,1,1,1.0,1,1,1.0
nomic-raw-baseline,Q148_v2,test_suite,3,1,35.69,parent_0092_child_3,0.793388,0.793388,parent_0092_child_3|parent_0009_child_1|parent_0092_child_2|parent_0082_child_1|parent_0127_child_3,parent_0092_child_3|parent_0092_child_2,1,0,0.333333,1,0,0.666667,1,0,0.666667,1,0,0.666667,1,1,1.0
nomic-raw-baseline,Q149_v2,test_suite,3,6,33.52,parent_0154_child_2,0.77437,0.694538,parent_0154_child_2|parent_0157_child_5|parent_0157_child_8|parent_0157_child_4|parent_0163_child_1,parent_0093_child_1,0,0,0.0,0,0,0.0,1,0,0.333333,1,0,0.333333,1,1,1.0
nomic-raw-baseline,Q150_v2,test_suite,3,7,31.55,parent_0161_child_6,0.737421,0.697891,parent_0161_child_6|parent_0186_child_1|parent_0069_child_1|parent_0240_child_1|parent_0126_child_10,parent_0093_child_1,0,0,0.0,0,0,0.0,1,0,0.333333,1,0,0.333333,1,0,0.333333
nomic-raw-baseline,Q151_v2,test_suite,3,1,34.42,parent_0093_child_1,0.690933,0.690933,parent_0093_child_1|parent_0092_child_1|parent_0079_child_2|parent_0103_child_8|parent_0076_child_1,parent_0093_child_1,1,0,0.333333,1,0,0.333333,1,0,0.333333,1,0,0.666667,1,0,0.666667
nomic-raw-baseline,Q152_v2,test_suite,3,1,103.24,parent_0093_child_2,0.767421,0.767421,parent_0093_child_2|parent_0201_child_1|parent_0198_child_6|parent_0200_child_2|parent_0198_child_1,parent_0093_child_2,1,0,0.333333,1,0,0.333333,1,0,0.333333,1,0,0.666667,1,0,0.666667
nomic-raw-baseline,Q153_v2,test_suite,3,1,42.78,parent_0093_child_2,0.722151,0.722151,parent_0093_child_2|parent_0184_child_1|parent_0092_child_3|parent_0274_child_3|parent_0286_child_1,parent_0093_child_2,1,0,0.333333,1,0,0.333333,1,0,0.333333,1,0,0.666667,1,1,1.0
nomic-raw-baseline,Q154_v2,test_suite,3,2,34.78,parent_0268_child_4,0.722739,0.683664,parent_0268_child_4|parent_0093_child_2|parent_0156_child_1|parent_0157_child_8|parent_0298_child_1,parent_0093_child_2,0,0,0.0,1,0,0.333333,1,0,0.333333,1,0,0.666667,1,0,0.666667
nomic-raw-baseline,Q155_v2,test_suite,3,1,29.39,parent_0093_child_3,0.704763,0.704763,parent_0093_child_3|parent_0093_child_2|parent_0014_child_1|parent_0092_child_1|parent_0091_child_1,parent_0093_child_3|parent_0093_child_2|parent_0093_child_1,1,0,0.333333,1,0,0.666667,1,1,1.0,1,1,1.0,1,1,1.0
nomic-raw-baseline,Q156_v2,test_suite,3,1,35.81,parent_0093_child_3,0.678512,0.678512,parent_0093_child_3|parent_0284_child_3|parent_0192_child_7|parent_0218_child_3|parent_0161_child_1,parent_0093_child_3|parent_0093_child_2,1,0,0.333333,1,0,0.333333,1,0,0.666667,1,0,0.666667,1,1,1.0
nomic-raw-baseline,Q157_v2,test_suite,3,403,36.36,parent_0122_child_5,0.706963,0.551855,parent_0122_child_5|parent_0098_child_2|parent_0122_child_4|parent_0186_child_2|parent_0029_child_1,,0,0,0.0,0,0,0.0,0,0,0.0,0,0,0.0,0,0,0.0
nomic-raw-baseline,Q158_v2,test_suite,3,1,40.16,parent_0093_child_3,0.735604,0.735604,parent_0093_child_3|parent_0014_child_1|parent_0092_child_1|parent_0091_child_1|parent_0093_child_1,parent_0093_child_3|parent_0093_child_1|parent_0093_child_2,1,0,0.333333,1,0,0.666667,1,1,1.0,1,1,1.0,1,1,1.0
nomic-raw-baseline,Q159_v2,test_suite,3,265,38.14,parent_0117_child_12,0.688072,0.59654,parent_0117_child_12|parent_0116_child_12|parent_0220_child_1|parent_0117_child_7|parent_0176_child_4,,0,0,0.0,0,0,0.0,0,0,0.0,0,0,0.0,0,0,0.0
nomic-raw-baseline,Q160_v2,test_suite,3,1,35.21,parent_0093_child_2,0.695274,0.695274,parent_0093_child_2|parent_0268_child_4|parent_0198_child_6|parent_0199_child_3|parent_0199_child_4,parent_0093_child_2,1,0,0.333333,1,0,0.333333,1,0,0.333333,1,0,0.333333,1,1,1.0
nomic-raw-baseline,Q161_v2,test_suite,3,3,35.78,parent_0014_child_1,0.669988,0.645723,parent_0014_child_1|parent_0092_child_1|parent_0093_child_2|parent_0093_child_1|parent_0091_child_1,parent_0093_child_2|parent_0093_child_1|parent_0093_child_3,0,0,0.0,1,0,0.666667,1,1,1.0,1,1,1.0,1,1,1.0
nomic-raw-baseline,Q162_v2,test_suite,3,1,37.24,parent_0093_child_3,0.669799,0.669799,parent_0093_child_3|parent_0012_child_1|parent_0207_child_1|parent_0014_child_1|parent_0093_child_2,parent_0093_child_3|parent_0093_child_2,1,0,0.333333,1,0,0.666667,1,0,0.666667,1,1,1.0,1,1,1.0
nomic-raw-baseline,Q163_v2,test_suite,3,335,35.11,parent_0116_child_3,0.645004,0.513871,parent_0116_child_3|parent_0139_child_7|parent_0143_child_1|parent_0223_child_2|parent_0098_child_1,,0,0,0.0,0,0,0.0,0,0,0.0,0,0,0.0,0,0,0.0
nomic-raw-baseline,Q164_v2,test_suite,3,1,30.4,parent_0092_child_2,0.651087,0.651087,parent_0092_child_2|parent_0092_child_3|parent_0093_child_2|parent_0015_child_1|parent_0298_child_1,parent_0092_child_2|parent_0092_child_3,1,0,0.333333,1,0,0.666667,1,0,0.666667,1,0,0.666667,1,0,0.666667
nomic-raw-baseline,Q165_v2,test_suite,3,57,32.57,parent_0139_child_2,0.684076,0.62909,parent_0139_child_2|parent_0139_child_5|parent_0139_child_1|parent_0139_child_8|parent_0077_child_1,,0,0,0.0,0,0,0.0,0,0,0.0,0,0,0.0,1,0,0.333333
nomic-raw-baseline,Q166_v2,test_suite,2,1,35.73,parent_0079_child_2,0.694441,0.694441,parent_0079_child_2|parent_0075_child_3|parent_0219_child_1|parent_0060_child_1|parent_0220_child_1,parent_0079_child_2,1,0,0.5,1,0,0.5,1,0,0.5,1,0,0.5,1,1,1.0
nomic-raw-baseline,Q167_v2,test_suite,6,5,34.35,parent_0094_child_1,0.6875,0.682101,parent_0094_child_1|parent_0014_child_1|parent_0088_child_3|parent_0088_child_2|parent_0092_child_1,parent_0092_child_1,0,0,0.0,1,0,0.166667,1,0,0.166667,1,0,0.5,1,0,0.833333
nomic-raw-baseline,Q168_v2,test_suite,6,6,32.5,parent_0215_child_4,0.676518,0.66466,parent_0215_child_4|parent_0212_child_2|parent_0215_child_1|parent_0214_child_3|parent_0215_child_2,parent_0089_child_2,0,0,0.0,0,0,0.0,1,0,0.166667,1,0,0.166667,1,0,0.666667
nomic-raw-baseline,Q169_v2,test_suite,3,24,33.65,parent_0157_child_8,0.758946,0.654952,parent_0157_child_8|parent_0154_child_2|parent_0156_child_1|parent_0157_child_4|parent_0157_child_1,,0,0,0.0,0,0,0.0,0,0,0.0,0,0,0.0,1,0,0.666667
nomic-raw-baseline,Q170_v2,test_suite,5,7,34.71,parent_0169_child_2,0.703073,0.662317,parent_0169_child_2|parent_0171_child_3|parent_0171_child_4|parent_0168_child_4|parent_0218_child_4,parent_0159_child_3,0,0,0.0,0,0,0.0,1,0,0.2,1,0,0.2,1,0,0.2
nomic-raw-baseline,Q171_v2,test_suite,5,2,34.03,parent_0169_child_2,0.711457,0.704977,parent_0169_child_2|parent_0159_child_3|parent_0042_child_1|parent_0070_child_1|parent_0168_child_4,parent_0159_child_3|parent_0159_child_4,0,0,0.0,1,0,0.2,1,0,0.4,1,1,1.0,1,1,1.0
nomic-raw-baseline,Q172_v2,test_suite,4,2,34.05,parent_0075_child_3,0.719749,0.71587,parent_0075_child_3|parent_0076_child_1|parent_0202_child_1|parent_0198_child_3|parent_0086_child_1,parent_0076_child_1|parent_0076_child_3,0,0,0.0,1,0,0.25,1,0,0.5,1,0,0.5,1,0,0.75
nomic-raw-baseline,Q173_v2,test_suite,5,3,26.37,parent_0220_child_1,0.66514,0.662847,parent_0220_child_1|parent_0219_child_1|parent_0195_child_5|parent_0103_child_5|parent_0103_child_8,parent_0195_child_5|parent_0195_child_2,0,0,0.0,1,0,0.2,1,0,0.4,1,0,0.6,1,0,0.8
nomic-raw-baseline,Q174_v2,test_suite,3,53,36.49,parent_0150_child_17,0.722275,0.687012,parent_0150_child_17|parent_0269_child_1|parent_0240_child_1|parent_0296_child_16|parent_0150_child_11,,0,0,0.0,0,0,0.0,0,0,0.0,0,0,0.0,1,0,0.333333
nomic-raw-baseline,Q175_v2,test_suite,1,158,30.18,parent_0149_child_3,0.695446,0.611981,parent_0149_child_3|parent_0151_child_15|parent_0146_child_1|parent_0146_child_5|parent_0126_child_6,,0,0,0.0,0,0,0.0,0,0,0.0,0,0,0.0,0,0,0.0
nomic-raw-baseline,Q177_v2,test_suite,1,6,33.19,parent_0106_child_13,0.671712,0.664317,parent_0106_child_13|parent_0240_child_1|parent_0148_child_2|parent_0296_child_18|parent_0296_child_12,parent_0069_child_1,0,0,0.0,0,0,0.0,1,1,1.0,1,1,1.0,1,1,1.0
nomic-raw-baseline,Q178_v2,test_suite,1,149,34.55,parent_0126_child_6,0.711785,0.638702,parent_0126_child_6|parent_0126_child_2|parent_0138_child_1|parent_0070_child_1|parent_0055_child_1,,0,0,0.0,0,0,0.0,0,0,0.0,0,0,0.0,0,0,0.0
nomic-raw-baseline,Q179_v2,test_suite,1,1,32.58,parent_0219_child_1,0.758423,0.758423,parent_0219_child_1|parent_0220_child_1|parent_0060_child_1|parent_0126_child_2|parent_0146_child_5,parent_0219_child_1,1,1,1.0,1,1,1.0,1,1,1.0,1,1,1.0,1,1,1.0
nomic-raw-baseline,Q180_v2,test_suite,2,2,38.59,parent_0060_child_1,0.764277,0.762543,parent_0060_child_1|parent_0219_child_1|parent_0116_child_6|parent_0117_child_7|parent_0296_child_21,parent_0219_child_1,0,0,0.0,1,0,0.5,1,0,0.5,1,0,0.5,1,0,0.5
nomic-raw-baseline,Q181_v2,test_suite,6,2,37.41,parent_0160_child_5,0.703866,0.686081,parent_0160_child_5|parent_0159_child_2|parent_0160_child_2|parent_0087_child_1|parent_0159_child_5,parent_0159_child_2|parent_0159_child_5|parent_0159_child_3|parent_0159_child_4,0,0,0.0,1,0,0.333333,1,0,0.666667,1,0,0.833333,1,1,1.0
nomic-raw-baseline,Q182_v2,test_suite,2,5,35.98,parent_0088_child_2,0.736384,0.693437,parent_0088_child_2|parent_0220_child_1|parent_0233_child_3|parent_0079_child_1|parent_0073_child_1,parent_0073_child_1,0,0,0.0,1,0,0.5,1,0,0.5,1,0,0.5,1,1,1.0
nomic-raw-baseline,Q183_v2,test_suite,4,1,73.6,parent_0088_child_2,0.680156,0.680156,parent_0088_child_2|parent_0006_child_1|parent_0092_child_1|parent_0079_child_1|parent_0014_child_1,parent_0088_child_2,1,0,0.25,1,0,0.25,1,0,0.25,1,0,0.75,1,1,1.0
nomic-raw-baseline,Q184_v2,test_suite,3,21,34.68,parent_0006_child_1,0.677857,0.622957,parent_0006_child_1|parent_0073_child_1|parent_0090_child_1|parent_0076_child_1|parent_0079_child_1,,0,0,0.0,0,0,0.0,0,0,0.0,0,0,0.0,1,0,0.666667
nomic-raw-baseline,Q185_v2,test_suite,6,40,33.37,parent_0134_child_9,0.62157,0.577188,parent_0134_child_9|parent_0134_child_6|parent_0193_child_3|parent_0297_child_8|parent_0134_child_8,,0,0,0.0,0,0,0.0,0,0,0.0,0,0,0.0,1,0,0.166667
nomic-raw-baseline,Q186_v2,test_suite,1,7,29.31,parent_0087_child_1,0.660556,0.642147,parent_0087_child_1|parent_0006_child_1|parent_0088_child_2|parent_0215_child_4|parent_0089_child_1,parent_0073_child_1,0,0,0.0,0,0,0.0,1,1,1.0,1,1,1.0,1,1,1.0
nomic-raw-baseline,Q187_v2,test_suite,1,5,40.19,parent_0088_child_2,0.708693,0.6718,parent_0088_child_2|parent_0006_child_1|parent_0087_child_1|parent_0079_child_1|parent_0073_child_1,parent_0073_child_1,0,0,0.0,1,1,1.0,1,1,1.0,1,1,1.0,1,1,1.0
nomic-raw-baseline,Q188_v2,test_suite,1,336,32.53,parent_0089_child_1,0.711744,0.561568,parent_0089_child_1|parent_0089_child_2|parent_0013_child_1|parent_0089_child_3|parent_0141_child_5,,0,0,0.0,0,0,0.0,0,0,0.0,0,0,0.0,0,0,0.0
nomic-raw-baseline,Q189_v2,test_suite,3,10,30.94,parent_0092_child_1,0.652876,0.59395,parent_0092_child_1|parent_0089_child_1|parent_0007_child_1|parent_0014_child_1|parent_0193_child_2,parent_0079_child_1,0,0,0.0,0,0,0.0,1,0,0.333333,1,0,0.666667,1,1,1.0
nomic-raw-baseline,Q190_v2,test_suite,5,16,37.42,parent_0122_child_5,0.729607,0.663736,parent_0122_child_5|parent_0098_child_2|parent_0116_child_6|parent_0214_child_3|parent_0019_child_1,,0,0,0.0,0,0,0.0,0,0,0.0,1,0,0.6,1,0,0.8
nomic-raw-baseline,Q192_v2,test_suite,3,315,31.67,parent_0227_child_1,0.637915,0.536919,parent_0227_child_1|parent_0193_child_2|parent_0193_child_6|parent_0212_child_2|parent_0147_child_2,,0,0,0.0,0,0,0.0,0,0,0.0,0,0,0.0,0,0,0.0
nomic-raw-baseline,Q193_v2,test_suite,5,15,32.13,parent_0070_child_1,0.666381,0.62906,parent_0070_child_1|parent_0142_child_6|parent_0176_child_4|parent_0146_child_2|parent_0122_child_5,,0,0,0.0,0,0,0.0,0,0,0.0,1,0,0.2,1,0,0.8
nomic-raw-baseline,Q194_v2,test_suite,5,1,32.87,parent_0159_child_3,0.70444,0.70444,parent_0159_child_3|parent_0146_child_1|parent_0142_child_5|parent_0146_child_5|parent_0161_child_6,parent_0159_child_3,1,0,0.2,1,0,0.2,1,0,0.2,1,0,0.8,1,1,1.0
nomic-raw-baseline,Q195_v2,test_suite,2,45,33.73,parent_0137_child_1,0.696275,0.606075,parent_0137_child_1|parent_0114_child_1|parent_0114_child_4|parent_0117_child_12|parent_0137_child_4,,0,0,0.0,0,0,0.0,0,0,0.0,0,0,0.0,1,0,0.5
nomic-raw-baseline,Q196_v2,test_suite,1,2,27.03,parent_0007_child_1,0.655443,0.652802,parent_0007_child_1|parent_0074_child_1|parent_0076_child_1|parent_0193_child_4|parent_0193_child_2,parent_0074_child_1,0,0,0.0,1,1,1.0,1,1,1.0,1,1,1.0,1,1,1.0
nomic-raw-baseline,Q197_v2,test_suite,4,6,29.53,parent_0139_child_6,0.607062,0.588711,parent_0139_child_6|parent_0246_child_3|parent_0197_child_6|parent_0151_child_6|parent_0140_child_3,parent_0076_child_3,0,0,0.0,0,0,0.0,1,0,0.25,1,0,0.25,1,0,0.75
nomic-raw-baseline,Q198_v2,test_suite,2,1,34.88,parent_0078_child_1,0.6906,0.6906,parent_0078_child_1|parent_0008_child_1|parent_0217_child_3|parent_0079_child_1|parent_0078_child_2,parent_0078_child_1|parent_0078_child_2,1,0,0.5,1,1,1.0,1,1,1.0,1,1,1.0,1,1,1.0
nomic-raw-baseline,Q199_v2,test_suite,3,45,36.09,parent_0193_child_5,0.657703,0.587768,parent_0193_child_5|parent_0193_child_2|parent_0193_child_6|parent_0076_child_1|parent_0117_child_7,,0,0,0.0,0,0,0.0,0,0,0.0,0,0,0.0,1,1,1.0
nomic-raw-baseline,Q200_v2,test_suite,4,7,35.62,parent_0092_child_1,0.656447,0.605604,parent_0092_child_1|parent_0014_child_1|parent_0093_child_3|parent_0116_child_6|parent_0093_child_1,parent_0091_child_1,0,0,0.0,0,0,0.0,1,0,0.25,1,0,0.5,1,0,0.5
nomic-recommended-prefixes,Q001,test_suite,1,3,33.85,parent_0121_child_1,0.786342,0.759854,parent_0121_child_1|parent_0091_child_1|parent_0073_child_1|parent_0184_child_1|parent_0182_child_1,parent_0073_child_1,0,0,0.0,1,1,1.0,1,1,1.0,1,1,1.0,1,1,1.0
nomic-recommended-prefixes,Q002,test_suite,1,1,30.64,parent_0074_child_1,0.710214,0.710214,parent_0074_child_1|parent_0007_child_1|parent_0076_child_2|parent_0075_child_3|parent_0196_child_3,parent_0074_child_1,1,1,1.0,1,1,1.0,1,1,1.0,1,1,1.0,1,1,1.0
nomic-recommended-prefixes,Q003,test_suite,1,1,26.38,parent_0074_child_1,0.765162,0.765162,parent_0074_child_1|parent_0082_child_1|parent_0075_child_2|parent_0007_child_1|parent_0076_child_2,parent_0074_child_1,1,1,1.0,1,1,1.0,1,1,1.0,1,1,1.0,1,1,1.0
nomic-recommended-prefixes,Q004,test_suite,3,1,31.54,parent_0076_child_3,0.674051,0.674051,parent_0076_child_3|parent_0142_child_9|parent_0217_child_4|parent_0196_child_1|parent_0075_child_3,parent_0076_child_3|parent_0076_child_2,1,0,0.333333,1,0,0.333333,1,0,0.666667,1,0,0.666667,1,1,1.0
nomic-recommended-prefixes,Q005,test_suite,1,36,31.39,parent_0153_child_1,0.665605,0.62355,parent_0153_child_1|parent_0217_child_7|parent_0215_child_2|parent_0126_child_2|parent_0088_child_2,,0,0,0.0,0,0,0.0,0,0,0.0,0,0,0.0,1,1,1.0
nomic-recommended-prefixes,Q006,test_suite,2,2,33.08,parent_0075_child_2,0.751737,0.737383,parent_0075_child_2|parent_0078_child_1|parent_0090_child_1|parent_0215_child_2|parent_0229_child_5,parent_0078_child_1|parent_0078_child_2,0,0,0.0,1,0,0.5,1,1,1.0,1,1,1.0,1,1,1.0
nomic-recommended-prefixes,Q007,test_suite,2,58,27.74,parent_0234_child_1,0.667607,0.618117,parent_0234_child_1|parent_0187_child_1|parent_0217_child_3|parent_0233_child_3|parent_0186_child_2,,0,0,0.0,0,0,0.0,0,0,0.0,0,0,0.0,1,0,0.5
nomic-recommended-prefixes,Q008,test_suite,2,1,31.59,parent_0079_child_2,0.756912,0.756912,parent_0079_child_2|parent_0008_child_1|parent_0075_child_3|parent_0082_child_1|parent_0075_child_2,parent_0079_child_2,1,0,0.5,1,0,0.5,1,0,0.5,1,0,0.5,1,1,1.0
nomic-recommended-prefixes,Q009,test_suite,2,3,35.19,parent_0080_child_1,0.711301,0.683951,parent_0080_child_1|parent_0081_child_1|parent_0079_child_2|parent_0185_child_2|parent_0090_child_1,parent_0079_child_2,0,0,0.0,1,0,0.5,1,0,0.5,1,1,1.0,1,1,1.0
nomic-recommended-prefixes,Q010,test_suite,2,14,29.17,parent_0080_child_1,0.688473,0.60504,parent_0080_child_1|parent_0081_child_1|parent_0106_child_10|parent_0274_child_10|parent_0234_child_1,,0,0,0.0,0,0,0.0,0,0,0.0,1,0,0.5,1,0,0.5
nomic-recommended-prefixes,Q011,test_suite,1,1,26.09,parent_0083_child_1,0.716753,0.716753,parent_0083_child_1|parent_0084_child_1|parent_0010_child_1|parent_0220_child_1|parent_0086_child_1,parent_0083_child_1,1,1,1.0,1,1,1.0,1,1,1.0,1,1,1.0,1,1,1.0
nomic-recommended-prefixes,Q012,test_suite,1,3,26.9,parent_0011_child_1,0.762507,0.751246,parent_0011_child_1|parent_0075_child_3|parent_0085_child_1|parent_0086_child_1|parent_0075_child_2,parent_0085_child_1,0,0,0.0,1,1,1.0,1,1,1.0,1,1,1.0,1,1,1.0
nomic-recommended-prefixes,Q014,test_suite,3,1,30.14,parent_0088_child_2,0.756302,0.756302,parent_0088_child_2|parent_0012_child_1|parent_0183_child_4|parent_0146_child_7|parent_0153_child_1,parent_0088_child_2,1,0,0.333333,1,0,0.333333,1,0,0.333333,1,0,0.333333,1,0,0.666667
nomic-recommended-prefixes,Q015,test_suite,3,1,28.98,parent_0088_child_2,0.746309,0.746309,parent_0088_child_2|parent_0092_child_1|parent_0012_child_1|parent_0014_child_1|parent_0091_child_1,parent_0088_child_2,1,0,0.333333,1,0,0.333333,1,0,0.333333,1,0,0.333333,1,0,0.666667
nomic-recommended-prefixes,Q016,test_suite,3,2,34.55,parent_0141_child_2,0.749071,0.727434,parent_0141_child_2|parent_0089_child_1|parent_0117_child_7|parent_0117_child_11|parent_0116_child_12,parent_0089_child_1|parent_0089_child_2,0,0,0.0,1,0,0.333333,1,0,0.666667,1,0,0.666667,1,0,0.666667
nomic-recommended-prefixes,Q017,test_suite,3,2,35.27,parent_0090_child_1,0.767467,0.710097,parent_0090_child_1|parent_0089_child_2|parent_0219_child_1|parent_0088_child_2|parent_0013_child_1,parent_0089_child_2,0,0,0.0,1,0,0.333333,1,0,0.333333,1,0,0.666667,1,1,1.0
nomic-recommended-prefixes,Q018,test_suite,3,1,35.86,parent_0076_child_3,0.672347,0.672347,parent_0076_child_3|parent_0075_child_3|parent_0196_child_3|parent_0196_child_5|parent_0197_child_5,parent_0076_child_3|parent_0076_child_2|parent_0076_child_1,1,0,0.333333,1,0,0.333333,1,1,1.0,1,1,1.0,1,1,1.0
nomic-recommended-prefixes,Q019,test_suite,1,52,32.56,parent_0076_child_2,0.679217,0.609557,parent_0076_child_2|parent_0048_child_1|parent_0075_child_3|parent_0062_child_1|parent_0184_child_3,,0,0,0.0,0,0,0.0,0,0,0.0,0,0,0.0,1,1,1.0
nomic-recommended-prefixes,Q020,test_suite,3,73,27.21,parent_0048_child_1,0.730254,0.65759,parent_0048_child_1|parent_0117_child_3|parent_0117_child_12|parent_0189_child_1|parent_0192_child_8,,0,0,0.0,0,0,0.0,0,0,0.0,0,0,0.0,1,0,0.333333
nomic-recommended-prefixes,Q021,test_suite,3,1,32.43,parent_0093_child_1,0.661237,0.661237,parent_0093_child_1|parent_0093_child_2|parent_0092_child_1|parent_0192_child_8|parent_0184_child_2,parent_0093_child_1|parent_0093_child_2,1,0,0.333333,1,0,0.666667,1,0,0.666667,1,0,0.666667,1,1,1.0
nomic-recommended-prefixes,Q022,test_suite,3,1,33.25,parent_0093_child_3,0.718038,0.718038,parent_0093_child_3|parent_0153_child_1|parent_0093_child_2|parent_0299_child_1|parent_0092_child_3,parent_0093_child_3|parent_0093_child_2,1,0,0.333333,1,0,0.666667,1,0,0.666667,1,0,0.666667,1,1,1.0
nomic-recommended-prefixes,Q023,test_suite,1,1,32.09,parent_0094_child_1,0.793301,0.793301,parent_0094_child_1|parent_0088_child_2|parent_0086_child_1|parent_0090_child_1|parent_0076_child_2,parent_0094_child_1,1,1,1.0,1,1,1.0,1,1,1.0,1,1,1.0,1,1,1.0
nomic-recommended-prefixes,Q024,test_suite,3,16,115.48,parent_0157_child_8,0.798158,0.700801,parent_0157_child_8|parent_0156_child_1|parent_0154_child_1|parent_0040_child_1|parent_0157_child_1,,0,0,0.0,0,0,0.0,0,0,0.0,1,0,0.333333,1,0,0.666667
nomic-recommended-prefixes,Q025,test_suite,3,1,30.9,parent_0093_child_2,0.653494,0.653494,parent_0093_child_2|parent_0184_child_1|parent_0192_child_8|parent_0169_child_4|parent_0176_child_4,parent_0093_child_2,1,0,0.333333,1,0,0.333333,1,0,0.333333,1,0,0.333333,1,1,1.0
nomic-recommended-prefixes,Q026,test_suite,13,1,32.99,parent_0097_child_1,0.815941,0.815941,parent_0097_child_1|parent_0016_child_1|parent_0097_child_3|parent_0195_child_2|parent_0097_child_10,parent_0097_child_1|parent_0097_child_3|parent_0097_child_10|parent_0097_child_6|parent_0097_child_13,1,0,0.076923,1,0,0.230769,1,0,0.384615,1,0,0.538462,1,0,0.923077
nomic-recommended-prefixes,Q027,test_suite,13,1,35.77,parent_0097_child_5,0.798499,0.798499,parent_0097_child_5|parent_0016_child_1|parent_0115_child_1|parent_0134_child_10|parent_0214_child_3,parent_0097_child_5,1,0,0.076923,1,0,0.076923,1,0,0.076923,1,0,0.230769,1,0,0.615385
nomic-recommended-prefixes,Q028,test_suite,4,3,33.23,parent_0016_child_1,0.74511,0.730279,parent_0016_child_1|parent_0097_child_6|parent_0096_child_4|parent_0097_child_3|parent_0237_child_1,parent_0096_child_4,0,0,0.0,1,0,0.25,1,0,0.25,1,0,0.25,1,0,0.75
nomic-recommended-prefixes,Q029,test_suite,13,1,34.03,parent_0097_child_7,0.778325,0.778325,parent_0097_child_7|parent_0097_child_8|parent_0097_child_11|parent_0097_child_10|parent_0097_child_9,parent_0097_child_7|parent_0097_child_8|parent_0097_child_11|parent_0097_child_10|parent_0097_child_9|parent_0097_child_13|parent_0097_child_6,1,0,0.076923,1,0,0.384615,1,0,0.538462,1,0,0.846154,1,1,1.0
nomic-recommended-prefixes,Q030,test_suite,4,1,35.67,parent_0098_child_3,0.799759,0.799759,parent_0098_child_3|parent_0098_child_2|parent_0146_child_4|parent_0097_child_3|parent_0123_child_1,parent_0098_child_3|parent_0098_child_2,1,0,0.25,1,0,0.5,1,0,0.5,1,0,0.5,1,1,1.0
nomic-recommended-prefixes,Q031,test_suite,4,5,31.71,parent_0123_child_2,0.772347,0.672272,parent_0123_child_2|parent_0123_child_1|parent_0146_child_3|parent_0123_child_3|parent_0098_child_3,parent_0098_child_3|parent_0098_child_4,0,0,0.0,1,0,0.25,1,0,0.5,1,0,0.5,1,0,0.75
nomic-recommended-prefixes,Q032,test_suite,4,1,30.3,parent_0098_child_3,0.766779,0.766779,parent_0098_child_3|parent_0185_child_2|parent_0098_child_4|parent_0097_child_13|parent_0192_child_1,parent_0098_child_3|parent_0098_child_4,1,0,0.25,1,0,0.5,1,0,0.5,1,0,0.75,1,1,1.0
nomic-recommended-prefixes,Q033,test_suite,13,1,34.0,parent_0097_child_13,0.713126,0.713126,parent_0097_child_13|parent_0115_child_1|parent_0236_child_5|parent_0217_child_1|parent_0234_child_1,parent_0097_child_13,1,0,0.076923,1,0,0.076923,1,0,0.076923,1,0,0.153846,1,0,0.615385
nomic-recommended-prefixes,Q034,test_suite,1,1,34.59,parent_0100_child_1,0.775283,0.775283,parent_0100_child_1|parent_0124_child_1|parent_0142_child_9|parent_0142_child_7|parent_0139_child_2,parent_0100_child_1,1,1,1.0,1,1,1.0,1,1,1.0,1,1,1.0,1,1,1.0
nomic-recommended-prefixes,Q035,test_suite,4,2,35.02,parent_0161_child_3,0.780984,0.767894,parent_0161_child_3|parent_0098_child_2|parent_0161_child_1|parent_0098_child_1|parent_0216_child_3,parent_0098_child_2|parent_0098_child_1,0,0,0.0,1,0,0.5,1,0,0.5,1,0,0.5,1,0,0.75
nomic-recommended-prefixes,Q036,test_suite,8,1,33.3,parent_0103_child_1,0.753455,0.753455,parent_0103_child_1|parent_0103_child_2|parent_0126_child_3|parent_0260_child_1|parent_0260_child_4,parent_0103_child_1|parent_0103_child_2,1,0,0.125,1,0,0.25,1,0,0.25,1,0,0.25,1,0,0.375
nomic-recommended-prefixes,Q037,test_suite,8,4,32.4,parent_0260_child_1,0.818715,0.736673,parent_0260_child_1|parent_0260_child_4|parent_0260_child_5|parent_0103_child_1|parent_0260_child_2,parent_0103_child_1,0,0,0.0,1,0,0.125,1,0,0.125,1,0,0.125,1,0,0.625
nomic-recommended-prefixes,Q038,test_suite,8,1,35.21,parent_0103_child_2,0.829806,0.829806,parent_0103_child_2|parent_0103_child_1|parent_0126_child_3|parent_0196_child_3|parent_0296_child_1,parent_0103_child_2|parent_0103_child_1,1,0,0.125,1,0,0.25,1,0,0.25,1,0,0.25,1,0,0.375
nomic-recommended-prefixes,Q039,test_suite,8,1,33.8,parent_0103_child_6,0.718254,0.718254,parent_0103_child_6|parent_0229_child_1|parent_0210_child_3|parent_0210_child_1|parent_0197_child_6,parent_0103_child_6|parent_0103_child_2,1,0,0.125,1,0,0.125,1,0,0.25,1,0,0.375,1,0,0.75
nomic-recommended-prefixes,Q040,test_suite,2,7,33.89,parent_0216_child_2,0.678747,0.669089,parent_0216_child_2|parent_0210_child_1|parent_0237_child_2|parent_0210_child_3|parent_0150_child_8,parent_0104_child_1,0,0,0.0,0,0,0.0,1,0,0.5,1,0,0.5,1,0,0.5
nomic-recommended-prefixes,Q041,test_suite,13,1,36.97,parent_0106_child_7,0.771744,0.771744,parent_0106_child_7|parent_0106_child_8|parent_0106_child_6|parent_0106_child_4|parent_0130_child_1,parent_0106_child_7|parent_0106_child_8|parent_0106_child_6|parent_0106_child_4|parent_0106_child_1,1,0,0.076923,1,0,0.307692,1,0,0.384615,1,0,0.461538,1,0,0.846154
nomic-recommended-prefixes,Q042,test_suite,13,1,29.97,parent_0106_child_11,0.796915,0.796915,parent_0106_child_11|parent_0022_child_1|parent_0106_child_12|parent_0131_child_1|parent_0106_child_8,parent_0106_child_11|parent_0106_child_12|parent_0106_child_8|parent_0106_child_13,1,0,0.076923,1,0,0.230769,1,0,0.307692,1,0,0.384615,1,0,0.615385
nomic-recommended-prefixes,Q043,test_suite,13,1,28.16,parent_0106_child_11,0.786902,0.786902,parent_0106_child_11|parent_0106_child_12|parent_0022_child_1|parent_0132_child_3|parent_0297_child_8,parent_0106_child_11|parent_0106_child_12|parent_0106_child_8|parent_0106_child_13,1,0,0.076923,1,0,0.153846,1,0,0.307692,1,0,0.384615,1,0,0.615385
nomic-recommended-prefixes,Q044,test_suite,1,3,37.17,parent_0109_child_1,0.748978,0.716951,parent_0109_child_1|parent_0106_child_8|parent_0108_child_1|parent_0106_child_13|parent_0111_child_3,parent_0108_child_1,0,0,0.0,1,1,1.0,1,1,1.0,1,1,1.0,1,1,1.0
nomic-recommended-prefixes,Q045,test_suite,6,7,32.4,parent_0024_child_1,0.748267,0.709973,parent_0024_child_1|parent_0134_child_4|parent_0134_child_6|parent_0108_child_1|parent_0136_child_1,parent_0109_child_5,0,0,0.0,0,0,0.0,1,0,0.166667,1,0,0.5,1,1,1.0
nomic-recommended-prefixes,Q046,test_suite,6,1,30.25,parent_0109_child_5,0.768373,0.768373,parent_0109_child_5|parent_0134_child_5|parent_0134_child_8|parent_0109_child_3|parent_0134_child_4,parent_0109_child_5|parent_0109_child_3,1,0,0.166667,1,0,0.333333,1,0,0.333333,1,0,0.5,1,1,1.0
nomic-recommended-prefixes,Q047,test_suite,6,1,30.83,parent_0109_child_6,0.753893,0.753893,parent_0109_child_6|parent_0115_child_1|parent_0134_child_10|parent_0134_child_8|parent_0112_child_3,parent_0109_child_6,1,0,0.166667,1,0,0.166667,1,0,0.166667,1,0,0.333333,1,0,0.666667
nomic-recommended-prefixes,Q048,test_suite,3,1,31.53,parent_0110_child_1,0.717762,0.717762,parent_0110_child_1|parent_0135_child_1|parent_0111_child_2|parent_0112_child_1|parent_0112_child_3,parent_0110_child_1,1,0,0.333333,1,0,0.333333,1,0,0.333333,1,0,0.333333,1,0,0.666667
nomic-recommended-prefixes,Q049,test_suite,4,1,33.74,parent_0114_child_4,0.732494,0.732494,parent_0114_child_4|parent_0116_child_6|parent_0297_child_8|parent_0116_child_3|parent_0117_child_4,parent_0114_child_4,1,0,0.25,1,0,0.25,1,0,0.25,1,0,0.5,1,1,1.0
nomic-recommended-prefixes,Q050,test_suite,1,1,34.06,parent_0115_child_1,0.810997,0.810997,parent_0115_child_1|parent_0147_child_2|parent_0137_child_5|parent_0147_child_1|parent_0216_child_3,parent_0115_child_1,1,1,1.0,1,1,1.0,1,1,1.0,1,1,1.0,1,1,1.0
nomic-recommended-prefixes,Q051,test_suite,5,25,28.54,parent_0281_child_4,0.733718,0.6931,parent_0281_child_4|parent_0281_child_2|parent_0147_child_1|parent_0281_child_3|parent_0229_child_1,,0,0,0.0,0,0,0.0,0,0,0.0,0,0,0.0,1,0,0.4
nomic-recommended-prefixes,Q052,test_suite,5,1,29.32,parent_0122_child_2,0.767983,0.767983,parent_0122_child_2|parent_0195_child_2|parent_0235_child_2|parent_0029_child_1|parent_0122_child_1,parent_0122_child_2|parent_0122_child_1,1,0,0.2,1,0,0.4,1,0,0.4,1,0,0.4,1,0,0.6
nomic-recommended-prefixes,Q053,test_suite,5,6,33.24,parent_0216_child_3,0.769336,0.755897,parent_0216_child_3|parent_0098_child_2|parent_0161_child_1|parent_0214_child_3|parent_0211_child_2,parent_0122_child_5|parent_0122_child_4,0,0,0.0,0,0,0.0,1,0,0.4,1,0,0.4,1,0,0.6
nomic-recommended-prefixes,Q054,test_suite,3,1,37.4,parent_0123_child_2,0.75145,0.75145,parent_0123_child_2|parent_0123_child_1|parent_0196_child_5|parent_0281_child_4|parent_0151_child_7,parent_0123_child_2|parent_0123_child_1|parent_0123_child_3,1,0,0.333333,1,0,0.666667,1,1,1.0,1,1,1.0,1,1,1.0
nomic-recommended-prefixes,Q055,test_suite,10,1,85.54,parent_0126_child_3,0.775062,0.775062,parent_0126_child_3|parent_0103_child_2|parent_0229_child_1|parent_0196_child_5|parent_0030_child_1,parent_0126_child_3,1,0,0.1,1,0,0.1,1,0,0.1,1,0,0.3,1,0,0.6
nomic-recommended-prefixes,Q056,test_suite,10,2,29.78,parent_0030_child_1,0.746192,0.72716,parent_0030_child_1|parent_0126_child_3|parent_0103_child_2|parent_0126_child_7|parent_0146_child_3,parent_0126_child_3|parent_0126_child_7|parent_0126_child_2|parent_0126_child_6,0,0,0.0,1,0,0.2,1,0,0.4,1,0,0.4,1,0,0.5
nomic-recommended-prefixes,Q057,test_suite,10,3,34.88,parent_0229_child_1,0.768654,0.748909,parent_0229_child_1|parent_0236_child_2|parent_0126_child_8|parent_0138_child_1|parent_0030_child_1,parent_0126_child_8|parent_0126_child_9,0,0,0.0,1,0,0.1,1,0,0.2,1,0,0.3,1,0,0.7
nomic-recommended-prefixes,Q058,test_suite,10,1,32.53,parent_0134_child_1,0.773407,0.773407,parent_0134_child_1|parent_0134_child_4|parent_0134_child_8|parent_0033_child_1|parent_0136_child_1,parent_0134_child_1|parent_0134_child_4|parent_0134_child_8|parent_0134_child_7|parent_0134_child_5,1,0,0.1,1,0,0.3,1,0,0.5,1,0,0.7,1,1,1.0
nomic-recommended-prefixes,Q059,test_suite,10,1,31.16,parent_0134_child_8,0.788288,0.788288,parent_0134_child_8|parent_0134_child_9|parent_0134_child_10|parent_0122_child_5|parent_0127_child_2,parent_0134_child_8|parent_0134_child_9|parent_0134_child_10|parent_0134_child_1,1,0,0.1,1,0,0.3,1,0,0.4,1,0,0.4,1,0,0.5
nomic-recommended-prefixes,Q060,test_suite,5,1,33.43,parent_0137_child_5,0.753719,0.753719,parent_0137_child_5|parent_0147_child_2|parent_0147_child_1|parent_0115_child_1|parent_0223_child_2,parent_0137_child_5|parent_0137_child_4,1,0,0.2,1,0,0.2,1,0,0.4,1,0,0.4,1,0,0.4
nomic-recommended-prefixes,Q061,test_suite,4,3,30.79,parent_0131_child_1,0.787618,0.760802,parent_0131_child_1|parent_0033_child_1|parent_0132_child_3|parent_0022_child_1|parent_0132_child_4,parent_0132_child_3|parent_0132_child_4,0,0,0.0,1,0,0.5,1,0,0.5,1,0,0.5,1,0,0.75
nomic-recommended-prefixes,Q062,test_suite,10,1,33.62,parent_0134_child_1,0.766798,0.766798,parent_0134_child_1|parent_0033_child_1|parent_0134_child_8|parent_0134_child_7|parent_0126_child_2,parent_0134_child_1|parent_0134_child_8|parent_0134_child_7,1,0,0.1,1,0,0.3,1,0,0.3,1,0,0.6,1,0,0.8
nomic-recommended-prefixes,Q063,test_suite,12,1,34.31,parent_0116_child_1,0.756964,0.756964,parent_0116_child_1|parent_0027_child_1|parent_0117_child_3|parent_0103_child_2|parent_0116_child_12,parent_0116_child_1|parent_0116_child_12,1,0,0.083333,1,0,0.166667,1,0,0.166667,1,0,0.416667,1,1,1.0
nomic-recommended-prefixes,Q064,test_suite,12,1,36.84,parent_0116_child_3,0.716581,0.716581,parent_0116_child_3|parent_0116_child_1|parent_0027_child_1|parent_0116_child_9|parent_0139_child_7,parent_0116_child_3|parent_0116_child_1|parent_0116_child_9|parent_0116_child_12,1,0,0.083333,1,0,0.25,1,0,0.333333,1,0,0.416667,1,1,1.0
nomic-recommended-prefixes,Q065,test_suite,12,1,30.44,parent_0116_child_4,0.754521,0.754521,parent_0116_child_4|parent_0116_child_5|parent_0140_child_3|parent_0116_child_1|parent_0116_child_9,parent_0116_child_4|parent_0116_child_5|parent_0116_child_1|parent_0116_child_9|parent_0116_child_6|parent_0116_child_8,1,0,0.083333,1,0,0.333333,1,0,0.5,1,0,0.666667,1,0,0.916667
nomic-recommended-prefixes,Q066,test_suite,12,1,30.08,parent_0116_child_12,0.776419,0.776419,parent_0116_child_12|parent_0117_child_2|parent_0117_child_6|parent_0027_child_1|parent_0116_child_11,parent_0116_child_12|parent_0116_child_11,1,0,0.083333,1,0,0.166667,1,0,0.166667,1,0,0.166667,1,0,0.5
nomic-recommended-prefixes,Q067,test_suite,13,1,35.17,parent_0117_child_2,0.858456,0.858456,parent_0117_child_2|parent_0116_child_12|parent_0117_child_6|parent_0027_child_1|parent_0118_child_1,parent_0117_child_2|parent_0117_child_6|parent_0117_child_11|parent_0117_child_3|parent_0117_child_4|parent_0117_child_7,1,0,0.076923,1,0,0.153846,1,0,0.461538,1,0,0.692308,1,1,1.0
nomic-recommended-prefixes,Q068,test_suite,13,1,30.83,parent_0117_child_2,0.745264,0.745264,parent_0117_child_2|parent_0117_child_6|parent_0116_child_12|parent_0118_child_1|parent_0117_child_3,parent_0117_child_2|parent_0117_child_6|parent_0117_child_3|parent_0117_child_4|parent_0117_child_11|parent_0117_child_13,1,0,0.076923,1,0,0.230769,1,0,0.461538,1,0,0.538462,1,0,0.846154
nomic-recommended-prefixes,Q069,test_suite,13,1,32.19,parent_0117_child_11,0.739522,0.739522,parent_0117_child_11|parent_0027_child_1|parent_0117_child_10|parent_0117_child_12|parent_0116_child_9,parent_0117_child_11|parent_0117_child_10|parent_0117_child_12|parent_0117_child_6|parent_0117_child_7,1,0,0.076923,1,0,0.230769,1,0,0.384615,1,0,0.461538,1,0,0.846154
nomic-recommended-prefixes,Q070,test_suite,9,2,35.08,parent_0034_child_1,0.731233,0.72263,parent_0034_child_1|parent_0139_child_5|parent_0139_child_1|parent_0035_child_1|parent_0235_child_1,parent_0139_child_5|parent_0139_child_1,0,0,0.0,1,0,0.222222,1,0,0.222222,1,0,0.555556,1,1,1.0
nomic-recommended-prefixes,Q071,test_suite,6,1,31.64,parent_0141_child_2,0.751399,0.751399,parent_0141_child_2|parent_0034_child_1|parent_0142_child_1|parent_0035_child_1|parent_0141_child_5,parent_0141_child_2|parent_0141_child_5,1,0,0.166667,1,0,0.333333,1,0,0.333333,1,0,0.5,1,0,0.833333
nomic-recommended-prefixes,Q072,test_suite,6,1,35.59,parent_0141_child_6,0.802292,0.802292,parent_0141_child_6|parent_0142_child_2|parent_0034_child_1|parent_0117_child_4|parent_0142_child_6,parent_0141_child_6|parent_0141_child_2|parent_0141_child_1,1,0,0.166667,1,0,0.166667,1,0,0.5,1,0,0.666667,1,0,0.833333
nomic-recommended-prefixes,Q073,test_suite,9,1,37.4,parent_0139_child_6,0.751762,0.751762,parent_0139_child_6|parent_0034_child_1|parent_0235_child_2|parent_0235_child_1|parent_0186_child_2,parent_0139_child_6|parent_0139_child_2|parent_0139_child_7|parent_0139_child_5,1,0,0.111111,1,0,0.111111,1,0,0.444444,1,0,0.444444,1,0,0.888889
nomic-recommended-prefixes,Q074,test_suite,10,1,33.69,parent_0142_child_9,0.779576,0.779576,parent_0142_child_9|parent_0142_child_10|parent_0142_child_7|parent_0142_child_8|parent_0035_child_1,parent_0142_child_9|parent_0142_child_10|parent_0142_child_7|parent_0142_child_8,1,0,0.1,1,0,0.4,1,0,0.4,1,0,0.4,1,0,0.4
nomic-recommended-prefixes,Q075,test_suite,1,1,31.55,parent_0194_child_1,0.751296,0.751296,parent_0194_child_1|parent_0051_child_1|parent_0195_child_4|parent_0039_child_1|parent_0203_child_3,parent_0194_child_1,1,1,1.0,1,1,1.0,1,1,1.0,1,1,1.0,1,1,1.0
nomic-recommended-prefixes,Q076,test_suite,1,2,32.31,parent_0195_child_1,0.744082,0.701592,parent_0195_child_1|parent_0194_child_1|parent_0150_child_14|parent_0128_child_5|parent_0275_child_1,parent_0194_child_1,0,0,0.0,1,1,1.0,1,1,1.0,1,1,1.0,1,1,1.0
nomic-recommended-prefixes,Q077,test_suite,5,1,35.18,parent_0195_child_4,0.765059,0.765059,parent_0195_child_4|parent_0051_child_1|parent_0103_child_2|parent_0196_child_3|parent_0196_child_2,parent_0195_child_4|parent_0195_child_5,1,0,0.2,1,0,0.2,1,0,0.4,1,0,0.8,1,0,0.8
nomic-recommended-prefixes,Q078,test_suite,5,1,39.75,parent_0195_child_4,0.751967,0.751967,parent_0195_child_4|parent_0051_child_1|parent_0150_child_17|parent_0217_child_6|parent_0153_child_1,parent_0195_child_4|parent_0195_child_5,1,0,0.2,1,0,0.2,1,0,0.4,1,0,0.4,1,0,0.8
nomic-recommended-prefixes,Q079,test_suite,5,1,43.87,parent_0196_child_1,0.772085,0.772085,parent_0196_child_1|parent_0196_child_3|parent_0196_child_2|parent_0196_child_4|parent_0196_child_5,parent_0196_child_1|parent_0196_child_3|parent_0196_child_2|parent_0196_child_4|parent_0196_child_5,1,0,0.2,1,1,1.0,1,1,1.0,1,1,1.0,1,1,1.0
nomic-recommended-prefixes,Q080,test_suite,5,1,41.55,parent_0196_child_3,0.77079,0.77079,parent_0196_child_3|parent_0197_child_7|parent_0197_child_4|parent_0196_child_1|parent_0197_child_5,parent_0196_child_3|parent_0196_child_1|parent_0196_child_2|parent_0196_child_5|parent_0196_child_4,1,0,0.2,1,0,0.4,1,1,1.0,1,1,1.0,1,1,1.0
nomic-recommended-prefixes,Q081,test_suite,7,1,40.6,parent_0197_child_4,0.798957,0.798957,parent_0197_child_4|parent_0151_child_7|parent_0196_child_3|parent_0197_child_5|parent_0145_child_4,parent_0197_child_4|parent_0197_child_5|parent_0197_child_7,1,0,0.142857,1,0,0.285714,1,0,0.428571,1,0,0.857143,1,1,1.0
nomic-recommended-prefixes,Q082,test_suite,7,3,34.57,parent_0151_child_7,0.722941,0.70303,parent_0151_child_7|parent_0196_child_3|parent_0197_child_5|parent_0197_child_4|parent_0197_child_7,parent_0197_child_5|parent_0197_child_4|parent_0197_child_7|parent_0197_child_6,0,0,0.0,1,0,0.428571,1,0,0.571429,1,0,0.714286,1,0,0.857143
nomic-recommended-prefixes,Q083,test_suite,12,3,30.85,parent_0052_child_1,0.776048,0.709374,parent_0052_child_1|parent_0198_child_2|parent_0196_child_3|parent_0218_child_1|parent_0197_child_5,parent_0196_child_3|parent_0197_child_5|parent_0196_child_2,0,0,0.0,1,0,0.166667,1,0,0.25,1,0,0.416667,1,0,0.833333
nomic-recommended-prefixes,Q084,test_suite,17,2,112.85,parent_0151_child_14,0.72977,0.71774,parent_0151_child_14|parent_0150_child_13|parent_0194_child_1|parent_0039_child_1|parent_0151_child_12,parent_0150_child_13|parent_0150_child_17|parent_0150_child_14,0,0,0.0,1,0,0.058824,1,0,0.176471,1,0,0.235294,1,0,0.470588
nomic-recommended-prefixes,Q085,test_suite,3,1,34.65,parent_0164_child_2,0.784092,0.784092,parent_0164_child_2|parent_0177_child_3|parent_0169_child_5|parent_0168_child_2|parent_0112_child_2,parent_0164_child_2|parent_0164_child_3,1,0,0.333333,1,0,0.333333,1,0,0.666667,1,0,0.666667,1,0,0.666667
nomic-recommended-prefixes,Q086,test_suite,3,1,32.56,parent_0164_child_3,0.782819,0.782819,parent_0164_child_3|parent_0165_child_1|parent_0174_child_1|parent_0164_child_2|parent_0153_child_1,parent_0164_child_3|parent_0164_child_2,1,0,0.333333,1,0,0.666667,1,0,0.666667,1,0,0.666667,1,1,1.0
nomic-recommended-prefixes,Q087,test_suite,5,2,31.31,parent_0168_child_4,0.668008,0.663848,parent_0168_child_4|parent_0159_child_3|parent_0169_child_1|parent_0167_child_1|parent_0168_child_2,parent_0159_child_3,0,0,0.0,1,0,0.2,1,0,0.2,1,0,0.2,1,0,0.4
nomic-recommended-prefixes,Q088,test_suite,4,1,34.53,parent_0171_child_4,0.684764,0.684764,parent_0171_child_4|parent_0171_child_3|parent_0044_child_1|parent_0172_child_2|parent_0172_child_1,parent_0171_child_4|parent_0171_child_3,1,0,0.25,1,0,0.5,1,0,0.5,1,0,0.5,1,1,1.0
nomic-recommended-prefixes,Q089,test_suite,4,4,31.45,parent_0164_child_1,0.793359,0.715885,parent_0164_child_1|parent_0151_child_12|parent_0044_child_1|parent_0172_child_3|parent_0173_child_1,parent_0172_child_3|parent_0172_child_4,0,0,0.0,1,0,0.25,1,0,0.5,1,0,0.5,1,1,1.0
nomic-recommended-prefixes,Q090,test_suite,3,1,33.89,parent_0164_child_2,0.707909,0.707909,parent_0164_child_2|parent_0175_child_2|parent_0176_child_5|parent_0176_child_2|parent_0167_child_1,parent_0164_child_2,1,0,0.333333,1,0,0.333333,1,0,0.333333,1,0,0.333333,1,0,0.333333
nomic-recommended-prefixes,Q091,test_suite,4,1,33.58,parent_0168_child_3,0.779137,0.779137,parent_0168_child_3|parent_0167_child_1|parent_0168_child_4|parent_0166_child_1|parent_0159_child_3,parent_0168_child_3|parent_0168_child_4|parent_0168_child_2,1,0,0.25,1,0,0.5,1,0,0.75,1,0,0.75,1,0,0.75
nomic-recommended-prefixes,Q092,test_suite,5,8,30.7,parent_0168_child_3,0.719148,0.677179,parent_0168_child_3|parent_0160_child_1|parent_0159_child_3|parent_0221_child_1|parent_0183_child_4,parent_0169_child_1,0,0,0.0,0,0,0.0,1,0,0.2,1,0,0.4,1,0,0.4
nomic-recommended-prefixes,Q093,test_suite,2,1,34.3,parent_0175_child_2,0.822715,0.822715,parent_0175_child_2|parent_0176_child_5|parent_0168_child_4|parent_0043_child_1|parent_0169_child_2,parent_0175_child_2,1,0,0.5,1,0,0.5,1,0,0.5,1,0,0.5,1,0,0.5
nomic-recommended-prefixes,Q094,test_suite,2,2,36.07,parent_0167_child_1,0.731235,0.713379,parent_0167_child_1|parent_0175_child_2|parent_0183_child_1|parent_0183_child_4|parent_0159_child_3,parent_0175_child_2,0,0,0.0,1,0,0.5,1,0,0.5,1,0,0.5,1,0,0.5
nomic-recommended-prefixes,Q095,test_suite,5,1,32.52,parent_0176_child_3,0.798413,0.798413,parent_0176_child_3|parent_0175_child_2|parent_0176_child_2|parent_0043_child_1|parent_0164_child_2,parent_0176_child_3|parent_0176_child_2|parent_0176_child_5,1,0,0.2,1,0,0.4,1,0,0.6,1,0,0.6,1,0,0.6
nomic-recommended-prefixes,Q096,test_suite,1,1,34.44,parent_0179_child_1,0.853752,0.853752,parent_0179_child_1|parent_0211_child_1|parent_0112_child_1|parent_0160_child_1|parent_0170_child_2,parent_0179_child_1,1,1,1.0,1,1,1.0,1,1,1.0,1,1,1.0,1,1,1.0
nomic-recommended-prefixes,Q097,test_suite,1,1,31.99,parent_0179_child_1,0.722981,0.722981,parent_0179_child_1|parent_0086_child_1|parent_0183_child_3|parent_0075_child_2|parent_0175_child_2,parent_0179_child_1,1,1,1.0,1,1,1.0,1,1,1.0,1,1,1.0,1,1,1.0
nomic-recommended-prefixes,Q098,test_suite,4,2,29.44,parent_0197_child_7,0.754719,0.747032,parent_0197_child_7|parent_0145_child_4|parent_0146_child_6|parent_0145_child_2|parent_0036_child_1,parent_0145_child_4|parent_0145_child_2,0,0,0.0,1,0,0.5,1,0,0.5,1,0,0.5,1,0,0.75
nomic-recommended-prefixes,Q099,test_suite,7,1,33.46,parent_0146_child_6,0.738345,0.738345,parent_0146_child_6|parent_0211_child_1|parent_0211_child_4|parent_0146_child_7|parent_0147_child_1,parent_0146_child_6|parent_0146_child_7,1,0,0.142857,1,0,0.285714,1,0,0.285714,1,0,0.285714,1,0,0.285714
nomic-recommended-prefixes,Q100,test_suite,5,1,33.6,parent_0222_child_5,0.793093,0.793093,parent_0222_child_5|parent_0223_child_8|parent_0223_child_1|parent_0196_child_5|parent_0223_child_3,parent_0222_child_5|parent_0222_child_4,1,0,0.2,1,0,0.2,1,0,0.4,1,0,0.4,1,0,0.4
nomic-recommended-prefixes,Q101,test_suite,1,6,35.59,parent_0229_child_2,0.783693,0.761115,parent_0229_child_2|parent_0229_child_1|parent_0230_child_1|parent_0229_child_5|parent_0229_child_4,parent_0228_child_1,0,0,0.0,0,0,0.0,1,1,1.0,1,1,1.0,1,1,1.0
nomic-recommended-prefixes,Q102,test_suite,3,3,32.25,parent_0041_child_1,0.780413,0.769281,parent_0041_child_1|parent_0261_child_1|parent_0158_child_1|parent_0263_child_1|parent_0066_child_1,parent_0158_child_1,0,0,0.0,1,0,0.333333,1,0,0.333333,1,0,0.333333,1,1,1.0
nomic-recommended-prefixes,Q103,test_suite,17,2,31.62,parent_0037_child_1,0.804604,0.798654,parent_0037_child_1|parent_0150_child_17|parent_0150_child_2|parent_0150_child_7|parent_0150_child_13,parent_0150_child_17|parent_0150_child_2|parent_0150_child_7|parent_0150_child_13|parent_0150_child_15|parent_0150_child_11|parent_0150_child_1|parent_0150_child_16,0,0,0.0,1,0,0.235294,1,0,0.470588,1,0,0.588235,1,1,1.0
nomic-recommended-prefixes,Q104,test_suite,17,1,29.94,parent_0150_child_7,0.761823,0.761823,parent_0150_child_7|parent_0196_child_3|parent_0150_child_6|parent_0197_child_5|parent_0151_child_7,parent_0150_child_7|parent_0150_child_6|parent_0150_child_5,1,0,0.058824,1,0,0.117647,1,0,0.176471,1,0,0.294118,1,0,0.764706
nomic-recommended-prefixes,Q105,test_suite,19,3,29.16,parent_0039_child_1,0.794464,0.766875,parent_0039_child_1|parent_0038_child_1|parent_0151_child_12|parent_0151_child_14|parent_0153_child_1,parent_0151_child_12|parent_0151_child_14|parent_0151_child_4|parent_0151_child_1,0,0,0.0,1,0,0.105263,1,0,0.210526,1,0,0.526316,1,0,0.894737
nomic-recommended-prefixes,Q106,test_suite,2,3,31.75,parent_0157_child_8,0.797024,0.766176,parent_0157_child_8|parent_0040_child_1|parent_0154_child_2|parent_0154_child_1|parent_0156_child_1,parent_0154_child_2|parent_0154_child_1,0,0,0.0,1,1,1.0,1,1,1.0,1,1,1.0,1,1,1.0
nomic-recommended-prefixes,Q107,test_suite,9,1,33.08,parent_0198_child_4,0.802854,0.802854,parent_0198_child_4|parent_0052_child_1|parent_0198_child_7|parent_0196_child_1|parent_0199_child_2,parent_0198_child_4|parent_0198_child_7,1,0,0.111111,1,0,0.222222,1,0,0.222222,1,0,0.333333,1,0,0.555556
nomic-recommended-prefixes,Q108,test_suite,9,2,29.58,parent_0052_child_1,0.78637,0.785726,parent_0052_child_1|parent_0198_child_4|parent_0198_child_7|parent_0196_child_1|parent_0198_child_8,parent_0198_child_4|parent_0198_child_7|parent_0198_child_8,0,0,0.0,1,0,0.333333,1,0,0.333333,1,0,0.333333,1,0,0.666667
nomic-recommended-prefixes,Q109,test_suite,5,1,29.83,parent_0199_child_2,0.785815,0.785815,parent_0199_child_2|parent_0052_child_1|parent_0198_child_4|parent_0198_child_7|parent_0202_child_1,parent_0199_child_2|parent_0199_child_3,1,0,0.2,1,0,0.2,1,0,0.4,1,0,0.4,1,1,1.0
nomic-recommended-prefixes,Q110,test_suite,2,5,33.17,parent_0332_child_1,0.782612,0.723811,parent_0332_child_1|parent_0331_child_1|parent_0067_child_1|parent_0061_child_1|parent_0221_child_2,parent_0221_child_2,0,0,0.0,1,0,0.5,1,0,0.5,1,0,0.5,1,1,1.0
nomic-recommended-prefixes,Q111,test_suite,1,2,35.39,parent_0060_child_1,0.807623,0.785151,parent_0060_child_1|parent_0219_child_1|parent_0220_child_1|parent_0218_child_11|parent_0217_child_6,parent_0219_child_1,0,0,0.0,1,1,1.0,1,1,1.0,1,1,1.0,1,1,1.0
nomic-recommended-prefixes,Q112,test_suite,2,1,34.72,parent_0070_child_1,0.743499,0.743499,parent_0070_child_1|parent_0183_child_3|parent_0222_child_3|parent_0192_child_8|parent_0142_child_6,parent_0070_child_1,1,0,0.5,1,0,0.5,1,0,0.5,1,0,0.5,1,1,1.0
nomic-recommended-prefixes,Q113,test_suite,6,1,33.07,parent_0236_child_5,0.819732,0.819732,parent_0236_child_5|parent_0062_child_1|parent_0234_child_1|parent_0185_child_2|parent_0212_child_2,parent_0236_child_5,1,0,0.166667,1,0,0.166667,1,0,0.166667,1,0,0.333333,1,0,0.333333
nomic-recommended-prefixes,Q114,test_suite,9,1,36.11,parent_0217_child_1,0.77802,0.77802,parent_0217_child_1|parent_0058_child_1|parent_0217_child_6|parent_0234_child_1|parent_0214_child_3,parent_0217_child_1|parent_0217_child_6|parent_0217_child_3|parent_0217_child_8,1,0,0.111111,1,0,0.222222,1,0,0.444444,1,0,0.444444,1,0,0.666667
nomic-recommended-prefixes,Q115,test_suite,5,3,94.85,parent_0034_child_1,0.722097,0.687113,parent_0034_child_1|parent_0128_child_4|parent_0137_child_4|parent_0142_child_9|parent_0128_child_7,parent_0137_child_4,0,0,0.0,1,0,0.2,1,0,0.2,1,0,0.2,1,0,0.6
nomic-recommended-prefixes,Q116,test_suite,2,1,35.29,parent_0148_child_1,0.822756,0.822756,parent_0148_child_1|parent_0147_child_1|parent_0147_child_2|parent_0149_child_1|parent_0146_child_7,parent_0148_child_1,1,0,0.5,1,0,0.5,1,0,0.5,1,0,0.5,1,1,1.0
nomic-recommended-prefixes,Q117,test_suite,3,2,31.66,parent_0053_child_1,0.825412,0.820546,parent_0053_child_1|parent_0203_child_1|parent_0203_child_3|parent_0114_child_3|parent_0203_child_2,parent_0203_child_1|parent_0203_child_3|parent_0203_child_2,0,0,0.0,1,1,1.0,1,1,1.0,1,1,1.0,1,1,1.0
nomic-recommended-prefixes,Q118,test_suite,9,1,35.25,parent_0217_child_6,0.772656,0.772656,parent_0217_child_6|parent_0188_child_1|parent_0229_child_5|parent_0193_child_5|parent_0117_child_12,parent_0217_child_6,1,0,0.111111,1,0,0.111111,1,0,0.111111,1,0,0.111111,1,0,0.444444
nomic-recommended-prefixes,Q119,test_suite,18,1,29.81,parent_0122_child_4,0.754512,0.754512,parent_0122_child_4|parent_0097_child_13|parent_0115_child_1|parent_0217_child_1|parent_0236_child_5,parent_0122_child_4|parent_0097_child_13|parent_0122_child_1,1,0,0.055556,1,0,0.111111,1,0,0.166667,1,0,0.166667,1,0,0.5
nomic-recommended-prefixes,Q120,test_suite,4,1,30.45,parent_0076_child_1,0.680227,0.680227,parent_0076_child_1|parent_0076_child_2|parent_0007_child_1|parent_0074_child_1|parent_0075_child_3,parent_0076_child_1|parent_0076_child_2|parent_0074_child_1,1,0,0.25,1,0,0.75,1,0,0.75,1,0,0.75,1,1,1.0
nomic-recommended-prefixes,Q121,test_suite,9,1,31.82,parent_0141_child_2,0.701253,0.701253,parent_0141_child_2|parent_0142_child_6|parent_0217_child_6|parent_0160_child_2|parent_0146_child_6,parent_0141_child_2,1,0,0.111111,1,0,0.111111,1,0,0.111111,1,0,0.333333,1,0,0.666667
nomic-recommended-prefixes,Q122,test_suite,7,1,35.6,parent_0123_child_2,0.792803,0.792803,parent_0123_child_2|parent_0123_child_1|parent_0098_child_2|parent_0098_child_3|parent_0146_child_4,parent_0123_child_2|parent_0123_child_1|parent_0098_child_2|parent_0098_child_3|parent_0123_child_3,1,0,0.142857,1,0,0.571429,1,0,0.714286,1,0,0.857143,1,0,0.857143
nomic-recommended-prefixes,Q123,test_suite,2,1,29.15,parent_0219_child_1,0.703098,0.703098,parent_0219_child_1|parent_0059_child_1|parent_0060_child_1|parent_0218_child_11|parent_0281_child_4,parent_0219_child_1,1,0,0.5,1,0,0.5,1,0,0.5,1,1,1.0,1,1,1.0
nomic-recommended-prefixes,Q124,test_suite,4,1,32.59,parent_0183_child_1,0.746052,0.746052,parent_0183_child_1|parent_0047_child_1|parent_0183_child_4|parent_0183_child_3|parent_0046_child_1,parent_0183_child_1|parent_0183_child_4|parent_0183_child_3,1,0,0.25,1,0,0.75,1,0,0.75,1,1,1.0,1,1,1.0
nomic-recommended-prefixes,Q125,test_suite,21,1,35.15,parent_0139_child_5,0.799316,0.799316,parent_0139_child_5|parent_0116_child_1|parent_0034_child_1|parent_0035_child_1|parent_0140_child_3,parent_0139_child_5|parent_0116_child_1|parent_0139_child_1|parent_0139_child_7|parent_0116_child_3|parent_0116_child_9,1,0,0.047619,1,0,0.095238,1,0,0.285714,1,0,0.52381,1,1,1.0
nomic-recommended-prefixes,Q126,test_suite,18,1,35.5,parent_0194_child_1,0.724184,0.724184,parent_0194_child_1|parent_0151_child_14|parent_0150_child_14|parent_0150_child_13|parent_0151_child_12,parent_0194_child_1|parent_0150_child_14|parent_0150_child_13,1,0,0.055556,1,0,0.166667,1,0,0.166667,1,0,0.222222,1,0,0.5
nomic-recommended-prefixes,Q127,test_suite,13,3,32.04,parent_0057_child_1,0.805942,0.76293,parent_0057_child_1|parent_0214_child_3|parent_0215_child_1|parent_0211_child_4|parent_0209_child_1,parent_0215_child_1|parent_0211_child_4|parent_0209_child_1|parent_0215_child_2|parent_0215_child_5|parent_0215_child_3|parent_0215_child_8,0,0,0.0,1,0,0.230769,1,0,0.538462,1,0,0.846154,1,1,1.0
nomic-recommended-prefixes,Q128,test_suite,4,1,38.02,parent_0088_child_2,0.724063,0.724063,parent_0088_child_2|parent_0092_child_1|parent_0014_child_1|parent_0090_child_1|parent_0091_child_1,parent_0088_child_2|parent_0091_child_1|parent_0088_child_3,1,0,0.25,1,0,0.5,1,0,0.75,1,0,0.75,1,1,1.0
nomic-recommended-prefixes,Q130,test_suite,1,5,31.64,parent_0088_child_3,0.684537,0.656037,parent_0088_child_3|parent_0088_child_2|parent_0195_child_5|parent_0178_child_1|parent_0012_child_1,parent_0012_child_1,0,0,0.0,1,1,1.0,1,1,1.0,1,1,1.0,1,1,1.0
nomic-recommended-prefixes,Q131,test_suite,1,11,28.52,parent_0089_child_2,0.693626,0.625938,parent_0089_child_2|parent_0088_child_3|parent_0088_child_2|parent_0195_child_5|parent_0178_child_1,,0,0,0.0,0,0,0.0,0,0,0.0,1,1,1.0,1,1,1.0
nomic-recommended-prefixes,Q135,test_suite,1,11,31.66,parent_0195_child_5,0.695094,0.651949,parent_0195_child_5|parent_0088_child_2|parent_0153_child_1|parent_0146_child_7|parent_0151_child_15,,0,0,0.0,0,0,0.0,0,0,0.0,1,1,1.0,1,1,1.0
nomic-recommended-prefixes,Q136,test_suite,1,171,28.02,parent_0043_child_1,0.680201,0.589974,parent_0043_child_1|parent_0089_child_2|parent_0183_child_4|parent_0236_child_3|parent_0088_child_3,,0,0,0.0,0,0,0.0,0,0,0.0,0,0,0.0,0,0,0.0
nomic-recommended-prefixes,Q137,test_suite,1,231,27.17,parent_0178_child_1,0.720469,0.602944,parent_0178_child_1|parent_0183_child_4|parent_0153_child_1|parent_0088_child_2|parent_0062_child_1,,0,0,0.0,0,0,0.0,0,0,0.0,0,0,0.0,0,0,0.0
nomic-recommended-prefixes,Q141,test_suite,2,2,34.72,parent_0048_child_1,0.709524,0.699622,parent_0048_child_1|parent_0185_child_2|parent_0185_child_1|parent_0132_child_3|parent_0106_child_12,parent_0185_child_2|parent_0185_child_1,0,0,0.0,1,1,1.0,1,1,1.0,1,1,1.0,1,1,1.0
nomic-recommended-prefixes,Q142,test_suite,2,10,38.52,parent_0183_child_4,0.694656,0.652413,parent_0183_child_4|parent_0118_child_1|parent_0297_child_8|parent_0117_child_11|parent_0117_child_1,parent_0185_child_2,0,0,0.0,0,0,0.0,1,0,0.5,1,0,0.5,1,0,0.5
nomic-recommended-prefixes,Q143,test_suite,5,111,27.95,parent_0088_child_2,0.698601,0.61688,parent_0088_child_2|parent_0147_child_1|parent_0048_child_1|parent_0153_child_1|parent_0146_child_7,,0,0,0.0,0,0,0.0,0,0,0.0,0,0,0.0,0,0,0.0
nomic-recommended-prefixes,Q144,test_suite,2,1,37.1,parent_0186_child_1,0.799203,0.799203,parent_0186_child_1|parent_0186_child_2|parent_0048_child_1|parent_0189_child_1|parent_0183_child_4,parent_0186_child_1|parent_0186_child_2,1,0,0.5,1,1,1.0,1,1,1.0,1,1,1.0,1,1,1.0
nomic-recommended-prefixes,Q145,test_suite,1,2,29.62,parent_0049_child_1,0.787798,0.773225,parent_0049_child_1|parent_0190_child_1|parent_0192_child_8|parent_0236_child_1|parent_0192_child_3,parent_0190_child_1,0,0,0.0,1,1,1.0,1,1,1.0,1,1,1.0,1,1,1.0
nomic-recommended-prefixes,Q146,test_suite,1,7,33.91,parent_0191_child_2,0.753445,0.707963,parent_0191_child_2|parent_0049_child_1|parent_0236_child_1|parent_0191_child_1|parent_0048_child_1,parent_0190_child_1,0,0,0.0,0,0,0.0,1,1,1.0,1,1,1.0,1,1,1.0
nomic-recommended-prefixes,Q147,test_suite,10,1,31.86,parent_0192_child_1,0.772184,0.772184,parent_0192_child_1|parent_0049_child_1|parent_0191_child_2|parent_0192_child_8|parent_0192_child_4,parent_0192_child_1|parent_0192_child_8|parent_0192_child_4,1,0,0.1,1,0,0.3,1,0,0.3,1,0,0.7,1,1,1.0
nomic-recommended-prefixes,Q148,test_suite,10,4,32.9,parent_0049_child_1,0.772423,0.708617,parent_0049_child_1|parent_0190_child_1|parent_0236_child_1|parent_0192_child_9|parent_0192_child_10,parent_0192_child_9|parent_0192_child_10|parent_0192_child_8|parent_0192_child_4|parent_0192_child_3|parent_0192_child_2,0,0,0.0,1,0,0.2,1,0,0.6,1,0,0.8,1,1,1.0
nomic-recommended-prefixes,Q149,test_suite,6,2,29.49,parent_0050_child_1,0.793383,0.783437,parent_0050_child_1|parent_0193_child_1|parent_0193_child_3|parent_0193_child_2|parent_0193_child_4,parent_0193_child_1|parent_0193_child_3|parent_0193_child_2|parent_0193_child_4|parent_0193_child_5,0,0,0.0,1,0,0.666667,1,0,0.833333,1,1,1.0,1,1,1.0
nomic-recommended-prefixes,Q150,test_suite,6,1,36.07,parent_0193_child_3,0.796403,0.796403,parent_0193_child_3|parent_0050_child_1|parent_0193_child_1|parent_0193_child_4|parent_0193_child_2,parent_0193_child_3|parent_0193_child_1|parent_0193_child_4|parent_0193_child_2|parent_0193_child_5,1,0,0.166667,1,0,0.666667,1,0,0.833333,1,1,1.0,1,1,1.0
nomic-recommended-prefixes,Q151,test_suite,5,2,37.39,parent_0160_child_2,0.795181,0.778948,parent_0160_child_2|parent_0159_child_1|parent_0159_child_4|parent_0159_child_3|parent_0160_child_4,parent_0159_child_1|parent_0159_child_4|parent_0159_child_3|parent_0159_child_2,0,0,0.0,1,0,0.6,1,0,0.8,1,0,0.8,1,1,1.0
nomic-recommended-prefixes,Q152,test_suite,5,1,35.38,parent_0159_child_3,0.768079,0.768079,parent_0159_child_3|parent_0159_child_4|parent_0159_child_1|parent_0042_child_1|parent_0159_child_2,parent_0159_child_3|parent_0159_child_4|parent_0159_child_1|parent_0159_child_2|parent_0159_child_5,1,0,0.2,1,0,0.8,1,1,1.0,1,1,1.0,1,1,1.0
nomic-recommended-prefixes,Q153,test_suite,5,3,121.69,parent_0160_child_2,0.751828,0.738169,parent_0160_child_2|parent_0160_child_1|parent_0159_child_4|parent_0042_child_1|parent_0159_child_2,parent_0159_child_4|parent_0159_child_2|parent_0159_child_1,0,0,0.0,1,0,0.4,1,0,0.6,1,0,0.8,1,1,1.0
nomic-recommended-prefixes,Q154,test_suite,6,1,34.49,parent_0160_child_1,0.829736,0.829736,parent_0160_child_1|parent_0214_child_3|parent_0215_child_2|parent_0211_child_2|parent_0215_child_5,parent_0160_child_1,1,0,0.166667,1,0,0.166667,1,0,0.166667,1,0,0.166667,1,0,0.5
nomic-recommended-prefixes,Q155,test_suite,6,1,34.03,parent_0160_child_2,0.768565,0.768565,parent_0160_child_2|parent_0160_child_1|parent_0160_child_4|parent_0153_child_1|parent_0159_child_3,parent_0160_child_2|parent_0160_child_1|parent_0160_child_4,1,0,0.166667,1,0,0.5,1,0,0.5,1,0,0.5,1,0,0.833333
nomic-recommended-prefixes,Q156,test_suite,6,1,37.25,parent_0160_child_1,0.738713,0.738713,parent_0160_child_1|parent_0183_child_4|parent_0160_child_2|parent_0159_child_4|parent_0160_child_4,parent_0160_child_1|parent_0160_child_2|parent_0160_child_4,1,0,0.166667,1,0,0.5,1,0,0.5,1,0,0.5,1,0,0.5
nomic-recommended-prefixes,Q157,test_suite,6,1,39.08,parent_0160_child_2,0.825915,0.825915,parent_0160_child_2|parent_0159_child_4|parent_0042_child_1|parent_0160_child_1|parent_0159_child_3,parent_0160_child_2|parent_0160_child_1|parent_0160_child_4,1,0,0.166667,1,0,0.333333,1,0,0.5,1,0,0.666667,1,0,0.833333
nomic-recommended-prefixes,Q158,test_suite,5,1,38.15,parent_0159_child_4,0.715526,0.715526,parent_0159_child_4|parent_0147_child_1|parent_0148_child_1|parent_0146_child_6|parent_0159_child_3,parent_0159_child_4|parent_0159_child_3,1,0,0.2,1,0,0.4,1,0,0.4,1,0,0.4,1,1,1.0
nomic-recommended-prefixes,Q159,test_suite,6,2,34.08,parent_0160_child_2,0.72895,0.715809,parent_0160_child_2|parent_0161_child_1|parent_0147_child_2|parent_0192_child_8|parent_0070_child_1,parent_0161_child_1|parent_0161_child_4,0,0,0.0,1,0,0.166667,1,0,0.333333,1,0,0.333333,1,0,0.833333
nomic-recommended-prefixes,Q160,test_suite,6,1,35.14,parent_0161_child_1,0.719432,0.719432,parent_0161_child_1|parent_0161_child_4|parent_0161_child_5|parent_0043_child_1|parent_0160_child_2,parent_0161_child_1|parent_0161_child_4|parent_0161_child_5,1,0,0.166667,1,0,0.5,1,0,0.5,1,0,0.666667,1,0,0.833333
nomic-recommended-prefixes,Q161,test_suite,6,1,36.39,parent_0161_child_4,0.83652,0.83652,parent_0161_child_4|parent_0161_child_1|parent_0043_child_1|parent_0160_child_2|parent_0161_child_5,parent_0161_child_4|parent_0161_child_1|parent_0161_child_5|parent_0161_child_3,1,0,0.166667,1,0,0.5,1,0,0.666667,1,0,0.666667,1,1,1.0
nomic-recommended-prefixes,Q162,test_suite,6,1,38.53,parent_0161_child_5,0.799177,0.799177,parent_0161_child_5|parent_0161_child_4|parent_0043_child_1|parent_0161_child_1|parent_0159_child_3,parent_0161_child_5|parent_0161_child_4|parent_0161_child_1|parent_0161_child_3,1,0,0.166667,1,0,0.5,1,0,0.666667,1,0,0.666667,1,0,0.833333
nomic-recommended-prefixes,Q163,test_suite,1,1,33.61,parent_0162_child_1,0.784881,0.784881,parent_0162_child_1|parent_0043_child_1|parent_0315_child_1|parent_0229_child_5|parent_0161_child_6,parent_0162_child_1,1,1,1.0,1,1,1.0,1,1,1.0,1,1,1.0,1,1,1.0
nomic-recommended-prefixes,Q164,test_suite,1,1,32.9,parent_0163_child_1,0.735737,0.735737,parent_0163_child_1|parent_0043_child_1|parent_0147_child_1|parent_0224_child_1|parent_0146_child_6,parent_0163_child_1,1,1,1.0,1,1,1.0,1,1,1.0,1,1,1.0,1,1,1.0
nomic-recommended-prefixes,Q165,test_suite,1,2,26.19,parent_0057_child_1,0.795924,0.790718,parent_0057_child_1|parent_0209_child_1|parent_0214_child_3|parent_0211_child_4|parent_0215_child_3,parent_0209_child_1,0,0,0.0,1,1,1.0,1,1,1.0,1,1,1.0,1,1,1.0
nomic-recommended-prefixes,Q166,test_suite,4,5,32.41,parent_0057_child_1,0.766137,0.706837,parent_0057_child_1|parent_0215_child_2|parent_0214_child_3|parent_0209_child_1|parent_0211_child_4,parent_0211_child_4,0,0,0.0,1,0,0.25,1,0,0.25,1,0,0.5,1,1,1.0
nomic-recommended-prefixes,Q167,test_suite,4,3,36.32,parent_0214_child_3,0.721909,0.696076,parent_0214_child_3|parent_0057_child_1|parent_0211_child_4|parent_0215_child_1|parent_0138_child_1,parent_0211_child_4|parent_0211_child_1,0,0,0.0,1,0,0.25,1,0,0.5,1,0,0.75,1,1,1.0
nomic-recommended-prefixes,Q168,test_suite,8,1,32.29,parent_0215_child_2,0.817912,0.817912,parent_0215_child_2|parent_0215_child_4|parent_0057_child_1|parent_0215_child_5|parent_0215_child_3,parent_0215_child_2|parent_0215_child_4|parent_0215_child_5|parent_0215_child_3|parent_0215_child_7,1,0,0.125,1,0,0.5,1,0,0.625,1,0,0.75,1,1,1.0
nomic-recommended-prefixes,Q169,test_suite,8,1,37.89,parent_0215_child_2,0.755526,0.755526,parent_0215_child_2|parent_0215_child_4|parent_0057_child_1|parent_0090_child_1|parent_0081_child_1,parent_0215_child_2|parent_0215_child_4|parent_0215_child_5|parent_0215_child_3,1,0,0.125,1,0,0.25,1,0,0.5,1,0,0.75,1,1,1.0
nomic-recommended-prefixes,Q170,test_suite,8,1,28.48,parent_0215_child_8,0.760751,0.760751,parent_0215_child_8|parent_0057_child_1|parent_0216_child_3|parent_0214_child_3|parent_0211_child_4,parent_0215_child_8|parent_0215_child_1|parent_0215_child_3|parent_0215_child_2,1,0,0.125,1,0,0.125,1,0,0.5,1,0,0.875,1,1,1.0
nomic-recommended-prefixes,Q171,test_suite,4,1,31.19,parent_0183_child_1,0.762966,0.762966,parent_0183_child_1|parent_0047_child_1|parent_0183_child_4|parent_0183_child_3|parent_0088_child_2,parent_0183_child_1|parent_0183_child_4|parent_0183_child_3|parent_0183_child_2,1,0,0.25,1,0,0.75,1,1,1.0,1,1,1.0,1,1,1.0
nomic-recommended-prefixes,Q172,test_suite,4,1,35.09,parent_0183_child_1,0.774459,0.774459,parent_0183_child_1|parent_0047_child_1|parent_0183_child_4|parent_0183_child_3|parent_0182_child_2,parent_0183_child_1|parent_0183_child_4|parent_0183_child_3|parent_0183_child_2,1,0,0.25,1,0,0.75,1,1,1.0,1,1,1.0,1,1,1.0
nomic-recommended-prefixes,Q173,test_suite,4,1,33.97,parent_0183_child_1,0.776852,0.776852,parent_0183_child_1|parent_0047_child_1|parent_0183_child_4|parent_0183_child_3|parent_0182_child_2,parent_0183_child_1|parent_0183_child_4|parent_0183_child_3|parent_0183_child_2,1,0,0.25,1,0,0.75,1,1,1.0,1,1,1.0,1,1,1.0
nomic-recommended-prefixes,Q174,test_suite,4,1,34.09,parent_0183_child_1,0.737994,0.737994,parent_0183_child_1|parent_0047_child_1|parent_0183_child_3|parent_0183_child_4|parent_0183_child_2,parent_0183_child_1|parent_0183_child_3|parent_0183_child_4|parent_0183_child_2,1,0,0.25,1,1,1.0,1,1,1.0,1,1,1.0,1,1,1.0
nomic-recommended-prefixes,Q175,test_suite,4,1,30.04,parent_0183_child_3,0.695055,0.695055,parent_0183_child_3|parent_0012_child_1|parent_0182_child_5|parent_0175_child_2|parent_0044_child_1,parent_0183_child_3|parent_0183_child_4,1,0,0.25,1,0,0.25,1,0,0.5,1,0,0.75,1,1,1.0
nomic-recommended-prefixes,Q176,test_suite,5,1,33.69,parent_0182_child_5,0.785089,0.785089,parent_0182_child_5|parent_0046_child_1|parent_0086_child_1|parent_0087_child_2|parent_0087_child_1,parent_0182_child_5,1,0,0.2,1,0,0.2,1,0,0.2,1,0,0.6,1,0,0.8
nomic-recommended-prefixes,Q178,test_suite,5,4,30.96,parent_0183_child_4,0.709343,0.685563,parent_0183_child_4|parent_0183_child_1|parent_0047_child_1|parent_0182_child_2|parent_0183_child_3,parent_0182_child_2,0,0,0.0,1,0,0.2,1,0,0.2,1,0,0.2,1,0,0.4
nomic-recommended-prefixes,Q179,test_suite,5,1,28.9,parent_0182_child_3,0.726167,0.726167,parent_0182_child_3|parent_0178_child_1|parent_0046_child_1|parent_0048_child_1|parent_0168_child_4,parent_0182_child_3,1,0,0.2,1,0,0.2,1,0,0.2,1,0,0.2,1,1,1.0
nomic-recommended-prefixes,Q180,test_suite,5,1,34.96,parent_0182_child_5,0.72885,0.72885,parent_0182_child_5|parent_0234_child_1|parent_0182_child_3|parent_0221_child_1|parent_0075_child_3,parent_0182_child_5|parent_0182_child_3,1,0,0.2,1,0,0.4,1,0,0.4,1,0,0.4,1,0,0.6
nomic-recommended-prefixes,Q181,test_suite,3,2,34.03,parent_0053_child_1,0.825412,0.820546,parent_0053_child_1|parent_0203_child_1|parent_0203_child_3|parent_0114_child_3|parent_0203_child_2,parent_0203_child_1|parent_0203_child_3|parent_0203_child_2,0,0,0.0,1,1,1.0,1,1,1.0,1,1,1.0,1,1,1.0
nomic-recommended-prefixes,Q182,test_suite,3,2,27.37,parent_0053_child_1,0.769894,0.742451,parent_0053_child_1|parent_0203_child_3|parent_0056_child_1|parent_0052_child_1|parent_0203_child_1,parent_0203_child_3|parent_0203_child_1|parent_0203_child_2,0,0,0.0,1,0,0.666667,1,1,1.0,1,1,1.0,1,1,1.0
nomic-recommended-prefixes,Q183,test_suite,1,1,29.69,parent_0204_child_1,0.791754,0.791754,parent_0204_child_1|parent_0203_child_1|parent_0054_child_1|parent_0053_child_1|parent_0205_child_1,parent_0204_child_1,1,1,1.0,1,1,1.0,1,1,1.0,1,1,1.0,1,1,1.0
nomic-recommended-prefixes,Q184,test_suite,2,2,97.32,parent_0055_child_1,0.853274,0.840995,parent_0055_child_1|parent_0206_child_1|parent_0206_child_2|parent_0205_child_1|parent_0139_child_5,parent_0206_child_1|parent_0206_child_2,0,0,0.0,1,1,1.0,1,1,1.0,1,1,1.0,1,1,1.0
nomic-recommended-prefixes,Q185,test_suite,1,1,30.86,parent_0208_child_1,0.77394,0.77394,parent_0208_child_1|parent_0056_child_1|parent_0207_child_1|parent_0052_child_1|parent_0203_child_3,parent_0208_child_1,1,1,1.0,1,1,1.0,1,1,1.0,1,1,1.0,1,1,1.0
nomic-recommended-prefixes,Q186,test_suite,1,1,34.55,parent_0071_child_1,0.78032,0.78032,parent_0071_child_1|parent_0005_child_1|parent_0072_child_2|parent_0072_child_3|parent_0072_child_1,parent_0071_child_1,1,1,1.0,1,1,1.0,1,1,1.0,1,1,1.0,1,1,1.0
nomic-recommended-prefixes,Q188,test_suite,3,1,34.41,parent_0072_child_2,0.713553,0.713553,parent_0072_child_2|parent_0005_child_1|parent_0072_child_1|parent_0071_child_1|parent_0106_child_12,parent_0072_child_2|parent_0072_child_1|parent_0072_child_3,1,0,0.333333,1,0,0.666667,1,1,1.0,1,1,1.0,1,1,1.0
nomic-recommended-prefixes,Q189,test_suite,3,1,33.48,parent_0072_child_3,0.836495,0.836495,parent_0072_child_3|parent_0005_child_1|parent_0072_child_2|parent_0107_child_1|parent_0072_child_1,parent_0072_child_3|parent_0072_child_2|parent_0072_child_1,1,0,0.333333,1,1,1.0,1,1,1.0,1,1,1.0,1,1,1.0
nomic-recommended-prefixes,Q190,test_suite,4,6,31.93,parent_0146_child_7,0.815202,0.787368,parent_0146_child_7|parent_0147_child_1|parent_0148_child_1|parent_0036_child_1|parent_0146_child_6,parent_0145_child_1,0,0,0.0,0,0,0.0,1,0,0.25,1,1,1.0,1,1,1.0
nomic-recommended-prefixes,Q191,test_suite,1,4,37.06,parent_0148_child_1,0.807541,0.7938,parent_0148_child_1|parent_0147_child_1|parent_0146_child_6|parent_0036_child_1|parent_0145_child_2,parent_0036_child_1,0,0,0.0,1,1,1.0,1,1,1.0,1,1,1.0,1,1,1.0
nomic-recommended-prefixes,Q192,test_suite,2,1,34.65,parent_0147_child_1,0.791408,0.791408,parent_0147_child_1|parent_0147_child_2|parent_0146_child_6|parent_0146_child_7|parent_0151_child_14,parent_0147_child_1|parent_0147_child_2,1,0,0.5,1,1,1.0,1,1,1.0,1,1,1.0,1,1,1.0
nomic-recommended-prefixes,Q193,test_suite,3,1,29.71,parent_0149_child_2,0.772637,0.772637,parent_0149_child_2|parent_0149_child_3|parent_0117_child_4|parent_0148_child_1|parent_0146_child_6,parent_0149_child_2|parent_0149_child_3,1,0,0.333333,1,0,0.666667,1,0,0.666667,1,0,0.666667,1,1,1.0
nomic-recommended-prefixes,Q194,test_suite,17,2,27.69,parent_0037_child_1,0.788602,0.756252,parent_0037_child_1|parent_0150_child_2|parent_0150_child_17|parent_0150_child_1|parent_0197_child_7,parent_0150_child_2|parent_0150_child_17|parent_0150_child_1|parent_0150_child_15,0,0,0.0,1,0,0.176471,1,0,0.235294,1,0,0.411765,1,0,0.647059
nomic-recommended-prefixes,Q195,test_suite,17,1,35.18,parent_0150_child_17,0.794855,0.794855,parent_0150_child_17|parent_0037_child_1|parent_0150_child_7|parent_0150_child_8|parent_0150_child_2,parent_0150_child_17|parent_0150_child_7|parent_0150_child_8|parent_0150_child_2|parent_0150_child_13|parent_0150_child_9,1,0,0.058824,1,0,0.235294,1,0,0.352941,1,0,0.647059,1,0,0.941176
nomic-recommended-prefixes,Q196,test_suite,17,2,30.18,parent_0037_child_1,0.762136,0.744526,parent_0037_child_1|parent_0150_child_17|parent_0150_child_9|parent_0150_child_7|parent_0106_child_11,parent_0150_child_17|parent_0150_child_9|parent_0150_child_7|parent_0150_child_10|parent_0150_child_6|parent_0150_child_2,0,0,0.0,1,0,0.176471,1,0,0.352941,1,0,0.529412,1,0,0.941176
nomic-recommended-prefixes,Q197,test_suite,17,2,28.94,parent_0037_child_1,0.804645,0.800036,parent_0037_child_1|parent_0150_child_17|parent_0150_child_2|parent_0150_child_13|parent_0150_child_11,parent_0150_child_17|parent_0150_child_2|parent_0150_child_13|parent_0150_child_11|parent_0150_child_10|parent_0150_child_7|parent_0150_child_15|parent_0150_child_16,0,0,0.0,1,0,0.235294,1,0,0.470588,1,0,0.764706,1,1,1.0
nomic-recommended-prefixes,Q198,test_suite,17,3,34.45,parent_0151_child_12,0.788936,0.722763,parent_0151_child_12|parent_0037_child_1|parent_0150_child_17|parent_0150_child_11|parent_0150_child_2,parent_0150_child_17|parent_0150_child_11|parent_0150_child_2|parent_0150_child_13,0,0,0.0,1,0,0.176471,1,0,0.235294,1,0,0.352941,1,0,0.764706
nomic-recommended-prefixes,Q199,test_suite,17,1,36.46,parent_0150_child_17,0.7662,0.7662,parent_0150_child_17|parent_0037_child_1|parent_0150_child_2|parent_0217_child_6|parent_0150_child_13,parent_0150_child_17|parent_0150_child_2|parent_0150_child_13|parent_0150_child_16|parent_0150_child_7|parent_0150_child_11|parent_0150_child_10,1,0,0.058824,1,0,0.176471,1,0,0.411765,1,0,0.647059,1,1,1.0
nomic-recommended-prefixes,Q200,test_suite,19,1,31.41,parent_0151_child_8,0.798245,0.798245,parent_0151_child_8|parent_0153_child_1|parent_0039_child_1|parent_0151_child_14|parent_0150_child_17,parent_0151_child_8|parent_0151_child_14|parent_0151_child_9|parent_0151_child_12|parent_0151_child_15,1,0,0.052632,1,0,0.105263,1,0,0.263158,1,0,0.421053,1,0,0.736842
nomic-recommended-prefixes,Q001_v2,test_suite,2,4,36.27,parent_0232_child_1,0.774887,0.765343,parent_0232_child_1|parent_0160_child_4|parent_0219_child_1|parent_0069_child_1|parent_0061_child_1,parent_0069_child_1,0,0,0.0,1,0,0.5,1,0,0.5,1,0,0.5,1,1,1.0
nomic-recommended-prefixes,Q003_v2,test_suite,1,2,46.21,parent_0218_child_11,0.772148,0.755633,parent_0218_child_11|parent_0070_child_1|parent_0146_child_5|parent_0219_child_1|parent_0176_child_4,parent_0070_child_1,0,0,0.0,1,1,1.0,1,1,1.0,1,1,1.0,1,1,1.0
nomic-recommended-prefixes,Q004_v2,test_suite,1,23,44.77,parent_0301_child_1,0.838171,0.73339,parent_0301_child_1|parent_0300_child_1|parent_0315_child_1|parent_0312_child_1|parent_0002_child_1,,0,0,0.0,0,0,0.0,0,0,0.0,0,0,0.0,1,1,1.0
nomic-recommended-prefixes,Q006_v2,test_suite,1,4,35.79,parent_0070_child_1,0.770512,0.737392,parent_0070_child_1|parent_0146_child_1|parent_0145_child_2|parent_0069_child_1|parent_0146_child_5,parent_0069_child_1,0,0,0.0,1,1,1.0,1,1,1.0,1,1,1.0,1,1,1.0
nomic-recommended-prefixes,Q007_v2,test_suite,1,697,40.71,parent_0160_child_6,0.698882,0.54503,parent_0160_child_6|parent_0134_child_10|parent_0134_child_9|parent_0138_child_1|parent_0137_child_4,,0,0,0.0,0,0,0.0,0,0,0.0,0,0,0.0,0,0,0.0
nomic-recommended-prefixes,Q008_v2,test_suite,1,2,39.14,parent_0222_child_3,0.750596,0.742969,parent_0222_child_3|parent_0070_child_1|parent_0146_child_5|parent_0165_child_1|parent_0212_child_1,parent_0070_child_1,0,0,0.0,1,1,1.0,1,1,1.0,1,1,1.0,1,1,1.0
nomic-recommended-prefixes,Q009_v2,test_suite,1,696,31.5,parent_0160_child_6,0.706458,0.559293,parent_0160_child_6|parent_0142_child_7|parent_0137_child_5|parent_0223_child_2|parent_0281_child_4,,0,0,0.0,0,0,0.0,0,0,0.0,0,0,0.0,0,0,0.0
nomic-recommended-prefixes,Q010_v2,test_suite,1,4,38.15,parent_0147_child_1,0.763673,0.744194,parent_0147_child_1|parent_0281_child_4|parent_0307_child_1|parent_0070_child_1|parent_0066_child_1,parent_0070_child_1,0,0,0.0,1,1,1.0,1,1,1.0,1,1,1.0,1,1,1.0
nomic-recommended-prefixes,Q011_v2,test_suite,1,1,42.84,parent_0071_child_1,0.786445,0.786445,parent_0071_child_1|parent_0072_child_2|parent_0240_child_1|parent_0072_child_1|parent_0239_child_1,parent_0071_child_1,1,1,1.0,1,1,1.0,1,1,1.0,1,1,1.0,1,1,1.0
nomic-recommended-prefixes,Q013_v2,test_suite,3,1,37.06,parent_0072_child_2,0.774892,0.774892,parent_0072_child_2|parent_0072_child_1|parent_0071_child_1|parent_0005_child_1|parent_0106_child_12,parent_0072_child_2|parent_0072_child_1,1,0,0.333333,1,0,0.666667,1,0,0.666667,1,0,0.666667,1,1,1.0
nomic-recommended-prefixes,Q014_v2,test_suite,3,1,38.81,parent_0072_child_3,0.774587,0.774587,parent_0072_child_3|parent_0219_child_1|parent_0107_child_1|parent_0197_child_6|parent_0103_child_7,parent_0072_child_3|parent_0072_child_2,1,0,0.333333,1,0,0.333333,1,0,0.666667,1,0,0.666667,1,1,1.0
nomic-recommended-prefixes,Q015_v2,test_suite,3,1,36.77,parent_0072_child_3,0.81997,0.81997,parent_0072_child_3|parent_0116_child_6|parent_0107_child_1|parent_0089_child_2|parent_0103_child_1,parent_0072_child_3,1,0,0.333333,1,0,0.333333,1,0,0.333333,1,0,0.333333,1,0,0.666667
nomic-recommended-prefixes,Q017_v2,test_suite,3,1,124.88,parent_0072_child_2,0.821533,0.821533,parent_0072_child_2|parent_0005_child_1|parent_0071_child_1|parent_0072_child_1|parent_0077_child_1,parent_0072_child_2|parent_0072_child_1,1,0,0.333333,1,0,0.666667,1,0,0.666667,1,0,0.666667,1,1,1.0
nomic-recommended-prefixes,Q018_v2,test_suite,3,1,37.76,parent_0072_child_2,0.76105,0.76105,parent_0072_child_2|parent_0071_child_1|parent_0072_child_1|parent_0005_child_1|parent_0269_child_2,parent_0072_child_2|parent_0072_child_1,1,0,0.333333,1,0,0.666667,1,0,0.666667,1,0,0.666667,1,1,1.0
nomic-recommended-prefixes,Q019_v2,test_suite,1,2,44.26,parent_0072_child_1,0.753543,0.696854,parent_0072_child_1|parent_0071_child_1|parent_0005_child_1|parent_0218_child_5|parent_0312_child_1,parent_0071_child_1,0,0,0.0,1,1,1.0,1,1,1.0,1,1,1.0,1,1,1.0
nomic-recommended-prefixes,Q020_v2,test_suite,3,1,41.92,parent_0072_child_3,0.737318,0.737318,parent_0072_child_3|parent_0005_child_1|parent_0071_child_1|parent_0236_child_6|parent_0195_child_5,parent_0072_child_3|parent_0072_child_1,1,0,0.333333,1,0,0.333333,1,0,0.666667,1,1,1.0,1,1,1.0
nomic-recommended-prefixes,Q021_v2,test_suite,1,1,34.88,parent_0073_child_1,0.71511,0.71511,parent_0073_child_1|parent_0161_child_5|parent_0121_child_1|parent_0091_child_1|parent_0222_child_1,parent_0073_child_1,1,1,1.0,1,1,1.0,1,1,1.0,1,1,1.0,1,1,1.0
nomic-recommended-prefixes,Q022_v2,test_suite,1,3,44.28,parent_0006_child_1,0.738199,0.722861,parent_0006_child_1|parent_0088_child_2|parent_0073_child_1|parent_0087_child_1|parent_0088_child_3,parent_0073_child_1,0,0,0.0,1,1,1.0,1,1,1.0,1,1,1.0,1,1,1.0
nomic-recommended-prefixes,Q023_v2,test_suite,1,16,35.79,parent_0088_child_2,0.715747,0.669399,parent_0088_child_2|parent_0137_child_5|parent_0090_child_1|parent_0079_child_1|parent_0086_child_1,,0,0,0.0,0,0,0.0,0,0,0.0,1,1,1.0,1,1,1.0
nomic-recommended-prefixes,Q024_v2,test_suite,1,97,44.89,parent_0184_child_1,0.745391,0.676272,parent_0184_child_1|parent_0176_child_4|parent_0222_child_1|parent_0126_child_2|parent_0181_child_3,,0,0,0.0,0,0,0.0,0,0,0.0,0,0,0.0,1,1,1.0
nomic-recommended-prefixes,Q025_v2,test_suite,1,65,46.37,parent_0176_child_4,0.735547,0.68325,parent_0176_child_4|parent_0137_child_1|parent_0147_child_2|parent_0233_child_1|parent_0117_child_12,,0,0,0.0,0,0,0.0,0,0,0.0,0,0,0.0,1,1,1.0
nomic-recommended-prefixes,Q026_v2,test_suite,1,12,35.94,parent_0088_child_2,0.725349,0.682801,parent_0088_child_2|parent_0088_child_3|parent_0220_child_1|parent_0090_child_1|parent_0079_child_1,,0,0,0.0,0,0,0.0,0,0,0.0,1,1,1.0,1,1,1.0
nomic-recommended-prefixes,Q027_v2,test_suite,1,9,37.48,parent_0088_child_3,0.731239,0.688557,parent_0088_child_3|parent_0088_child_2|parent_0117_child_12|parent_0086_child_1|parent_0090_child_1,parent_0073_child_1,0,0,0.0,0,0,0.0,1,1,1.0,1,1,1.0,1,1,1.0
nomic-recommended-prefixes,Q028_v2,test_suite,1,7,36.15,parent_0077_child_1,0.75118,0.702197,parent_0077_child_1|parent_0269_child_2|parent_0090_child_1|parent_0078_child_1|parent_0217_child_6,parent_0073_child_1,0,0,0.0,0,0,0.0,1,1,1.0,1,1,1.0,1,1,1.0
nomic-recommended-prefixes,Q029_v2,test_suite,1,20,35.75,parent_0089_child_1,0.718245,0.6448,parent_0089_child_1|parent_0270_child_4|parent_0270_child_5|parent_0013_child_1|parent_0080_child_1,,0,0,0.0,0,0,0.0,0,0,0.0,1,1,1.0,1,1,1.0
nomic-recommended-prefixes,Q030_v2,test_suite,1,443,39.97,parent_0151_child_12,0.706719,0.58291,parent_0151_child_12|parent_0217_child_5|parent_0165_child_1|parent_0151_child_14|parent_0151_child_10,,0,0,0.0,0,0,0.0,0,0,0.0,0,0,0.0,0,0,0.0
nomic-recommended-prefixes,Q031_v2,test_suite,1,1,39.29,parent_0074_child_1,0.771934,0.771934,parent_0074_child_1|parent_0269_child_2|parent_0218_child_5|parent_0145_child_4|parent_0078_child_1,parent_0074_child_1,1,1,1.0,1,1,1.0,1,1,1.0,1,1,1.0,1,1,1.0
nomic-recommended-prefixes,Q032_v2,test_suite,1,2,41.25,parent_0075_child_2,0.71172,0.709813,parent_0075_child_2|parent_0074_child_1|parent_0142_child_9|parent_0185_child_2|parent_0217_child_6,parent_0074_child_1,0,0,0.0,1,1,1.0,1,1,1.0,1,1,1.0,1,1,1.0
nomic-recommended-prefixes,Q033_v2,test_suite,1,7,39.32,parent_0202_child_1,0.792142,0.708923,parent_0202_child_1|parent_0199_child_4|parent_0075_child_2|parent_0075_child_3|parent_0199_child_2,parent_0074_child_1,0,0,0.0,0,0,0.0,1,1,1.0,1,1,1.0,1,1,1.0
nomic-recommended-prefixes,Q034_v2,test_suite,3,1,40.5,parent_0076_child_2,0.806669,0.806669,parent_0076_child_2|parent_0007_child_1|parent_0097_child_6|parent_0074_child_1|parent_0103_child_7,parent_0076_child_2,1,0,0.333333,1,0,0.333333,1,0,0.333333,1,0,0.333333,1,0,0.333333
nomic-recommended-prefixes,Q035_v2,test_suite,1,44,38.39,parent_0082_child_1,0.62222,0.559455,parent_0082_child_1|parent_0217_child_7|parent_0185_child_2|parent_0185_child_1|parent_0009_child_1,,0,0,0.0,0,0,0.0,0,0,0.0,0,0,0.0,1,1,1.0
nomic-recommended-prefixes,Q036_v2,test_suite,1,73,40.15,parent_0072_child_2,0.720831,0.662878,parent_0072_child_2|parent_0161_child_6|parent_0218_child_12|parent_0161_child_5|parent_0142_child_9,,0,0,0.0,0,0,0.0,0,0,0.0,0,0,0.0,1,1,1.0
nomic-recommended-prefixes,Q037_v2,test_suite,1,40,38.81,parent_0161_child_5,0.689082,0.646081,parent_0161_child_5|parent_0128_child_9|parent_0142_child_9|parent_0142_child_2|parent_0097_child_2,,0,0,0.0,0,0,0.0,0,0,0.0,0,0,0.0,1,1,1.0
nomic-recommended-prefixes,Q038_v2,test_suite,1,374,32.22,parent_0202_child_1,0.797923,0.579767,parent_0202_child_1|parent_0075_child_3|parent_0199_child_2|parent_0199_child_4|parent_0198_child_1,,0,0,0.0,0,0,0.0,0,0,0.0,0,0,0.0,0,0,0.0
nomic-recommended-prefixes,Q039_v2,test_suite,3,1,41.07,parent_0076_child_2,0.748823,0.748823,parent_0076_child_2|parent_0132_child_3|parent_0196_child_3|parent_0197_child_5|parent_0076_child_3,parent_0076_child_2|parent_0076_child_3,1,0,0.333333,1,0,0.666667,1,0,0.666667,1,0,0.666667,1,0,0.666667
nomic-recommended-prefixes,Q040_v2,test_suite,4,1,38.79,parent_0074_child_1,0.706817,0.706817,parent_0074_child_1|parent_0076_child_2|parent_0139_child_2|parent_0071_child_1|parent_0139_child_6,parent_0074_child_1|parent_0076_child_2,1,0,0.25,1,0,0.5,1,0,0.5,1,0,0.5,1,0,0.75
nomic-recommended-prefixes,Q041_v2,test_suite,1,99,30.2,parent_0202_child_1,0.737783,0.585079,parent_0202_child_1|parent_0199_child_2|parent_0075_child_3|parent_0196_child_1|parent_0200_child_2,,0,0,0.0,0,0,0.0,0,0,0.0,0,0,0.0,1,1,1.0
nomic-recommended-prefixes,Q042_v2,test_suite,1,1,33.66,parent_0077_child_1,0.672845,0.672845,parent_0077_child_1|parent_0007_child_1|parent_0217_child_7|parent_0090_child_1|parent_0153_child_1,parent_0077_child_1,1,1,1.0,1,1,1.0,1,1,1.0,1,1,1.0,1,1,1.0
nomic-recommended-prefixes,Q043_v2,test_suite,1,1,94.05,parent_0074_child_1,0.69366,0.69366,parent_0074_child_1|parent_0076_child_2|parent_0146_child_2|parent_0078_child_1|parent_0007_child_1,parent_0074_child_1,1,1,1.0,1,1,1.0,1,1,1.0,1,1,1.0,1,1,1.0
nomic-recommended-prefixes,Q044_v2,test_suite,1,1,34.47,parent_0074_child_1,0.685173,0.685173,parent_0074_child_1|parent_0186_child_1|parent_0160_child_5|parent_0186_child_2|parent_0126_child_6,parent_0074_child_1,1,1,1.0,1,1,1.0,1,1,1.0,1,1,1.0,1,1,1.0
nomic-recommended-prefixes,Q045_v2,test_suite,1,3,35.05,parent_0176_child_5,0.65003,0.639527,parent_0176_child_5|parent_0170_child_3|parent_0074_child_1|parent_0175_child_2|parent_0172_child_2,parent_0074_child_1,0,0,0.0,1,1,1.0,1,1,1.0,1,1,1.0,1,1,1.0
nomic-recommended-prefixes,Q046_v2,test_suite,2,1,42.74,parent_0078_child_1,0.738986,0.738986,parent_0078_child_1|parent_0008_child_1|parent_0127_child_3|parent_0083_child_1|parent_0133_child_1,parent_0078_child_1,1,0,0.5,1,0,0.5,1,0,0.5,1,0,0.5,1,1,1.0
nomic-recommended-prefixes,Q047_v2,test_suite,2,1,37.9,parent_0078_child_2,0.723739,0.723739,parent_0078_child_2|parent_0078_child_1|parent_0229_child_5|parent_0146_child_2|parent_0223_child_2,parent_0078_child_2|parent_0078_child_1,1,0,0.5,1,1,1.0,1,1,1.0,1,1,1.0,1,1,1.0
nomic-recommended-prefixes,Q048_v2,test_suite,2,1,42.17,parent_0079_child_1,0.667078,0.667078,parent_0079_child_1|parent_0217_child_3|parent_0080_child_1|parent_0270_child_10|parent_0092_child_1,parent_0079_child_1,1,0,0.5,1,0,0.5,1,0,0.5,1,1,1.0,1,1,1.0
nomic-recommended-prefixes,Q049_v2,test_suite,2,30,33.71,parent_0185_child_2,0.649003,0.601334,parent_0185_child_2|parent_0217_child_3|parent_0142_child_2|parent_0217_child_1|parent_0223_child_2,,0,0,0.0,0,0,0.0,0,0,0.0,0,0,0.0,1,0,0.5
nomic-recommended-prefixes,Q050_v2,test_suite,2,1,39.33,parent_0079_child_1,0.712479,0.712479,parent_0079_child_1|parent_0081_child_1|parent_0080_child_1|parent_0079_child_2|parent_0090_child_1,parent_0079_child_1|parent_0079_child_2,1,0,0.5,1,1,1.0,1,1,1.0,1,1,1.0,1,1,1.0
nomic-recommended-prefixes,Q051_v2,test_suite,2,1,38.72,parent_0079_child_2,0.693693,0.693693,parent_0079_child_2|parent_0075_child_3|parent_0092_child_1|parent_0202_child_1|parent_0198_child_2,parent_0079_child_2,1,0,0.5,1,0,0.5,1,0,0.5,1,0,0.5,1,0,0.5
nomic-recommended-prefixes,Q052_v2,test_suite,2,1,38.24,parent_0079_child_2,0.733752,0.733752,parent_0079_child_2|parent_0081_child_1|parent_0080_child_1|parent_0078_child_1|parent_0089_child_3,parent_0079_child_2|parent_0079_child_1,1,0,0.5,1,0,0.5,1,1,1.0,1,1,1.0,1,1,1.0
nomic-recommended-prefixes,Q053_v2,test_suite,2,75,37.52,parent_0080_child_1,0.779001,0.62366,parent_0080_child_1|parent_0141_child_5|parent_0081_child_1|parent_0212_child_3|parent_0216_child_2,,0,0,0.0,0,0,0.0,0,0,0.0,0,0,0.0,1,0,0.5
nomic-recommended-prefixes,Q054_v2,test_suite,2,14,36.87,parent_0080_child_1,0.711114,0.629725,parent_0080_child_1|parent_0081_child_1|parent_0233_child_3|parent_0234_child_1|parent_0291_child_1,,0,0,0.0,0,0,0.0,0,0,0.0,1,0,0.5,1,1,1.0
nomic-recommended-prefixes,Q055_v2,test_suite,2,1,37.38,parent_0078_child_1,0.709523,0.709523,parent_0078_child_1|parent_0270_child_2|parent_0217_child_3|parent_0078_child_2|parent_0215_child_4,parent_0078_child_1|parent_0078_child_2,1,0,0.5,1,1,1.0,1,1,1.0,1,1,1.0,1,1,1.0
nomic-recommended-prefixes,Q056_v2,test_suite,2,12,40.63,parent_0082_child_1,0.697258,0.655892,parent_0082_child_1|parent_0047_child_1|parent_0183_child_2|parent_0183_child_3|parent_0183_child_1,,0,0,0.0,0,0,0.0,0,0,0.0,1,0,0.5,1,1,1.0
nomic-recommended-prefixes,Q057_v2,test_suite,2,29,41.61,parent_0080_child_1,0.726845,0.628889,parent_0080_child_1|parent_0081_child_1|parent_0234_child_1|parent_0212_child_2|parent_0210_child_2,,0,0,0.0,0,0,0.0,0,0,0.0,0,0,0.0,1,0,0.5
nomic-recommended-prefixes,Q058_v2,test_suite,2,6,38.0,parent_0089_child_1,0.688975,0.669923,parent_0089_child_1|parent_0078_child_1|parent_0089_child_2|parent_0008_child_1|parent_0074_child_1,parent_0079_child_2,0,0,0.0,0,0,0.0,1,0,0.5,1,0,0.5,1,1,1.0
nomic-recommended-prefixes,Q059_v2,test_suite,2,17,39.51,parent_0270_child_10,0.702306,0.641782,parent_0270_child_10|parent_0233_child_3|parent_0217_child_3|parent_0160_child_6|parent_0187_child_1,,0,0,0.0,0,0,0.0,0,0,0.0,1,0,0.5,1,0,0.5
nomic-recommended-prefixes,Q060_v2,test_suite,2,37,34.35,parent_0270_child_2,0.666639,0.614298,parent_0270_child_2|parent_0184_child_1|parent_0142_child_4|parent_0184_child_3|parent_0187_child_1,,0,0,0.0,0,0,0.0,0,0,0.0,0,0,0.0,1,1,1.0
nomic-recommended-prefixes,Q061_v2,test_suite,2,178,35.85,parent_0081_child_1,0.621633,0.535196,parent_0081_child_1|parent_0234_child_1|parent_0080_child_1|parent_0274_child_10|parent_0291_child_1,,0,0,0.0,0,0,0.0,0,0,0.0,0,0,0.0,0,0,0.0
nomic-recommended-prefixes,Q062_v2,test_suite,2,1,35.73,parent_0078_child_1,0.717853,0.717853,parent_0078_child_1|parent_0154_child_2|parent_0155_child_3|parent_0157_child_8|parent_0157_child_5,parent_0078_child_1,1,0,0.5,1,0,0.5,1,0,0.5,1,1,1.0,1,1,1.0
nomic-recommended-prefixes,Q063_v2,test_suite,2,40,38.69,parent_0201_child_2,0.76495,0.715811,parent_0201_child_2|parent_0183_child_2|parent_0161_child_6|parent_0183_child_3|parent_0269_child_2,,0,0,0.0,0,0,0.0,0,0,0.0,0,0,0.0,1,1,1.0
nomic-recommended-prefixes,Q064_v2,test_suite,2,17,35.4,parent_0137_child_2,0.674233,0.644409,parent_0137_child_2|parent_0134_child_6|parent_0108_child_1|parent_0114_child_4|parent_0134_child_1,,0,0,0.0,0,0,0.0,0,0,0.0,1,0,0.5,1,1,1.0
nomic-recommended-prefixes,Q065_v2,test_suite,2,16,37.36,parent_0217_child_3,0.61802,0.572556,parent_0217_child_3|parent_0270_child_10|parent_0185_child_2|parent_0217_child_1|parent_0198_child_7,,0,0,0.0,0,0,0.0,0,0,0.0,1,1,1.0,1,1,1.0
nomic-recommended-prefixes,Q066_v2,test_suite,1,1,37.91,parent_0082_child_1,0.76776,0.76776,parent_0082_child_1|parent_0009_child_1|parent_0086_child_1|parent_0090_child_1|parent_0081_child_1,parent_0082_child_1,1,1,1.0,1,1,1.0,1,1,1.0,1,1,1.0,1,1,1.0
nomic-recommended-prefixes,Q067_v2,test_suite,1,1,40.71,parent_0082_child_1,0.749514,0.749514,parent_0082_child_1|parent_0009_child_1|parent_0079_child_2|parent_0103_child_8|parent_0092_child_3,parent_0082_child_1,1,1,1.0,1,1,1.0,1,1,1.0,1,1,1.0,1,1,1.0
nomic-recommended-prefixes,Q068_v2,test_suite,1,1,38.98,parent_0082_child_1,0.680347,0.680347,parent_0082_child_1|parent_0270_child_2|parent_0184_child_1|parent_0186_child_1|parent_0184_child_2,parent_0082_child_1,1,1,1.0,1,1,1.0,1,1,1.0,1,1,1.0,1,1,1.0
nomic-recommended-prefixes,Q069_v2,test_suite,1,1,36.18,parent_0082_child_1,0.697633,0.697633,parent_0082_child_1|parent_0009_child_1|parent_0161_child_2|parent_0233_child_3|parent_0183_child_3,parent_0082_child_1,1,1,1.0,1,1,1.0,1,1,1.0,1,1,1.0,1,1,1.0
nomic-recommended-prefixes,Q070_v2,test_suite,1,1,96.34,parent_0082_child_1,0.702965,0.702965,parent_0082_child_1|parent_0009_child_1|parent_0170_child_3|parent_0192_child_4|parent_0270_child_2,parent_0082_child_1,1,1,1.0,1,1,1.0,1,1,1.0,1,1,1.0,1,1,1.0
nomic-recommended-prefixes,Q071_v2,test_suite,1,1,42.97,parent_0082_child_1,0.660145,0.660145,parent_0082_child_1|parent_0009_child_1|parent_0170_child_3|parent_0185_child_2|parent_0076_child_2,parent_0082_child_1,1,1,1.0,1,1,1.0,1,1,1.0,1,1,1.0,1,1,1.0
nomic-recommended-prefixes,Q072_v2,test_suite,1,1,36.85,parent_0082_child_1,0.633743,0.633743,parent_0082_child_1|parent_0170_child_3|parent_0168_child_4|parent_0106_child_13|parent_0176_child_5,parent_0082_child_1,1,1,1.0,1,1,1.0,1,1,1.0,1,1,1.0,1,1,1.0
nomic-recommended-prefixes,Q073_v2,test_suite,1,46,37.95,parent_0270_child_10,0.669196,0.615055,parent_0270_child_10|parent_0186_child_2|parent_0187_child_1|parent_0117_child_4|parent_0185_child_2,,0,0,0.0,0,0,0.0,0,0,0.0,0,0,0.0,1,1,1.0
nomic-recommended-prefixes,Q074_v2,test_suite,1,1,36.58,parent_0082_child_1,0.685841,0.685841,parent_0082_child_1|parent_0092_child_3|parent_0009_child_1|parent_0183_child_3|parent_0092_child_1,parent_0082_child_1,1,1,1.0,1,1,1.0,1,1,1.0,1,1,1.0,1,1,1.0
nomic-recommended-prefixes,Q075_v2,test_suite,1,1,36.99,parent_0082_child_1,0.631516,0.631516,parent_0082_child_1|parent_0092_child_3|parent_0009_child_1|parent_0192_child_4|parent_0293_child_1,parent_0082_child_1,1,1,1.0,1,1,1.0,1,1,1.0,1,1,1.0,1,1,1.0
nomic-recommended-prefixes,Q076_v2,test_suite,1,1,45.12,parent_0083_child_1,0.787379,0.787379,parent_0083_child_1|parent_0010_child_1|parent_0084_child_1|parent_0078_child_1|parent_0008_child_1,parent_0083_child_1,1,1,1.0,1,1,1.0,1,1,1.0,1,1,1.0,1,1,1.0
nomic-recommended-prefixes,Q077_v2,test_suite,1,2,43.35,parent_0084_child_1,0.736724,0.717055,parent_0084_child_1|parent_0083_child_1|parent_0123_child_1|parent_0272_child_1|parent_0010_child_1,parent_0083_child_1,0,0,0.0,1,1,1.0,1,1,1.0,1,1,1.0,1,1,1.0
nomic-recommended-prefixes,Q078_v2,test_suite,1,1,42.5,parent_0084_child_1,0.761086,0.761086,parent_0084_child_1|parent_0083_child_1|parent_0010_child_1|parent_0078_child_1|parent_0217_child_1,parent_0084_child_1,1,1,1.0,1,1,1.0,1,1,1.0,1,1,1.0,1,1,1.0
nomic-recommended-prefixes,Q079_v2,test_suite,1,1,36.22,parent_0084_child_1,0.641426,0.641426,parent_0084_child_1|parent_0271_child_2|parent_0198_child_3|parent_0169_child_4|parent_0135_child_7,parent_0084_child_1,1,1,1.0,1,1,1.0,1,1,1.0,1,1,1.0,1,1,1.0
nomic-recommended-prefixes,Q080_v2,test_suite,1,1,41.97,parent_0084_child_1,0.704181,0.704181,parent_0084_child_1|parent_0075_child_3|parent_0127_child_3|parent_0079_child_2|parent_0085_child_1,parent_0084_child_1,1,1,1.0,1,1,1.0,1,1,1.0,1,1,1.0,1,1,1.0
nomic-recommended-prefixes,Q081_v2,test_suite,1,1,43.52,parent_0083_child_1,0.753226,0.753226,parent_0083_child_1|parent_0084_child_1|parent_0010_child_1|parent_0078_child_1|parent_0078_child_2,parent_0083_child_1,1,1,1.0,1,1,1.0,1,1,1.0,1,1,1.0,1,1,1.0
nomic-recommended-prefixes,Q082_v2,test_suite,1,6,42.16,parent_0084_child_1,0.704626,0.674605,parent_0084_child_1|parent_0263_child_3|parent_0161_child_5|parent_0137_child_2|parent_0160_child_6,parent_0083_child_1,0,0,0.0,0,0,0.0,1,1,1.0,1,1,1.0,1,1,1.0
nomic-recommended-prefixes,Q083_v2,test_suite,1,5,42.17,parent_0198_child_6,0.722398,0.706894,parent_0198_child_6|parent_0093_child_2|parent_0222_child_4|parent_0196_child_1|parent_0083_child_1,parent_0083_child_1,0,0,0.0,1,1,1.0,1,1,1.0,1,1,1.0,1,1,1.0
nomic-recommended-prefixes,Q084_v2,test_suite,1,11,34.13,parent_0092_child_1,0.663599,0.635712,parent_0092_child_1|parent_0090_child_1|parent_0161_child_5|parent_0078_child_1|parent_0160_child_1,,0,0,0.0,0,0,0.0,0,0,0.0,1,1,1.0,1,1,1.0
nomic-recommended-prefixes,Q085_v2,test_suite,1,2,41.54,parent_0084_child_1,0.753652,0.711972,parent_0084_child_1|parent_0083_child_1|parent_0086_child_1|parent_0181_child_2|parent_0181_child_3,parent_0083_child_1,0,0,0.0,1,1,1.0,1,1,1.0,1,1,1.0,1,1,1.0
nomic-recommended-prefixes,Q086_v2,test_suite,1,1,33.22,parent_0083_child_1,0.710228,0.710228,parent_0083_child_1|parent_0084_child_1|parent_0010_child_1|parent_0078_child_2|parent_0161_child_5,parent_0083_child_1,1,1,1.0,1,1,1.0,1,1,1.0,1,1,1.0,1,1,1.0
nomic-recommended-prefixes,Q087_v2,test_suite,1,2,32.42,parent_0085_child_1,0.660713,0.64764,parent_0085_child_1|parent_0084_child_1|parent_0075_child_2|parent_0075_child_3|parent_0083_child_1,parent_0084_child_1,0,0,0.0,1,1,1.0,1,1,1.0,1,1,1.0,1,1,1.0
nomic-recommended-prefixes,Q088_v2,test_suite,1,3,35.17,parent_0166_child_1,0.676326,0.66781,parent_0166_child_1|parent_0171_child_4|parent_0084_child_1|parent_0168_child_3|parent_0164_child_2,parent_0084_child_1,0,0,0.0,1,1,1.0,1,1,1.0,1,1,1.0,1,1,1.0
nomic-recommended-prefixes,Q089_v2,test_suite,1,4,33.75,parent_0094_child_1,0.707228,0.698323,parent_0094_child_1|parent_0186_child_2|parent_0106_child_12|parent_0083_child_1|parent_0106_child_13,parent_0083_child_1,0,0,0.0,1,1,1.0,1,1,1.0,1,1,1.0,1,1,1.0
nomic-recommended-prefixes,Q090_v2,test_suite,1,1,39.9,parent_0083_child_1,0.690415,0.690415,parent_0083_child_1|parent_0074_child_1|parent_0077_child_1|parent_0093_child_2|parent_0269_child_2,parent_0083_child_1,1,1,1.0,1,1,1.0,1,1,1.0,1,1,1.0,1,1,1.0
nomic-recommended-prefixes,Q091_v2,test_suite,1,1,35.79,parent_0085_child_1,0.738506,0.738506,parent_0085_child_1|parent_0208_child_1|parent_0207_child_1|parent_0078_child_1|parent_0205_child_1,parent_0085_child_1,1,1,1.0,1,1,1.0,1,1,1.0,1,1,1.0,1,1,1.0
nomic-recommended-prefixes,Q092_v2,test_suite,1,1,36.81,parent_0085_child_1,0.781397,0.781397,parent_0085_child_1|parent_0084_child_1|parent_0086_child_1|parent_0075_child_3|parent_0079_child_2,parent_0085_child_1,1,1,1.0,1,1,1.0,1,1,1.0,1,1,1.0,1,1,1.0
nomic-recommended-prefixes,Q093_v2,test_suite,1,1,42.91,parent_0085_child_1,0.631519,0.631519,parent_0085_child_1|parent_0198_child_3|parent_0075_child_3|parent_0086_child_1|parent_0075_child_2,parent_0085_child_1,1,1,1.0,1,1,1.0,1,1,1.0,1,1,1.0,1,1,1.0
nomic-recommended-prefixes,Q095_v2,test_suite,1,3,35.34,parent_0128_child_9,0.627354,0.621285,parent_0128_child_9|parent_0092_child_3|parent_0085_child_1|parent_0142_child_4|parent_0263_child_3,parent_0085_child_1,0,0,0.0,1,1,1.0,1,1,1.0,1,1,1.0,1,1,1.0
nomic-recommended-prefixes,Q096_v2,test_suite,1,20,35.43,parent_0075_child_3,0.653398,0.604078,parent_0075_child_3|parent_0198_child_3|parent_0075_child_2|parent_0126_child_6|parent_0196_child_4,,0,0,0.0,0,0,0.0,0,0,0.0,1,1,1.0,1,1,1.0
nomic-recommended-prefixes,Q097_v2,test_suite,1,1,107.41,parent_0085_child_1,0.730077,0.730077,parent_0085_child_1|parent_0208_child_1|parent_0207_child_1|parent_0205_child_1|parent_0075_child_3,parent_0085_child_1,1,1,1.0,1,1,1.0,1,1,1.0,1,1,1.0,1,1,1.0
nomic-recommended-prefixes,Q098_v2,test_suite,1,1,29.91,parent_0085_child_1,0.634083,0.634083,parent_0085_child_1|parent_0011_child_1|parent_0075_child_3|parent_0199_child_2|parent_0284_child_5,parent_0085_child_1,1,1,1.0,1,1,1.0,1,1,1.0,1,1,1.0,1,1,1.0
nomic-recommended-prefixes,Q099_v2,test_suite,1,1,43.67,parent_0085_child_1,0.76754,0.76754,parent_0085_child_1|parent_0074_child_1|parent_0077_child_1|parent_0269_child_2|parent_0075_child_2,parent_0085_child_1,1,1,1.0,1,1,1.0,1,1,1.0,1,1,1.0,1,1,1.0
nomic-recommended-prefixes,Q100_v2,test_suite,1,83,35.57,parent_0271_child_2,0.628362,0.558718,parent_0271_child_2|parent_0135_child_7|parent_0135_child_3|parent_0092_child_1|parent_0274_child_7,,0,0,0.0,0,0,0.0,0,0,0.0,0,0,0.0,1,1,1.0
nomic-recommended-prefixes,Q101_v2,test_suite,1,2,46.99,parent_0088_child_2,0.708935,0.702345,parent_0088_child_2|parent_0086_child_1|parent_0193_child_4|parent_0087_child_2|parent_0012_child_1,parent_0086_child_1,0,0,0.0,1,1,1.0,1,1,1.0,1,1,1.0,1,1,1.0
nomic-recommended-prefixes,Q102_v2,test_suite,3,1,40.64,parent_0088_child_2,0.696159,0.696159,parent_0088_child_2|parent_0292_child_1|parent_0012_child_1|parent_0279_child_2|parent_0293_child_2,parent_0088_child_2,1,0,0.333333,1,0,0.333333,1,0,0.333333,1,0,0.333333,1,0,0.333333
nomic-recommended-prefixes,Q103_v2,test_suite,3,1,44.61,parent_0088_child_2,0.759935,0.759935,parent_0088_child_2|parent_0160_child_2|parent_0092_child_1|parent_0012_child_1|parent_0215_child_2,parent_0088_child_2,1,0,0.333333,1,0,0.333333,1,0,0.333333,1,0,0.333333,1,0,0.333333
nomic-recommended-prefixes,Q104_v2,test_suite,1,2,34.41,parent_0088_child_3,0.797281,0.705506,parent_0088_child_3|parent_0012_child_1|parent_0089_child_2|parent_0195_child_5|parent_0236_child_3,parent_0012_child_1,0,0,0.0,1,1,1.0,1,1,1.0,1,1,1.0,1,1,1.0
nomic-recommended-prefixes,Q105_v2,test_suite,1,4,41.09,parent_0088_child_2,0.698716,0.675256,parent_0088_child_2|parent_0220_child_1|parent_0216_child_3|parent_0086_child_1|parent_0169_child_4,parent_0086_child_1,0,0,0.0,1,1,1.0,1,1,1.0,1,1,1.0,1,1,1.0
nomic-recommended-prefixes,Q106_v2,test_suite,3,5,39.08,parent_0296_child_26,0.696873,0.676201,parent_0296_child_26|parent_0292_child_1|parent_0297_child_8|parent_0297_child_10|parent_0088_child_2,parent_0088_child_2,0,0,0.0,1,0,0.333333,1,0,0.333333,1,0,0.333333,1,0,0.333333
nomic-recommended-prefixes,Q107_v2,test_suite,3,2,37.74,parent_0092_child_1,0.672341,0.668877,parent_0092_child_1|parent_0088_child_2|parent_0012_child_1|parent_0014_child_1|parent_0093_child_1,parent_0088_child_2,0,0,0.0,1,0,0.333333,1,0,0.333333,1,0,0.333333,1,0,0.666667
nomic-recommended-prefixes,Q108_v2,test_suite,1,11,34.03,parent_0087_child_2,0.715755,0.649424,parent_0087_child_2|parent_0296_child_11|parent_0296_child_15|parent_0169_child_4|parent_0296_child_7,,0,0,0.0,0,0,0.0,0,0,0.0,1,1,1.0,1,1,1.0
nomic-recommended-prefixes,Q109_v2,test_suite,3,2,37.81,parent_0270_child_2,0.663826,0.661464,parent_0270_child_2|parent_0088_child_2|parent_0274_child_6|parent_0160_child_6|parent_0183_child_3,parent_0088_child_2,0,0,0.0,1,0,0.333333,1,0,0.333333,1,0,0.333333,1,0,0.333333
nomic-recommended-prefixes,Q110_v2,test_suite,3,8,34.22,parent_0149_child_2,0.672321,0.641849,parent_0149_child_2|parent_0141_child_5|parent_0142_child_1|parent_0229_child_4|parent_0142_child_8,parent_0088_child_2,0,0,0.0,0,0,0.0,1,0,0.333333,1,0,0.333333,1,0,0.333333
nomic-recommended-prefixes,Q111_v2,test_suite,3,10,45.61,parent_0117_child_11,0.658325,0.637398,parent_0117_child_11|parent_0097_child_4|parent_0077_child_1|parent_0237_child_1|parent_0211_child_2,parent_0089_child_2,0,0,0.0,0,0,0.0,1,0,0.333333,1,0,0.333333,1,0,0.666667
nomic-recommended-prefixes,Q112_v2,test_suite,3,1,37.85,parent_0089_child_1,0.760593,0.760593,parent_0089_child_1|parent_0141_child_2|parent_0117_child_10|parent_0090_child_1|parent_0088_child_2,parent_0089_child_1,1,0,0.333333,1,0,0.333333,1,0,0.333333,1,0,0.333333,1,0,0.666667
nomic-recommended-prefixes,Q113_v2,test_suite,1,2,44.17,parent_0089_child_2,0.768098,0.700544,parent_0089_child_2|parent_0013_child_1|parent_0116_child_12|parent_0088_child_2|parent_0142_child_2,parent_0013_child_1,0,0,0.0,1,1,1.0,1,1,1.0,1,1,1.0,1,1,1.0
nomic-recommended-prefixes,Q114_v2,test_suite,3,2,36.69,parent_0090_child_1,0.780395,0.727293,parent_0090_child_1|parent_0089_child_2|parent_0219_child_1|parent_0013_child_1|parent_0081_child_1,parent_0089_child_2,0,0,0.0,1,0,0.333333,1,0,0.333333,1,0,0.666667,1,1,1.0
nomic-recommended-prefixes,Q115_v2,test_suite,1,1,46.3,parent_0090_child_1,0.846955,0.846955,parent_0090_child_1|parent_0013_child_1|parent_0088_child_2|parent_0215_child_2|parent_0081_child_1,parent_0090_child_1,1,1,1.0,1,1,1.0,1,1,1.0,1,1,1.0,1,1,1.0
nomic-recommended-prefixes,Q116_v2,test_suite,1,1,40.11,parent_0090_child_1,0.770647,0.770647,parent_0090_child_1|parent_0214_child_3|parent_0146_child_5|parent_0088_child_2|parent_0219_child_1,parent_0090_child_1,1,1,1.0,1,1,1.0,1,1,1.0,1,1,1.0,1,1,1.0
nomic-recommended-prefixes,Q117_v2,test_suite,3,1,40.47,parent_0089_child_1,0.71079,0.71079,parent_0089_child_1|parent_0141_child_2|parent_0089_child_2|parent_0141_child_5|parent_0116_child_12,parent_0089_child_1|parent_0089_child_2,1,0,0.333333,1,0,0.666667,1,0,0.666667,1,0,0.666667,1,0,0.666667
nomic-recommended-prefixes,Q118_v2,test_suite,3,16,36.51,parent_0142_child_6,0.653198,0.631819,parent_0142_child_6|parent_0141_child_2|parent_0142_child_1|parent_0229_child_5|parent_0193_child_5,,0,0,0.0,0,0,0.0,0,0,0.0,1,0,0.333333,1,0,0.666667
nomic-recommended-prefixes,Q119_v2,test_suite,1,1,40.73,parent_0090_child_1,0.761172,0.761172,parent_0090_child_1|parent_0160_child_1|parent_0098_child_1|parent_0211_child_2|parent_0116_child_6,parent_0090_child_1,1,1,1.0,1,1,1.0,1,1,1.0,1,1,1.0,1,1,1.0
nomic-recommended-prefixes,Q120_v2,test_suite,3,3,35.11,parent_0090_child_1,0.654148,0.629323,parent_0090_child_1|parent_0081_child_1|parent_0089_child_3|parent_0080_child_1|parent_0088_child_2,parent_0089_child_3,0,0,0.0,1,0,0.333333,1,0,0.333333,1,0,0.333333,1,0,0.666667
nomic-recommended-prefixes,Q121_v2,test_suite,3,40,39.2,parent_0141_child_2,0.781949,0.655239,parent_0141_child_2|parent_0116_child_12|parent_0034_child_1|parent_0117_child_2|parent_0141_child_1,,0,0,0.0,0,0,0.0,0,0,0.0,0,0,0.0,1,0,0.666667
nomic-recommended-prefixes,Q122_v2,test_suite,3,43,104.19,parent_0141_child_2,0.709107,0.631726,parent_0141_child_2|parent_0081_child_1|parent_0141_child_3|parent_0193_child_3|parent_0080_child_1,,0,0,0.0,0,0,0.0,0,0,0.0,0,0,0.0,1,0,0.666667
nomic-recommended-prefixes,Q123_v2,test_suite,3,52,45.57,parent_0141_child_2,0.727593,0.666225,parent_0141_child_2|parent_0227_child_3|parent_0142_child_4|parent_0118_child_3|parent_0142_child_1,,0,0,0.0,0,0,0.0,0,0,0.0,0,0,0.0,1,0,0.333333
nomic-recommended-prefixes,Q124_v2,test_suite,3,61,41.45,parent_0141_child_2,0.721229,0.648645,parent_0141_child_2|parent_0143_child_1|parent_0117_child_7|parent_0270_child_9|parent_0270_child_5,,0,0,0.0,0,0,0.0,0,0,0.0,0,0,0.0,1,0,0.333333
nomic-recommended-prefixes,Q125_v2,test_suite,3,137,37.64,parent_0141_child_2,0.690233,0.624106,parent_0141_child_2|parent_0103_child_7|parent_0184_child_3|parent_0192_child_1|parent_0128_child_6,,0,0,0.0,0,0,0.0,0,0,0.0,0,0,0.0,0,0,0.0
nomic-recommended-prefixes,Q126_v2,test_suite,3,19,44.44,parent_0215_child_4,0.730154,0.669751,parent_0215_child_4|parent_0215_child_2|parent_0215_child_5|parent_0057_child_1|parent_0212_child_2,,0,0,0.0,0,0,0.0,0,0,0.0,1,0,0.333333,1,0,0.666667
nomic-recommended-prefixes,Q127_v2,test_suite,1,1,44.77,parent_0090_child_1,0.693553,0.693553,parent_0090_child_1|parent_0160_child_2|parent_0088_child_2|parent_0142_child_9|parent_0075_child_2,parent_0090_child_1,1,1,1.0,1,1,1.0,1,1,1.0,1,1,1.0,1,1,1.0
nomic-recommended-prefixes,Q128_v2,test_suite,3,1,36.04,parent_0089_child_2,0.697691,0.697691,parent_0089_child_2|parent_0089_child_1|parent_0013_child_1|parent_0141_child_2|parent_0090_child_1,parent_0089_child_2|parent_0089_child_1|parent_0089_child_3,1,0,0.333333,1,0,0.666667,1,1,1.0,1,1,1.0,1,1,1.0
nomic-recommended-prefixes,Q129_v2,test_suite,3,7,42.09,parent_0116_child_6,0.664922,0.640046,parent_0116_child_6|parent_0114_child_4|parent_0186_child_2|parent_0107_child_1|parent_0090_child_1,parent_0089_child_2|parent_0089_child_3,0,0,0.0,0,0,0.0,1,0,0.666667,1,0,0.666667,1,0,0.666667
nomic-recommended-prefixes,Q130_v2,test_suite,3,6,35.8,parent_0234_child_2,0.699615,0.671736,parent_0234_child_2|parent_0141_child_5|parent_0141_child_3|parent_0234_child_1|parent_0225_child_2,parent_0089_child_1,0,0,0.0,0,0,0.0,1,0,0.333333,1,0,0.333333,1,0,0.666667
nomic-recommended-prefixes,Q131_v2,test_suite,1,1,41.54,parent_0091_child_1,0.789125,0.789125,parent_0091_child_1|parent_0070_child_1|parent_0121_child_1|parent_0184_child_1|parent_0014_child_1,parent_0091_child_1,1,1,1.0,1,1,1.0,1,1,1.0,1,1,1.0,1,1,1.0
nomic-recommended-prefixes,Q132_v2,test_suite,1,1,37.35,parent_0091_child_1,0.76654,0.76654,parent_0091_child_1|parent_0014_child_1|parent_0092_child_1|parent_0088_child_2|parent_0090_child_1,parent_0091_child_1,1,1,1.0,1,1,1.0,1,1,1.0,1,1,1.0,1,1,1.0
nomic-recommended-prefixes,Q133_v2,test_suite,1,5,37.13,parent_0092_child_1,0.739723,0.711113,parent_0092_child_1|parent_0093_child_3|parent_0014_child_1|parent_0093_child_1|parent_0091_child_1,parent_0091_child_1,0,0,0.0,1,1,1.0,1,1,1.0,1,1,1.0,1,1,1.0
nomic-recommended-prefixes,Q134_v2,test_suite,1,3,38.76,parent_0014_child_1,0.797115,0.787575,parent_0014_child_1|parent_0092_child_1|parent_0091_child_1|parent_0093_child_3|parent_0093_child_1,parent_0091_child_1,0,0,0.0,1,1,1.0,1,1,1.0,1,1,1.0,1,1,1.0
nomic-recommended-prefixes,Q135_v2,test_suite,1,4,37.6,parent_0092_child_1,0.743073,0.691707,parent_0092_child_1|parent_0014_child_1|parent_0093_child_1|parent_0091_child_1|parent_0092_child_2,parent_0091_child_1,0,0,0.0,1,1,1.0,1,1,1.0,1,1,1.0,1,1,1.0
nomic-recommended-prefixes,Q136_v2,test_suite,1,5,39.36,parent_0092_child_1,0.745888,0.736157,parent_0092_child_1|parent_0093_child_2|parent_0093_child_1|parent_0014_child_1|parent_0091_child_1,parent_0091_child_1,0,0,0.0,1,1,1.0,1,1,1.0,1,1,1.0,1,1,1.0
nomic-recommended-prefixes,Q137_v2,test_suite,1,179,44.45,parent_0220_child_1,0.656152,0.581301,parent_0220_child_1|parent_0088_child_2|parent_0089_child_1|parent_0089_child_2|parent_0233_child_3,,0,0,0.0,0,0,0.0,0,0,0.0,0,0,0.0,0,0,0.0
nomic-recommended-prefixes,Q138_v2,test_suite,1,4,38.77,parent_0092_child_1,0.743953,0.693725,parent_0092_child_1|parent_0014_child_1|parent_0092_child_2|parent_0091_child_1|parent_0093_child_1,parent_0091_child_1,0,0,0.0,1,1,1.0,1,1,1.0,1,1,1.0,1,1,1.0
nomic-recommended-prefixes,Q139_v2,test_suite,1,2,37.03,parent_0093_child_3,0.777734,0.757579,parent_0093_child_3|parent_0091_child_1|parent_0092_child_1|parent_0093_child_2|parent_0014_child_1,parent_0091_child_1,0,0,0.0,1,1,1.0,1,1,1.0,1,1,1.0,1,1,1.0
nomic-recommended-prefixes,Q140_v2,test_suite,1,7,34.27,parent_0092_child_1,0.737145,0.679131,parent_0092_child_1|parent_0014_child_1|parent_0092_child_3|parent_0092_child_2|parent_0093_child_1,parent_0091_child_1,0,0,0.0,0,0,0.0,1,1,1.0,1,1,1.0,1,1,1.0
nomic-recommended-prefixes,Q141_v2,test_suite,1,2,42.97,parent_0093_child_2,0.701711,0.700545,parent_0093_child_2|parent_0091_child_1|parent_0014_child_1|parent_0092_child_1|parent_0093_child_1,parent_0091_child_1,0,0,0.0,1,1,1.0,1,1,1.0,1,1,1.0,1,1,1.0
nomic-recommended-prefixes,Q142_v2,test_suite,1,1,37.25,parent_0091_child_1,0.730371,0.730371,parent_0091_child_1|parent_0092_child_1|parent_0093_child_2|parent_0014_child_1|parent_0092_child_2,parent_0091_child_1,1,1,1.0,1,1,1.0,1,1,1.0,1,1,1.0,1,1,1.0
nomic-recommended-prefixes,Q143_v2,test_suite,3,1,41.13,parent_0092_child_1,0.764624,0.764624,parent_0092_child_1|parent_0075_child_3|parent_0086_child_1|parent_0117_child_12|parent_0075_child_2,parent_0092_child_1,1,0,0.333333,1,0,0.333333,1,0,0.333333,1,0,0.333333,1,0,0.333333
nomic-recommended-prefixes,Q144_v2,test_suite,3,1,35.29,parent_0092_child_2,0.79749,0.79749,parent_0092_child_2|parent_0150_child_12|parent_0093_child_1|parent_0150_child_2|parent_0015_child_1,parent_0092_child_2,1,0,0.333333,1,0,0.333333,1,0,0.333333,1,0,0.333333,1,0,0.333333
nomic-recommended-prefixes,Q145_v2,test_suite,3,7,39.49,parent_0184_child_2,0.717874,0.709147,parent_0184_child_2|parent_0216_child_3|parent_0075_child_3|parent_0222_child_4|parent_0184_child_1,parent_0092_child_1|parent_0092_child_2,0,0,0.0,0,0,0.0,1,0,0.666667,1,0,0.666667,1,1,1.0
nomic-recommended-prefixes,Q146_v2,test_suite,3,1,36.31,parent_0092_child_1,0.700842,0.700842,parent_0092_child_1|parent_0093_child_2|parent_0092_child_2|parent_0093_child_1|parent_0207_child_1,parent_0092_child_1|parent_0092_child_2,1,0,0.333333,1,0,0.666667,1,0,0.666667,1,1,1.0,1,1,1.0
nomic-recommended-prefixes,Q147_v2,test_suite,3,2,39.61,parent_0093_child_2,0.691048,0.689643,parent_0093_child_2|parent_0092_child_2|parent_0093_child_1|parent_0092_child_3|parent_0076_child_2,parent_0092_child_2|parent_0092_child_3|parent_0092_child_1,0,0,0.0,1,0,0.666667,1,1,1.0,1,1,1.0,1,1,1.0
nomic-recommended-prefixes,Q148_v2,test_suite,3,1,106.82,parent_0092_child_3,0.801991,0.801991,parent_0092_child_3|parent_0092_child_2|parent_0207_child_1|parent_0093_child_1|parent_0082_child_1,parent_0092_child_3|parent_0092_child_2|parent_0092_child_1,1,0,0.333333,1,0,0.666667,1,1,1.0,1,1,1.0,1,1,1.0
nomic-recommended-prefixes,Q149_v2,test_suite,3,2,37.65,parent_0154_child_2,0.753425,0.750417,parent_0154_child_2|parent_0093_child_1|parent_0157_child_5|parent_0157_child_8|parent_0163_child_1,parent_0093_child_1,0,0,0.0,1,0,0.333333,1,0,0.333333,1,0,0.666667,1,1,1.0
nomic-recommended-prefixes,Q150_v2,test_suite,3,4,37.17,parent_0161_child_6,0.751844,0.715281,parent_0161_child_6|parent_0186_child_1|parent_0069_child_1|parent_0093_child_1|parent_0148_child_1,parent_0093_child_1,0,0,0.0,1,0,0.333333,1,0,0.333333,1,0,0.333333,1,0,0.333333
nomic-recommended-prefixes,Q151_v2,test_suite,3,3,37.88,parent_0079_child_2,0.694963,0.669858,parent_0079_child_2|parent_0103_child_8|parent_0093_child_1|parent_0075_child_3|parent_0092_child_1,parent_0093_child_1,0,0,0.0,1,0,0.333333,1,0,0.333333,1,0,0.666667,1,0,0.666667
nomic-recommended-prefixes,Q152_v2,test_suite,3,1,44.06,parent_0093_child_2,0.812304,0.812304,parent_0093_child_2|parent_0200_child_2|parent_0198_child_6|parent_0198_child_7|parent_0198_child_1,parent_0093_child_2,1,0,0.333333,1,0,0.333333,1,0,0.333333,1,0,0.333333,1,0,0.666667
nomic-recommended-prefixes,Q153_v2,test_suite,3,1,43.44,parent_0093_child_2,0.724311,0.724311,parent_0093_child_2|parent_0274_child_6|parent_0284_child_2|parent_0184_child_1|parent_0184_child_2,parent_0093_child_2,1,0,0.333333,1,0,0.333333,1,0,0.333333,1,1,1.0,1,1,1.0
nomic-recommended-prefixes,Q154_v2,test_suite,3,2,38.84,parent_0268_child_4,0.687161,0.679096,parent_0268_child_4|parent_0093_child_2|parent_0169_child_4|parent_0200_child_1|parent_0292_child_1,parent_0093_child_2,0,0,0.0,1,0,0.333333,1,0,0.333333,1,0,0.666667,1,0,0.666667
nomic-recommended-prefixes,Q155_v2,test_suite,3,1,38.61,parent_0093_child_3,0.750292,0.750292,parent_0093_child_3|parent_0093_child_2|parent_0092_child_1|parent_0093_child_1|parent_0270_child_2,parent_0093_child_3|parent_0093_child_2|parent_0093_child_1,1,0,0.333333,1,1,1.0,1,1,1.0,1,1,1.0,1,1,1.0
nomic-recommended-prefixes,Q156_v2,test_suite,3,1,39.85,parent_0093_child_3,0.700856,0.700856,parent_0093_child_3|parent_0284_child_3|parent_0218_child_3|parent_0192_child_7|parent_0161_child_1,parent_0093_child_3,1,0,0.333333,1,0,0.333333,1,0,0.333333,1,0,0.333333,1,0,0.666667
nomic-recommended-prefixes,Q157_v2,test_suite,3,246,39.14,parent_0098_child_2,0.721263,0.62796,parent_0098_child_2|parent_0186_child_2|parent_0116_child_3|parent_0192_child_1|parent_0122_child_5,,0,0,0.0,0,0,0.0,0,0,0.0,0,0,0.0,0,0,0.0
nomic-recommended-prefixes,Q158_v2,test_suite,3,1,39.57,parent_0093_child_3,0.758259,0.758259,parent_0093_child_3|parent_0092_child_1|parent_0093_child_1|parent_0091_child_1|parent_0014_child_1,parent_0093_child_3|parent_0093_child_1|parent_0093_child_2,1,0,0.333333,1,0,0.666667,1,1,1.0,1,1,1.0,1,1,1.0
nomic-recommended-prefixes,Q159_v2,test_suite,3,423,38.07,parent_0141_child_2,0.717507,0.61866,parent_0141_child_2|parent_0117_child_12|parent_0117_child_7|parent_0142_child_2|parent_0116_child_12,,0,0,0.0,0,0,0.0,0,0,0.0,0,0,0.0,0,0,0.0
nomic-recommended-prefixes,Q160_v2,test_suite,3,1,39.91,parent_0093_child_2,0.67838,0.67838,parent_0093_child_2|parent_0202_child_1|parent_0186_child_2|parent_0198_child_6|parent_0199_child_4,parent_0093_child_2,1,0,0.333333,1,0,0.333333,1,0,0.333333,1,0,0.666667,1,1,1.0
nomic-recommended-prefixes,Q161_v2,test_suite,3,2,32.76,parent_0092_child_1,0.718883,0.708053,parent_0092_child_1|parent_0093_child_2|parent_0014_child_1|parent_0093_child_1|parent_0092_child_3,parent_0093_child_2|parent_0093_child_1|parent_0093_child_3,0,0,0.0,1,0,0.666667,1,1,1.0,1,1,1.0,1,1,1.0
nomic-recommended-prefixes,Q162_v2,test_suite,3,1,39.7,parent_0093_child_3,0.665722,0.665722,parent_0093_child_3|parent_0207_child_1|parent_0169_child_3|parent_0092_child_1|parent_0093_child_2,parent_0093_child_3|parent_0093_child_2,1,0,0.333333,1,0,0.666667,1,0,0.666667,1,1,1.0,1,1,1.0
nomic-recommended-prefixes,Q163_v2,test_suite,3,307,34.47,parent_0116_child_3,0.690048,0.554026,parent_0116_child_3|parent_0139_child_7|parent_0116_child_9|parent_0235_child_1|parent_0116_child_5,,0,0,0.0,0,0,0.0,0,0,0.0,0,0,0.0,0,0,0.0
nomic-recommended-prefixes,Q164_v2,test_suite,3,1,38.75,parent_0092_child_2,0.654766,0.654766,parent_0092_child_2|parent_0015_child_1|parent_0298_child_1|parent_0093_child_2|parent_0093_child_1,parent_0092_child_2|parent_0092_child_3,1,0,0.333333,1,0,0.333333,1,0,0.666667,1,0,0.666667,1,0,0.666667
nomic-recommended-prefixes,Q165_v2,test_suite,3,67,35.64,parent_0217_child_6,0.696405,0.655085,parent_0217_child_6|parent_0229_child_5|parent_0139_child_5|parent_0139_child_8|parent_0188_child_1,,0,0,0.0,0,0,0.0,0,0,0.0,0,0,0.0,1,0,0.333333
nomic-recommended-prefixes,Q166_v2,test_suite,2,1,38.36,parent_0079_child_2,0.708043,0.708043,parent_0079_child_2|parent_0219_child_1|parent_0195_child_5|parent_0086_child_1|parent_0220_child_1,parent_0079_child_2,1,0,0.5,1,0,0.5,1,0,0.5,1,0,0.5,1,0,0.5
nomic-recommended-prefixes,Q167_v2,test_suite,6,1,43.07,parent_0092_child_1,0.726184,0.726184,parent_0092_child_1|parent_0014_child_1|parent_0093_child_3|parent_0094_child_1|parent_0088_child_3,parent_0092_child_1|parent_0093_child_3|parent_0093_child_1,1,0,0.166667,1,0,0.333333,1,0,0.5,1,0,0.666667,1,1,1.0
nomic-recommended-prefixes,Q168_v2,test_suite,6,9,38.15,parent_0212_child_2,0.702339,0.676743,parent_0212_child_2|parent_0216_child_3|parent_0215_child_4|parent_0215_child_2|parent_0215_child_3,parent_0089_child_2,0,0,0.0,0,0,0.0,1,0,0.166667,1,0,0.166667,1,0,0.5
nomic-recommended-prefixes,Q169_v2,test_suite,3,16,37.95,parent_0157_child_8,0.755084,0.652265,parent_0157_child_8|parent_0154_child_2|parent_0157_child_1|parent_0156_child_1|parent_0157_child_7,,0,0,0.0,0,0,0.0,0,0,0.0,1,0,0.333333,1,0,0.666667
nomic-recommended-prefixes,Q170_v2,test_suite,5,5,35.02,parent_0171_child_3,0.693443,0.677768,parent_0171_child_3|parent_0169_child_2|parent_0168_child_4|parent_0167_child_3|parent_0159_child_3,parent_0159_child_3,0,0,0.0,1,0,0.2,1,0,0.2,1,0,0.2,1,0,0.6
nomic-recommended-prefixes,Q171_v2,test_suite,5,2,39.21,parent_0169_child_2,0.730546,0.725839,parent_0169_child_2|parent_0159_child_3|parent_0176_child_5|parent_0168_child_4|parent_0042_child_1,parent_0159_child_3|parent_0159_child_4,0,0,0.0,1,0,0.2,1,0,0.4,1,0,0.8,1,1,1.0
nomic-recommended-prefixes,Q172_v2,test_suite,4,2,36.21,parent_0075_child_3,0.706597,0.687664,parent_0075_child_3|parent_0076_child_1|parent_0216_child_3|parent_0167_child_3|parent_0198_child_2,parent_0076_child_1|parent_0076_child_3,0,0,0.0,1,0,0.25,1,0,0.5,1,0,0.5,1,0,0.5
nomic-recommended-prefixes,Q173_v2,test_suite,5,1,28.6,parent_0195_child_5,0.700667,0.700667,parent_0195_child_5|parent_0220_child_1|parent_0219_child_1|parent_0103_child_8|parent_0126_child_6,parent_0195_child_5,1,0,0.2,1,0,0.2,1,0,0.2,1,0,0.4,1,0,0.6
nomic-recommended-prefixes,Q174_v2,test_suite,3,25,34.84,parent_0150_child_11,0.735848,0.699955,parent_0150_child_11|parent_0150_child_17|parent_0296_child_16|parent_0228_child_1|parent_0224_child_3,,0,0,0.0,0,0,0.0,0,0,0.0,0,0,0.0,1,0,0.333333
nomic-recommended-prefixes,Q175_v2,test_suite,1,250,117.14,parent_0218_child_12,0.686599,0.596647,parent_0218_child_12|parent_0149_child_3|parent_0151_child_15|parent_0183_child_3|parent_0146_child_5,,0,0,0.0,0,0,0.0,0,0,0.0,0,0,0.0,0,0,0.0
nomic-recommended-prefixes,Q177_v2,test_suite,1,25,37.56,parent_0296_child_12,0.690065,0.636534,parent_0296_child_12|parent_0148_child_2|parent_0296_child_24|parent_0296_child_21|parent_0106_child_13,,0,0,0.0,0,0,0.0,0,0,0.0,0,0,0.0,1,1,1.0
nomic-recommended-prefixes,Q178_v2,test_suite,1,297,35.68,parent_0218_child_12,0.700656,0.61139,parent_0218_child_12|parent_0207_child_1|parent_0292_child_1|parent_0206_child_2|parent_0126_child_6,,0,0,0.0,0,0,0.0,0,0,0.0,0,0,0.0,0,0,0.0
nomic-recommended-prefixes,Q179_v2,test_suite,1,2,34.89,parent_0220_child_1,0.762907,0.743716,parent_0220_child_1|parent_0219_child_1|parent_0060_child_1|parent_0146_child_5|parent_0218_child_11,parent_0219_child_1,0,0,0.0,1,1,1.0,1,1,1.0,1,1,1.0,1,1,1.0
nomic-recommended-prefixes,Q180_v2,test_suite,2,14,44.22,parent_0217_child_6,0.733315,0.704892,parent_0217_child_6|parent_0268_child_3|parent_0296_child_24|parent_0296_child_16|parent_0270_child_9,,0,0,0.0,0,0,0.0,0,0,0.0,1,0,0.5,1,0,0.5
nomic-recommended-prefixes,Q181_v2,test_suite,6,1,43.36,parent_0159_child_3,0.713421,0.713421,parent_0159_child_3|parent_0160_child_5|parent_0160_child_2|parent_0087_child_1|parent_0159_child_5,parent_0159_child_3|parent_0159_child_5|parent_0159_child_2|parent_0159_child_4,1,0,0.166667,1,0,0.333333,1,0,0.666667,1,0,0.833333,1,1,1.0
nomic-recommended-prefixes,Q182_v2,test_suite,2,9,46.73,parent_0088_child_2,0.730875,0.690775,parent_0088_child_2|parent_0220_child_1|parent_0088_child_3|parent_0079_child_1|parent_0086_child_1,parent_0073_child_1,0,0,0.0,0,0,0.0,1,0,0.5,1,1,1.0,1,1,1.0
nomic-recommended-prefixes,Q183_v2,test_suite,4,2,38.99,parent_0092_child_1,0.708098,0.691345,parent_0092_child_1|parent_0088_child_2|parent_0093_child_3|parent_0087_child_1|parent_0014_child_1,parent_0088_child_2,0,0,0.0,1,0,0.25,1,0,0.25,1,0,0.75,1,1,1.0
nomic-recommended-prefixes,Q184_v2,test_suite,3,26,37.13,parent_0073_child_1,0.692309,0.648998,parent_0073_child_1|parent_0090_child_1|parent_0088_child_2|parent_0079_child_1|parent_0088_child_3,,0,0,0.0,0,0,0.0,0,0,0.0,0,0,0.0,1,0,0.666667
nomic-recommended-prefixes,Q185_v2,test_suite,6,53,35.68,parent_0134_child_9,0.66159,0.628719,parent_0134_child_9|parent_0138_child_1|parent_0206_child_2|parent_0160_child_5|parent_0147_child_2,,0,0,0.0,0,0,0.0,0,0,0.0,0,0,0.0,1,0,0.166667
nomic-recommended-prefixes,Q186_v2,test_suite,1,6,37.07,parent_0087_child_1,0.662984,0.649894,parent_0087_child_1|parent_0215_child_4|parent_0090_child_1|parent_0088_child_2|parent_0217_child_6,parent_0073_child_1,0,0,0.0,0,0,0.0,1,1,1.0,1,1,1.0,1,1,1.0
nomic-recommended-prefixes,Q187_v2,test_suite,1,10,40.1,parent_0088_child_2,0.728433,0.688756,parent_0088_child_2|parent_0087_child_1|parent_0079_child_1|parent_0090_child_1|parent_0081_child_1,parent_0073_child_1,0,0,0.0,0,0,0.0,1,1,1.0,1,1,1.0,1,1,1.0
nomic-recommended-prefixes,Q188_v2,test_suite,1,412,38.76,parent_0089_child_1,0.699971,0.587778,parent_0089_child_1|parent_0089_child_2|parent_0142_child_2|parent_0139_child_7|parent_0075_child_3,,0,0,0.0,0,0,0.0,0,0,0.0,0,0,0.0,0,0,0.0
nomic-recommended-prefixes,Q189_v2,test_suite,3,15,32.79,parent_0092_child_1,0.701717,0.622333,parent_0092_child_1|parent_0076_child_2|parent_0089_child_1|parent_0088_child_2|parent_0193_child_2,,0,0,0.0,0,0,0.0,0,0,0.0,1,0,0.666667,1,1,1.0
nomic-recommended-prefixes,Q190_v2,test_suite,5,25,37.39,parent_0160_child_1,0.721062,0.672337,parent_0160_child_1|parent_0098_child_2|parent_0214_child_3|parent_0122_child_5|parent_0116_child_6,,0,0,0.0,0,0,0.0,0,0,0.0,0,0,0.0,1,0,0.8
nomic-recommended-prefixes,Q192_v2,test_suite,3,380,38.54,parent_0212_child_2,0.659489,0.580207,parent_0212_child_2|parent_0147_child_1|parent_0147_child_2|parent_0160_child_1|parent_0193_child_2,,0,0,0.0,0,0,0.0,0,0,0.0,0,0,0.0,0,0,0.0
nomic-recommended-prefixes,Q193_v2,test_suite,5,15,37.63,parent_0093_child_3,0.684105,0.646241,parent_0093_child_3|parent_0092_child_1|parent_0146_child_2|parent_0070_child_1|parent_0091_child_1,,0,0,0.0,0,0,0.0,0,0,0.0,1,0,0.2,1,0,0.8
nomic-recommended-prefixes,Q194_v2,test_suite,5,6,35.37,parent_0161_child_6,0.693612,0.683283,parent_0161_child_6|parent_0146_child_2|parent_0146_child_1|parent_0149_child_3|parent_0146_child_5,parent_0159_child_3|parent_0159_child_5,0,0,0.0,0,0,0.0,1,0,0.4,1,0,0.4,1,1,1.0
nomic-recommended-prefixes,Q195_v2,test_suite,2,88,34.94,parent_0137_child_1,0.70461,0.641394,parent_0137_child_1|parent_0117_child_12|parent_0114_child_4|parent_0114_child_1|parent_0137_child_2,,0,0,0.0,0,0,0.0,0,0,0.0,0,0,0.0,1,0,0.5
nomic-recommended-prefixes,Q196_v2,test_suite,1,1,36.07,parent_0074_child_1,0.644528,0.644528,parent_0074_child_1|parent_0186_child_2|parent_0076_child_1|parent_0193_child_4|parent_0007_child_1,parent_0074_child_1,1,1,1.0,1,1,1.0,1,1,1.0,1,1,1.0,1,1,1.0
nomic-recommended-prefixes,Q197_v2,test_suite,4,1,33.93,parent_0076_child_3,0.649459,0.649459,parent_0076_child_3|parent_0139_child_6|parent_0197_child_5|parent_0139_child_7|parent_0246_child_3,parent_0076_child_3,1,0,0.25,1,0,0.25,1,0,0.25,1,0,0.25,1,0,0.75
nomic-recommended-prefixes,Q198_v2,test_suite,2,1,36.59,parent_0078_child_1,0.681827,0.681827,parent_0078_child_1|parent_0217_child_3|parent_0088_child_3|parent_0161_child_5|parent_0008_child_1,parent_0078_child_1|parent_0078_child_2,1,0,0.5,1,0,0.5,1,1,1.0,1,1,1.0,1,1,1.0
nomic-recommended-prefixes,Q199_v2,test_suite,3,77,40.71,parent_0117_child_7,0.673095,0.607413,parent_0117_child_7|parent_0193_child_5|parent_0193_child_2|parent_0117_child_6|parent_0117_child_11,,0,0,0.0,0,0,0.0,0,0,0.0,0,0,0.0,1,1,1.0
nomic-recommended-prefixes,Q200_v2,test_suite,4,8,37.1,parent_0092_child_1,0.724195,0.653729,parent_0092_child_1|parent_0093_child_3|parent_0093_child_1|parent_0014_child_1|parent_0092_child_3,parent_0091_child_1,0,0,0.0,0,0,0.0,1,0,0.25,1,0,0.5,1,0,0.5
bge-base-en-v1.5,Q001,test_suite,1,2,453.32,parent_0121_child_1,0.742237,0.686891,parent_0121_child_1|parent_0073_child_1|parent_0091_child_1|parent_0184_child_1|parent_0262_child_1,parent_0073_child_1,0,0,0.0,1,1,1.0,1,1,1.0,1,1,1.0,1,1,1.0
bge-base-en-v1.5,Q002,test_suite,1,1,34.77,parent_0074_child_1,0.685817,0.685817,parent_0074_child_1|parent_0007_child_1|parent_0076_child_2|parent_0092_child_1|parent_0091_child_1,parent_0074_child_1,1,1,1.0,1,1,1.0,1,1,1.0,1,1,1.0,1,1,1.0
bge-base-en-v1.5,Q003,test_suite,1,1,28.75,parent_0074_child_1,0.677587,0.677587,parent_0074_child_1|parent_0007_child_1|parent_0076_child_2|parent_0082_child_1|parent_0114_child_4,parent_0074_child_1,1,1,1.0,1,1,1.0,1,1,1.0,1,1,1.0,1,1,1.0
bge-base-en-v1.5,Q004,test_suite,3,1,26.57,parent_0076_child_3,0.651008,0.651008,parent_0076_child_3|parent_0198_child_1|parent_0151_child_6|parent_0198_child_2|parent_0225_child_1,parent_0076_child_3|parent_0076_child_2,1,0,0.333333,1,0,0.333333,1,0,0.666667,1,0,0.666667,1,1,1.0
bge-base-en-v1.5,Q005,test_suite,1,38,27.45,parent_0088_child_3,0.576525,0.518935,parent_0088_child_3|parent_0215_child_2|parent_0332_child_1|parent_0088_child_2|parent_0087_child_1,,0,0,0.0,0,0,0.0,0,0,0.0,0,0,0.0,1,1,1.0
bge-base-en-v1.5,Q006,test_suite,2,1,29.96,parent_0078_child_1,0.696164,0.696164,parent_0078_child_1|parent_0008_child_1|parent_0215_child_2|parent_0114_child_4|parent_0313_child_1,parent_0078_child_1,1,0,0.5,1,0,0.5,1,0,0.5,1,0,0.5,1,1,1.0
bge-base-en-v1.5,Q007,test_suite,2,1,30.9,parent_0079_child_1,0.558412,0.558412,parent_0079_child_1|parent_0088_child_3|parent_0008_child_1|parent_0233_child_1|parent_0233_child_3,parent_0079_child_1,1,0,0.5,1,0,0.5,1,0,0.5,1,0,0.5,1,1,1.0
bge-base-en-v1.5,Q008,test_suite,2,1,29.11,parent_0079_child_2,0.692409,0.692409,parent_0079_child_2|parent_0011_child_1|parent_0008_child_1|parent_0085_child_1|parent_0075_child_2,parent_0079_child_2,1,0,0.5,1,0,0.5,1,0,0.5,1,0,0.5,1,1,1.0
bge-base-en-v1.5,Q009,test_suite,2,1,29.72,parent_0079_child_2,0.685872,0.685872,parent_0079_child_2|parent_0008_child_1|parent_0080_child_1|parent_0081_child_1|parent_0078_child_1,parent_0079_child_2|parent_0079_child_1,1,0,0.5,1,0,0.5,1,1,1.0,1,1,1.0,1,1,1.0
bge-base-en-v1.5,Q010,test_suite,2,4,29.17,parent_0081_child_1,0.62602,0.555295,parent_0081_child_1|parent_0080_child_1|parent_0114_child_4|parent_0079_child_2|parent_0106_child_10,parent_0079_child_2,0,0,0.0,1,0,0.5,1,0,0.5,1,0,0.5,1,0,0.5
bge-base-en-v1.5,Q011,test_suite,1,1,28.99,parent_0083_child_1,0.722525,0.722525,parent_0083_child_1|parent_0010_child_1|parent_0084_child_1|parent_0077_child_1|parent_0218_child_5,parent_0083_child_1,1,1,1.0,1,1,1.0,1,1,1.0,1,1,1.0,1,1,1.0
bge-base-en-v1.5,Q012,test_suite,1,1,28.91,parent_0085_child_1,0.761744,0.761744,parent_0085_child_1|parent_0011_child_1|parent_0075_child_3|parent_0075_child_2|parent_0086_child_1,parent_0085_child_1,1,1,1.0,1,1,1.0,1,1,1.0,1,1,1.0,1,1,1.0
bge-base-en-v1.5,Q014,test_suite,3,1,28.27,parent_0088_child_2,0.689428,0.689428,parent_0088_child_2|parent_0012_child_1|parent_0146_child_6|parent_0218_child_11|parent_0183_child_4,parent_0088_child_2,1,0,0.333333,1,0,0.333333,1,0,0.333333,1,0,0.333333,1,0,0.666667
bge-base-en-v1.5,Q015,test_suite,3,2,35.46,parent_0012_child_1,0.680244,0.674994,parent_0012_child_1|parent_0088_child_2|parent_0014_child_1|parent_0091_child_1|parent_0093_child_1,parent_0088_child_2|parent_0088_child_3,0,0,0.0,1,0,0.333333,1,0,0.666667,1,0,0.666667,1,0,0.666667
bge-base-en-v1.5,Q016,test_suite,3,1,35.61,parent_0089_child_1,0.708004,0.708004,parent_0089_child_1|parent_0141_child_2|parent_0013_child_1|parent_0089_child_2|parent_0116_child_12,parent_0089_child_1|parent_0089_child_2,1,0,0.333333,1,0,0.666667,1,0,0.666667,1,0,0.666667,1,0,0.666667
bge-base-en-v1.5,Q017,test_suite,3,8,32.26,parent_0090_child_1,0.703315,0.644716,parent_0090_child_1|parent_0081_child_1|parent_0146_child_5|parent_0088_child_2|parent_0234_child_1,parent_0089_child_2,0,0,0.0,0,0,0.0,1,0,0.333333,1,0,0.333333,1,1,1.0
bge-base-en-v1.5,Q018,test_suite,3,1,29.05,parent_0076_child_2,0.589508,0.589508,parent_0076_child_2|parent_0277_child_4|parent_0076_child_3|parent_0196_child_3|parent_0196_child_1,parent_0076_child_2|parent_0076_child_3,1,0,0.333333,1,0,0.666667,1,0,0.666667,1,0,0.666667,1,1,1.0
bge-base-en-v1.5,Q019,test_suite,1,4,117.8,parent_0168_child_4,0.563613,0.545963,parent_0168_child_4|parent_0076_child_2|parent_0116_child_7|parent_0091_child_1|parent_0075_child_2,parent_0091_child_1,0,0,0.0,1,1,1.0,1,1,1.0,1,1,1.0,1,1,1.0
bge-base-en-v1.5,Q020,test_suite,3,1,31.37,parent_0093_child_1,0.614518,0.614518,parent_0093_child_1|parent_0215_child_1|parent_0200_child_1|parent_0225_child_1|parent_0218_child_12,parent_0093_child_1,1,0,0.333333,1,0,0.333333,1,0,0.333333,1,0,0.333333,1,0,0.333333
bge-base-en-v1.5,Q021,test_suite,3,1,32.4,parent_0093_child_1,0.626995,0.626995,parent_0093_child_1|parent_0092_child_1|parent_0015_child_1|parent_0192_child_8|parent_0091_child_1,parent_0093_child_1|parent_0093_child_2|parent_0093_child_3,1,0,0.333333,1,0,0.333333,1,1,1.0,1,1,1.0,1,1,1.0
bge-base-en-v1.5,Q022,test_suite,3,1,30.21,parent_0093_child_3,0.615827,0.615827,parent_0093_child_3|parent_0313_child_1|parent_0088_child_2|parent_0015_child_1|parent_0215_child_2,parent_0093_child_3,1,0,0.333333,1,0,0.333333,1,0,0.333333,1,0,0.333333,1,0,0.666667
bge-base-en-v1.5,Q023,test_suite,1,1,30.76,parent_0094_child_1,0.720402,0.720402,parent_0094_child_1|parent_0081_child_1|parent_0079_child_1|parent_0088_child_2|parent_0072_child_3,parent_0094_child_1,1,1,1.0,1,1,1.0,1,1,1.0,1,1,1.0,1,1,1.0
bge-base-en-v1.5,Q024,test_suite,3,16,32.23,parent_0157_child_6,0.693539,0.600095,parent_0157_child_6|parent_0155_child_3|parent_0157_child_7|parent_0040_child_1|parent_0154_child_1,,0,0,0.0,0,0,0.0,0,0,0.0,1,0,0.333333,1,0,0.333333
bge-base-en-v1.5,Q025,test_suite,3,1,34.03,parent_0093_child_2,0.625743,0.625743,parent_0093_child_2|parent_0091_child_1|parent_0192_child_8|parent_0185_child_1|parent_0184_child_1,parent_0093_child_2|parent_0093_child_1,1,0,0.333333,1,0,0.333333,1,0,0.666667,1,0,0.666667,1,1,1.0
bge-base-en-v1.5,Q026,test_suite,13,1,31.18,parent_0097_child_1,0.759216,0.759216,parent_0097_child_1|parent_0016_child_1|parent_0097_child_6|parent_0097_child_10|parent_0097_child_9,parent_0097_child_1|parent_0097_child_6|parent_0097_child_10|parent_0097_child_9|parent_0097_child_3,1,0,0.076923,1,0,0.307692,1,0,0.384615,1,0,0.538462,1,0,0.923077
bge-base-en-v1.5,Q027,test_suite,13,1,30.34,parent_0097_child_5,0.780866,0.780866,parent_0097_child_5|parent_0016_child_1|parent_0097_child_13|parent_0097_child_3|parent_0234_child_1,parent_0097_child_5|parent_0097_child_13|parent_0097_child_3|parent_0097_child_12,1,0,0.076923,1,0,0.230769,1,0,0.307692,1,0,0.384615,1,0,0.769231
bge-base-en-v1.5,Q028,test_suite,4,2,29.69,parent_0016_child_1,0.66819,0.657717,parent_0016_child_1|parent_0096_child_4|parent_0097_child_6|parent_0097_child_3|parent_0171_child_3,parent_0096_child_4|parent_0096_child_1|parent_0096_child_2,0,0,0.0,1,0,0.25,1,0,0.75,1,1,1.0,1,1,1.0
bge-base-en-v1.5,Q029,test_suite,13,1,26.18,parent_0097_child_8,0.699691,0.699691,parent_0097_child_8|parent_0097_child_6|parent_0097_child_11|parent_0097_child_7|parent_0097_child_13,parent_0097_child_8|parent_0097_child_6|parent_0097_child_11|parent_0097_child_7|parent_0097_child_13|parent_0097_child_9|parent_0097_child_10,1,0,0.076923,1,0,0.384615,1,0,0.538462,1,0,0.692308,1,0,0.923077
bge-base-en-v1.5,Q030,test_suite,4,1,30.81,parent_0098_child_3,0.719255,0.719255,parent_0098_child_3|parent_0098_child_2|parent_0102_child_1|parent_0146_child_4|parent_0234_child_1,parent_0098_child_3|parent_0098_child_2,1,0,0.25,1,0,0.5,1,0,0.5,1,0,0.5,1,0,0.75
bge-base-en-v1.5,Q031,test_suite,4,2,29.0,parent_0123_child_2,0.68711,0.651092,parent_0123_child_2|parent_0098_child_3|parent_0146_child_3|parent_0099_child_1|parent_0123_child_3,parent_0098_child_3|parent_0098_child_4,0,0,0.0,1,0,0.25,1,0,0.5,1,0,0.75,1,0,0.75
bge-base-en-v1.5,Q032,test_suite,4,1,30.12,parent_0098_child_4,0.659262,0.659262,parent_0098_child_4|parent_0098_child_3|parent_0106_child_8|parent_0104_child_2|parent_0115_child_1,parent_0098_child_4|parent_0098_child_3,1,0,0.25,1,0,0.5,1,0,0.5,1,0,0.5,1,0,0.75
bge-base-en-v1.5,Q033,test_suite,13,1,31.11,parent_0097_child_13,0.66437,0.66437,parent_0097_child_13|parent_0234_child_1|parent_0115_child_1|parent_0214_child_3|parent_0061_child_2,parent_0097_child_13,1,0,0.076923,1,0,0.076923,1,0,0.076923,1,0,0.230769,1,0,0.615385
bge-base-en-v1.5,Q034,test_suite,1,1,32.94,parent_0100_child_1,0.692768,0.692768,parent_0100_child_1|parent_0124_child_1|parent_0234_child_1|parent_0098_child_4|parent_0140_child_3,parent_0100_child_1,1,1,1.0,1,1,1.0,1,1,1.0,1,1,1.0,1,1,1.0
bge-base-en-v1.5,Q035,test_suite,4,2,28.34,parent_0161_child_1,0.685067,0.671552,parent_0161_child_1|parent_0098_child_2|parent_0161_child_4|parent_0098_child_1|parent_0234_child_1,parent_0098_child_2|parent_0098_child_1,0,0,0.0,1,0,0.5,1,0,0.5,1,0,0.5,1,0,0.5
bge-base-en-v1.5,Q036,test_suite,8,1,27.33,parent_0103_child_1,0.629854,0.629854,parent_0103_child_1|parent_0103_child_2|parent_0126_child_3|parent_0163_child_1|parent_0171_child_4,parent_0103_child_1|parent_0103_child_2,1,0,0.125,1,0,0.25,1,0,0.25,1,0,0.25,1,0,0.375
bge-base-en-v1.5,Q037,test_suite,8,3,25.66,parent_0260_child_1,0.718773,0.658757,parent_0260_child_1|parent_0260_child_5|parent_0103_child_1|parent_0260_child_4|parent_0260_child_2,parent_0103_child_1,0,0,0.0,1,0,0.125,1,0,0.125,1,0,0.125,1,0,0.625
bge-base-en-v1.5,Q038,test_suite,8,1,30.24,parent_0103_child_2,0.78782,0.78782,parent_0103_child_2|parent_0018_child_1|parent_0103_child_1|parent_0210_child_1|parent_0216_child_2,parent_0103_child_2|parent_0103_child_1,1,0,0.125,1,0,0.25,1,0,0.25,1,0,0.25,1,0,0.75
bge-base-en-v1.5,Q039,test_suite,8,8,29.5,parent_0297_child_10,0.682611,0.638189,parent_0297_child_10|parent_0018_child_1|parent_0297_child_2|parent_0216_child_1|parent_0107_child_1,parent_0103_child_2,0,0,0.0,0,0,0.0,1,0,0.125,1,0,0.25,1,0,0.75
bge-base-en-v1.5,Q040,test_suite,2,1,28.79,parent_0104_child_1,0.598788,0.598788,parent_0104_child_1|parent_0142_child_2|parent_0117_child_2|parent_0117_child_6|parent_0141_child_5,parent_0104_child_1,1,0,0.5,1,0,0.5,1,0,0.5,1,0,0.5,1,1,1.0
bge-base-en-v1.5,Q041,test_suite,13,1,31.04,parent_0106_child_7,0.677253,0.677253,parent_0106_child_7|parent_0106_child_8|parent_0021_child_1|parent_0106_child_6|parent_0130_child_1,parent_0106_child_7|parent_0106_child_8|parent_0106_child_6|parent_0106_child_5|parent_0106_child_4,1,0,0.076923,1,0,0.230769,1,0,0.384615,1,0,0.384615,1,0,0.615385
bge-base-en-v1.5,Q042,test_suite,13,2,27.12,parent_0022_child_1,0.764766,0.70555,parent_0022_child_1|parent_0106_child_11|parent_0033_child_1|parent_0297_child_8|parent_0098_child_4,parent_0106_child_11|parent_0106_child_8|parent_0106_child_12,0,0,0.0,1,0,0.076923,1,0,0.230769,1,0,0.384615,1,0,0.692308
bge-base-en-v1.5,Q043,test_suite,13,4,26.49,parent_0022_child_1,0.731107,0.681352,parent_0022_child_1|parent_0098_child_4|parent_0297_child_8|parent_0106_child_12|parent_0123_child_3,parent_0106_child_12|parent_0106_child_11|parent_0106_child_8,0,0,0.0,1,0,0.076923,1,0,0.230769,1,0,0.307692,1,0,0.692308
bge-base-en-v1.5,Q044,test_suite,1,3,31.37,parent_0024_child_1,0.65571,0.621687,parent_0024_child_1|parent_0114_child_1|parent_0108_child_1|parent_0109_child_1|parent_0106_child_8,parent_0108_child_1,0,0,0.0,1,1,1.0,1,1,1.0,1,1,1.0,1,1,1.0
bge-base-en-v1.5,Q045,test_suite,6,18,27.56,parent_0024_child_1,0.728146,0.624494,parent_0024_child_1|parent_0108_child_1|parent_0134_child_5|parent_0134_child_4|parent_0135_child_6,,0,0,0.0,0,0,0.0,0,0,0.0,1,0,0.166667,1,0,0.666667
bge-base-en-v1.5,Q046,test_suite,6,4,28.03,parent_0024_child_1,0.688061,0.671459,parent_0024_child_1|parent_0134_child_5|parent_0108_child_1|parent_0109_child_5|parent_0134_child_8,parent_0109_child_5,0,0,0.0,1,0,0.166667,1,0,0.166667,1,0,0.333333,1,0,0.833333
bge-base-en-v1.5,Q047,test_suite,6,19,33.41,parent_0134_child_8,0.695083,0.629955,parent_0134_child_8|parent_0234_child_1|parent_0233_child_3|parent_0115_child_1|parent_0233_child_2,,0,0,0.0,0,0,0.0,0,0,0.0,1,0,0.166667,1,0,0.5
bge-base-en-v1.5,Q048,test_suite,3,1,26.77,parent_0110_child_1,0.690067,0.690067,parent_0110_child_1|parent_0025_child_1|parent_0135_child_1|parent_0164_child_1|parent_0137_child_2,parent_0110_child_1,1,0,0.333333,1,0,0.333333,1,0,0.333333,1,0,0.666667,1,1,1.0
bge-base-en-v1.5,Q049,test_suite,4,1,27.35,parent_0114_child_4,0.770778,0.770778,parent_0114_child_4|parent_0116_child_6|parent_0034_child_1|parent_0297_child_8|parent_0026_child_1,parent_0114_child_4,1,0,0.25,1,0,0.25,1,0,0.25,1,0,0.5,1,1,1.0
bge-base-en-v1.5,Q050,test_suite,1,1,32.15,parent_0115_child_1,0.764472,0.764472,parent_0115_child_1|parent_0137_child_5|parent_0147_child_1|parent_0147_child_2|parent_0214_child_3,parent_0115_child_1,1,1,1.0,1,1,1.0,1,1,1.0,1,1,1.0,1,1,1.0
bge-base-en-v1.5,Q051,test_suite,5,2,27.97,parent_0029_child_1,0.671179,0.6537,parent_0029_child_1|parent_0122_child_1|parent_0122_child_4|parent_0122_child_2|parent_0122_child_3,parent_0122_child_1|parent_0122_child_4|parent_0122_child_2|parent_0122_child_3|parent_0122_child_5,0,0,0.0,1,0,0.8,1,1,1.0,1,1,1.0,1,1,1.0
bge-base-en-v1.5,Q052,test_suite,5,1,27.78,parent_0122_child_2,0.79891,0.79891,parent_0122_child_2|parent_0029_child_1|parent_0122_child_1|parent_0124_child_1|parent_0142_child_10,parent_0122_child_2|parent_0122_child_1,1,0,0.2,1,0,0.4,1,0,0.4,1,0,0.6,1,1,1.0
bge-base-en-v1.5,Q053,test_suite,5,1,117.24,parent_0122_child_5,0.692199,0.692199,parent_0122_child_5|parent_0161_child_1|parent_0122_child_4|parent_0161_child_5|parent_0234_child_1,parent_0122_child_5|parent_0122_child_4,1,0,0.2,1,0,0.4,1,0,0.4,1,0,0.4,1,0,0.6
bge-base-en-v1.5,Q054,test_suite,3,1,37.18,parent_0123_child_2,0.694728,0.694728,parent_0123_child_2|parent_0123_child_1|parent_0146_child_3|parent_0123_child_3|parent_0260_child_5,parent_0123_child_2|parent_0123_child_1|parent_0123_child_3,1,0,0.333333,1,1,1.0,1,1,1.0,1,1,1.0,1,1,1.0
bge-base-en-v1.5,Q055,test_suite,10,1,34.33,parent_0126_child_3,0.703542,0.703542,parent_0126_child_3|parent_0030_child_1|parent_0126_child_2|parent_0146_child_1|parent_0103_child_2,parent_0126_child_3|parent_0126_child_2,1,0,0.1,1,0,0.2,1,0,0.2,1,0,0.3,1,0,0.7
bge-base-en-v1.5,Q056,test_suite,10,3,38.21,parent_0030_child_1,0.631119,0.608591,parent_0030_child_1|parent_0103_child_2|parent_0126_child_3|parent_0126_child_7|parent_0146_child_3,parent_0126_child_3|parent_0126_child_7|parent_0126_child_2,0,0,0.0,1,0,0.2,1,0,0.3,1,0,0.4,1,0,0.5
bge-base-en-v1.5,Q057,test_suite,10,3,34.54,parent_0236_child_2,0.722361,0.645681,parent_0236_child_2|parent_0030_child_1|parent_0126_child_8|parent_0229_child_1|parent_0137_child_4,parent_0126_child_8,0,0,0.0,1,0,0.1,1,0,0.1,1,0,0.3,1,0,0.7
bge-base-en-v1.5,Q058,test_suite,10,1,31.3,parent_0134_child_8,0.723102,0.723102,parent_0134_child_8|parent_0134_child_1|parent_0134_child_4|parent_0137_child_2|parent_0024_child_1,parent_0134_child_8|parent_0134_child_1|parent_0134_child_4|parent_0134_child_5,1,0,0.1,1,0,0.3,1,0,0.4,1,0,0.7,1,0,0.8
bge-base-en-v1.5,Q059,test_suite,10,1,29.72,parent_0134_child_8,0.765703,0.765703,parent_0134_child_8|parent_0134_child_10|parent_0134_child_9|parent_0122_child_4|parent_0122_child_5,parent_0134_child_8|parent_0134_child_10|parent_0134_child_9,1,0,0.1,1,0,0.3,1,0,0.3,1,0,0.4,1,0,0.6
bge-base-en-v1.5,Q060,test_suite,5,1,28.04,parent_0137_child_5,0.670853,0.670853,parent_0137_child_5|parent_0122_child_4|parent_0147_child_1|parent_0115_child_1|parent_0137_child_4,parent_0137_child_5|parent_0137_child_4,1,0,0.2,1,0,0.4,1,0,0.4,1,0,0.4,1,0,0.4
bge-base-en-v1.5,Q061,test_suite,4,4,26.47,parent_0033_child_1,0.727419,0.666406,parent_0033_child_1|parent_0131_child_1|parent_0022_child_1|parent_0132_child_3|parent_0106_child_11,parent_0132_child_3|parent_0132_child_4,0,0,0.0,1,0,0.25,1,0,0.5,1,0,0.75,1,1,1.0
bge-base-en-v1.5,Q062,test_suite,10,8,29.78,parent_0195_child_4,0.677237,0.656345,parent_0195_child_4|parent_0033_child_1|parent_0195_child_3|parent_0214_child_3|parent_0126_child_2,parent_0134_child_1,0,0,0.0,0,0,0.0,1,0,0.1,1,0,0.3,1,0,0.7
bge-base-en-v1.5,Q063,test_suite,12,3,28.97,parent_0026_child_1,0.645295,0.628333,parent_0026_child_1|parent_0103_child_2|parent_0116_child_1|parent_0116_child_6|parent_0116_child_11,parent_0116_child_1|parent_0116_child_6|parent_0116_child_11|parent_0116_child_12,0,0,0.0,1,0,0.25,1,0,0.333333,1,0,0.333333,1,0,0.583333
bge-base-en-v1.5,Q064,test_suite,12,1,27.67,parent_0116_child_3,0.712377,0.712377,parent_0116_child_3|parent_0116_child_1|parent_0116_child_6|parent_0139_child_2|parent_0139_child_7,parent_0116_child_3|parent_0116_child_1|parent_0116_child_6|parent_0116_child_9,1,0,0.083333,1,0,0.25,1,0,0.333333,1,0,0.666667,1,1,1.0
bge-base-en-v1.5,Q065,test_suite,12,1,29.23,parent_0116_child_5,0.671126,0.671126,parent_0116_child_5|parent_0116_child_4|parent_0116_child_6|parent_0026_child_1|parent_0116_child_1,parent_0116_child_5|parent_0116_child_4|parent_0116_child_6|parent_0116_child_1|parent_0116_child_9,1,0,0.083333,1,0,0.333333,1,0,0.416667,1,0,0.5,1,0,0.75
bge-base-en-v1.5,Q066,test_suite,12,1,24.85,parent_0116_child_12,0.653107,0.653107,parent_0116_child_12|parent_0116_child_11|parent_0117_child_2|parent_0117_child_6|parent_0117_child_7,parent_0116_child_12|parent_0116_child_11,1,0,0.083333,1,0,0.166667,1,0,0.166667,1,0,0.333333,1,0,0.75
bge-base-en-v1.5,Q067,test_suite,13,1,27.56,parent_0117_child_2,0.778553,0.778553,parent_0117_child_2|parent_0117_child_6|parent_0116_child_12|parent_0188_child_1|parent_0117_child_4,parent_0117_child_2|parent_0117_child_6|parent_0117_child_4|parent_0117_child_7|parent_0117_child_3|parent_0117_child_11,1,0,0.076923,1,0,0.230769,1,0,0.461538,1,0,0.615385,1,1,1.0
bge-base-en-v1.5,Q068,test_suite,13,1,29.54,parent_0117_child_6,0.661444,0.661444,parent_0117_child_6|parent_0117_child_2|parent_0027_child_1|parent_0117_child_4|parent_0116_child_12,parent_0117_child_6|parent_0117_child_2|parent_0117_child_4|parent_0117_child_13|parent_0117_child_3,1,0,0.076923,1,0,0.230769,1,0,0.384615,1,0,0.384615,1,0,0.846154
bge-base-en-v1.5,Q069,test_suite,13,1,31.41,parent_0117_child_11,0.732215,0.732215,parent_0117_child_11|parent_0234_child_1|parent_0117_child_10|parent_0027_child_1|parent_0161_child_4,parent_0117_child_11|parent_0117_child_10|parent_0117_child_6|parent_0117_child_9,1,0,0.076923,1,0,0.153846,1,0,0.307692,1,0,0.384615,1,0,0.692308
bge-base-en-v1.5,Q070,test_suite,9,5,31.13,parent_0235_child_1,0.698021,0.677463,parent_0235_child_1|parent_0035_child_1|parent_0116_child_8|parent_0140_child_3|parent_0139_child_5,parent_0139_child_5|parent_0139_child_1,0,0,0.0,1,0,0.111111,1,0,0.222222,1,0,0.444444,1,1,1.0
bge-base-en-v1.5,Q071,test_suite,6,1,28.07,parent_0141_child_2,0.661668,0.661668,parent_0141_child_2|parent_0117_child_2|parent_0117_child_4|parent_0139_child_5|parent_0116_child_12,parent_0141_child_2|parent_0141_child_3,1,0,0.166667,1,0,0.166667,1,0,0.333333,1,0,0.5,1,0,0.833333
bge-base-en-v1.5,Q072,test_suite,6,1,29.37,parent_0141_child_6,0.789635,0.789635,parent_0141_child_6|parent_0142_child_2|parent_0234_child_1|parent_0141_child_3|parent_0235_child_1,parent_0141_child_6|parent_0141_child_3,1,0,0.166667,1,0,0.333333,1,0,0.333333,1,0,0.5,1,0,0.666667
bge-base-en-v1.5,Q073,test_suite,9,1,30.07,parent_0139_child_6,0.705974,0.705974,parent_0139_child_6|parent_0139_child_7|parent_0114_child_4|parent_0235_child_2|parent_0034_child_1,parent_0139_child_6|parent_0139_child_7|parent_0139_child_2,1,0,0.111111,1,0,0.222222,1,0,0.333333,1,0,0.555556,1,1,1.0
bge-base-en-v1.5,Q074,test_suite,10,1,27.82,parent_0142_child_8,0.725054,0.725054,parent_0142_child_8|parent_0142_child_9|parent_0144_child_1|parent_0142_child_10|parent_0035_child_1,parent_0142_child_8|parent_0142_child_9|parent_0142_child_10|parent_0142_child_7,1,0,0.1,1,0,0.3,1,0,0.4,1,0,0.5,1,0,0.7
bge-base-en-v1.5,Q075,test_suite,1,1,26.3,parent_0194_child_1,0.659354,0.659354,parent_0194_child_1|parent_0051_child_1|parent_0156_child_1|parent_0172_child_3|parent_0151_child_14,parent_0194_child_1,1,1,1.0,1,1,1.0,1,1,1.0,1,1,1.0,1,1,1.0
bge-base-en-v1.5,Q076,test_suite,1,2,28.83,parent_0195_child_1,0.60872,0.590956,parent_0195_child_1|parent_0194_child_1|parent_0098_child_4|parent_0150_child_14|parent_0123_child_3,parent_0194_child_1,0,0,0.0,1,1,1.0,1,1,1.0,1,1,1.0,1,1,1.0
bge-base-en-v1.5,Q077,test_suite,5,2,28.25,parent_0103_child_2,0.65879,0.646884,parent_0103_child_2|parent_0195_child_5|parent_0106_child_6|parent_0051_child_1|parent_0297_child_2,parent_0195_child_5|parent_0195_child_3,0,0,0.0,1,0,0.2,1,0,0.4,1,0,0.6,1,0,0.8
bge-base-en-v1.5,Q078,test_suite,5,1,31.8,parent_0195_child_4,0.695119,0.695119,parent_0195_child_4|parent_0217_child_6|parent_0026_child_1|parent_0195_child_3|parent_0297_child_8,parent_0195_child_4|parent_0195_child_3,1,0,0.2,1,0,0.4,1,0,0.4,1,0,0.6,1,1,1.0
bge-base-en-v1.5,Q079,test_suite,5,1,29.94,parent_0196_child_1,0.718415,0.718415,parent_0196_child_1|parent_0196_child_3|parent_0197_child_7|parent_0151_child_6|parent_0196_child_4,parent_0196_child_1|parent_0196_child_3|parent_0196_child_4|parent_0196_child_2,1,0,0.2,1,0,0.6,1,0,0.8,1,1,1.0,1,1,1.0
bge-base-en-v1.5,Q080,test_suite,5,3,32.46,parent_0197_child_4,0.662406,0.646854,parent_0197_child_4|parent_0197_child_7|parent_0196_child_3|parent_0196_child_1|parent_0197_child_5,parent_0196_child_3|parent_0196_child_1|parent_0196_child_5|parent_0196_child_2,0,0,0.0,1,0,0.4,1,0,0.8,1,1,1.0,1,1,1.0
bge-base-en-v1.5,Q081,test_suite,7,1,31.71,parent_0197_child_4,0.777938,0.777938,parent_0197_child_4|parent_0197_child_7|parent_0197_child_5|parent_0151_child_7|parent_0145_child_4,parent_0197_child_4|parent_0197_child_7|parent_0197_child_5,1,0,0.142857,1,0,0.428571,1,0,0.428571,1,0,0.857143,1,1,1.0
bge-base-en-v1.5,Q082,test_suite,7,1,27.01,parent_0197_child_6,0.648876,0.648876,parent_0197_child_6|parent_0197_child_7|parent_0196_child_5|parent_0197_child_2|parent_0196_child_3,parent_0197_child_6|parent_0197_child_7|parent_0197_child_2|parent_0197_child_4|parent_0197_child_5,1,0,0.142857,1,0,0.428571,1,0,0.714286,1,0,0.714286,1,0,0.857143
bge-base-en-v1.5,Q083,test_suite,12,4,33.5,parent_0052_child_1,0.673834,0.638668,parent_0052_child_1|parent_0198_child_2|parent_0218_child_1|parent_0197_child_5|parent_0196_child_3,parent_0197_child_5|parent_0196_child_3,0,0,0.0,1,0,0.166667,1,0,0.166667,1,0,0.333333,1,0,0.833333
bge-base-en-v1.5,Q084,test_suite,17,1,29.86,parent_0150_child_13,0.694184,0.694184,parent_0150_child_13|parent_0151_child_14|parent_0037_child_1|parent_0151_child_12|parent_0039_child_1,parent_0150_child_13|parent_0150_child_17|parent_0150_child_14,1,0,0.058824,1,0,0.058824,1,0,0.176471,1,0,0.294118,1,0,0.764706
bge-base-en-v1.5,Q085,test_suite,3,1,28.35,parent_0164_child_2,0.708026,0.708026,parent_0164_child_2|parent_0164_child_3|parent_0177_child_3|parent_0168_child_2|parent_0169_child_1,parent_0164_child_2|parent_0164_child_3,1,0,0.333333,1,0,0.666667,1,0,0.666667,1,0,0.666667,1,0,0.666667
bge-base-en-v1.5,Q086,test_suite,3,1,119.89,parent_0164_child_3,0.739425,0.739425,parent_0164_child_3|parent_0165_child_1|parent_0164_child_2|parent_0214_child_1|parent_0174_child_1,parent_0164_child_3|parent_0164_child_2,1,0,0.333333,1,0,0.666667,1,0,0.666667,1,0,0.666667,1,0,0.666667
bge-base-en-v1.5,Q087,test_suite,5,5,32.06,parent_0168_child_4,0.62715,0.584565,parent_0168_child_4|parent_0168_child_2|parent_0169_child_1|parent_0193_child_4|parent_0159_child_3,parent_0159_child_3,0,0,0.0,1,0,0.2,1,0,0.2,1,0,0.2,1,0,0.4
bge-base-en-v1.5,Q088,test_suite,4,1,25.97,parent_0171_child_3,0.609662,0.609662,parent_0171_child_3|parent_0171_child_4|parent_0172_child_1|parent_0172_child_2|parent_0164_child_1,parent_0171_child_3|parent_0171_child_4,1,0,0.25,1,0,0.5,1,0,0.5,1,0,0.5,1,1,1.0
bge-base-en-v1.5,Q089,test_suite,4,2,28.22,parent_0164_child_1,0.730057,0.661654,parent_0164_child_1|parent_0172_child_3|parent_0173_child_1|parent_0151_child_12|parent_0178_child_1,parent_0172_child_3|parent_0172_child_4,0,0,0.0,1,0,0.25,1,0,0.5,1,0,0.75,1,1,1.0
bge-base-en-v1.5,Q090,test_suite,3,1,31.22,parent_0164_child_2,0.679738,0.679738,parent_0164_child_2|parent_0176_child_5|parent_0218_child_8|parent_0170_child_3|parent_0177_child_1,parent_0164_child_2,1,0,0.333333,1,0,0.333333,1,0,0.333333,1,0,0.666667,1,0,0.666667
bge-base-en-v1.5,Q091,test_suite,4,1,26.96,parent_0168_child_4,0.646692,0.646692,parent_0168_child_4|parent_0166_child_1|parent_0168_child_3|parent_0218_child_8|parent_0164_child_2,parent_0168_child_4|parent_0168_child_3,1,0,0.25,1,0,0.5,1,0,0.5,1,0,0.75,1,0,0.75
bge-base-en-v1.5,Q092,test_suite,5,11,28.1,parent_0214_child_3,0.65309,0.617349,parent_0214_child_3|parent_0234_child_1|parent_0221_child_1|parent_0215_child_1|parent_0159_child_4,,0,0,0.0,0,0,0.0,0,0,0.0,1,0,0.2,1,0,0.4
bge-base-en-v1.5,Q093,test_suite,2,1,33.36,parent_0175_child_2,0.733891,0.733891,parent_0175_child_2|parent_0176_child_5|parent_0045_child_1|parent_0169_child_2|parent_0168_child_4,parent_0175_child_2,1,0,0.5,1,0,0.5,1,0,0.5,1,0,0.5,1,0,0.5
bge-base-en-v1.5,Q094,test_suite,2,1,35.22,parent_0175_child_2,0.633348,0.633348,parent_0175_child_2|parent_0285_child_1|parent_0167_child_2|parent_0159_child_3|parent_0183_child_2,parent_0175_child_2,1,0,0.5,1,0,0.5,1,0,0.5,1,0,0.5,1,0,0.5
bge-base-en-v1.5,Q095,test_suite,5,1,36.58,parent_0176_child_3,0.794025,0.794025,parent_0176_child_3|parent_0175_child_2|parent_0045_child_1|parent_0176_child_2|parent_0289_child_1,parent_0176_child_3|parent_0176_child_2,1,0,0.2,1,0,0.4,1,0,0.4,1,0,0.6,1,0,0.6
bge-base-en-v1.5,Q096,test_suite,1,1,31.97,parent_0179_child_1,0.789254,0.789254,parent_0179_child_1|parent_0112_child_1|parent_0160_child_1|parent_0150_child_11|parent_0112_child_3,parent_0179_child_1,1,1,1.0,1,1,1.0,1,1,1.0,1,1,1.0,1,1,1.0
bge-base-en-v1.5,Q097,test_suite,1,1,31.42,parent_0179_child_1,0.696682,0.696682,parent_0179_child_1|parent_0135_child_2|parent_0175_child_2|parent_0135_child_6|parent_0168_child_2,parent_0179_child_1,1,1,1.0,1,1,1.0,1,1,1.0,1,1,1.0,1,1,1.0
bge-base-en-v1.5,Q098,test_suite,4,14,32.1,parent_0036_child_1,0.662773,0.607447,parent_0036_child_1|parent_0197_child_7|parent_0146_child_6|parent_0196_child_5|parent_0230_child_1,,0,0,0.0,0,0,0.0,0,0,0.0,1,0,0.25,1,0,0.75
bge-base-en-v1.5,Q099,test_suite,7,1,32.61,parent_0146_child_6,0.71196,0.71196,parent_0146_child_6|parent_0036_child_1|parent_0146_child_7|parent_0057_child_1|parent_0215_child_3,parent_0146_child_6|parent_0146_child_7,1,0,0.142857,1,0,0.285714,1,0,0.285714,1,0,0.285714,1,0,0.714286
bge-base-en-v1.5,Q100,test_suite,5,2,33.02,parent_0223_child_8,0.720456,0.719196,parent_0223_child_8|parent_0222_child_5|parent_0223_child_1|parent_0196_child_5|parent_0223_child_3,parent_0222_child_5,0,0,0.0,1,0,0.2,1,0,0.2,1,0,0.4,1,0,0.4
bge-base-en-v1.5,Q101,test_suite,1,6,31.26,parent_0229_child_4,0.677149,0.670192,parent_0229_child_4|parent_0229_child_5|parent_0061_child_1|parent_0229_child_2|parent_0230_child_1,parent_0228_child_1,0,0,0.0,0,0,0.0,1,1,1.0,1,1,1.0,1,1,1.0
bge-base-en-v1.5,Q102,test_suite,3,3,29.58,parent_0041_child_1,0.741645,0.686965,parent_0041_child_1|parent_0261_child_1|parent_0158_child_1|parent_0264_child_1|parent_0151_child_15,parent_0158_child_1,0,0,0.0,1,0,0.333333,1,0,0.333333,1,0,0.333333,1,1,1.0
bge-base-en-v1.5,Q103,test_suite,17,1,26.58,parent_0150_child_17,0.771088,0.771088,parent_0150_child_17|parent_0037_child_1|parent_0150_child_2|parent_0150_child_11|parent_0150_child_1,parent_0150_child_17|parent_0150_child_2|parent_0150_child_11|parent_0150_child_1|parent_0150_child_15|parent_0150_child_13|parent_0150_child_10|parent_0150_child_5,1,0,0.058824,1,0,0.235294,1,0,0.470588,1,0,0.647059,1,1,1.0
bge-base-en-v1.5,Q104,test_suite,17,2,25.41,parent_0151_child_6,0.723215,0.717803,parent_0151_child_6|parent_0150_child_5|parent_0037_child_1|parent_0150_child_6|parent_0150_child_17,parent_0150_child_5|parent_0150_child_6|parent_0150_child_17|parent_0150_child_7|parent_0150_child_1|parent_0150_child_2,0,0,0.0,1,0,0.176471,1,0,0.352941,1,0,0.647059,1,0,0.941176
bge-base-en-v1.5,Q105,test_suite,19,2,30.22,parent_0038_child_1,0.770141,0.706443,parent_0038_child_1|parent_0151_child_1|parent_0151_child_12|parent_0151_child_14|parent_0039_child_1,parent_0151_child_1|parent_0151_child_12|parent_0151_child_14|parent_0151_child_17|parent_0151_child_4|parent_0151_child_8,0,0,0.0,1,0,0.157895,1,0,0.315789,1,0,0.631579,1,1,1.0
bge-base-en-v1.5,Q106,test_suite,2,3,28.92,parent_0040_child_1,0.770757,0.72623,parent_0040_child_1|parent_0157_child_8|parent_0154_child_1|parent_0154_child_2|parent_0156_child_1,parent_0154_child_1|parent_0154_child_2,0,0,0.0,1,1,1.0,1,1,1.0,1,1,1.0,1,1,1.0
bge-base-en-v1.5,Q107,test_suite,9,1,25.89,parent_0198_child_4,0.720195,0.720195,parent_0198_child_4|parent_0052_child_1|parent_0199_child_2|parent_0198_child_7|parent_0201_child_3,parent_0198_child_4|parent_0198_child_7|parent_0198_child_1|parent_0198_child_8,1,0,0.111111,1,0,0.222222,1,0,0.444444,1,0,0.444444,1,0,0.666667
bge-base-en-v1.5,Q108,test_suite,9,1,30.35,parent_0198_child_4,0.632991,0.632991,parent_0198_child_4|parent_0052_child_1|parent_0263_child_1|parent_0198_child_7|parent_0263_child_2,parent_0198_child_4|parent_0198_child_7,1,0,0.111111,1,0,0.222222,1,0,0.222222,1,0,0.333333,1,0,0.666667
bge-base-en-v1.5,Q109,test_suite,5,1,27.44,parent_0199_child_2,0.742237,0.742237,parent_0199_child_2|parent_0052_child_1|parent_0198_child_4|parent_0200_child_2|parent_0199_child_3,parent_0199_child_2|parent_0199_child_3,1,0,0.2,1,0,0.4,1,0,0.4,1,0,0.6,1,1,1.0
bge-base-en-v1.5,Q110,test_suite,2,3,27.69,parent_0332_child_1,0.7308,0.665995,parent_0332_child_1|parent_0222_child_1|parent_0221_child_2|parent_0331_child_1|parent_0061_child_1,parent_0221_child_2,0,0,0.0,1,0,0.5,1,0,0.5,1,0,0.5,1,1,1.0
bge-base-en-v1.5,Q111,test_suite,1,2,26.91,parent_0060_child_1,0.790208,0.739165,parent_0060_child_1|parent_0219_child_1|parent_0266_child_1|parent_0146_child_5|parent_0233_child_2,parent_0219_child_1,0,0,0.0,1,1,1.0,1,1,1.0,1,1,1.0,1,1,1.0
bge-base-en-v1.5,Q112,test_suite,2,10,28.4,parent_0004_child_1,0.662945,0.62973,parent_0004_child_1|parent_0126_child_3|parent_0223_child_8|parent_0103_child_2|parent_0103_child_1,parent_0069_child_1,0,0,0.0,0,0,0.0,1,0,0.5,1,0,0.5,1,1,1.0
bge-base-en-v1.5,Q113,test_suite,6,1,34.64,parent_0236_child_5,0.769781,0.769781,parent_0236_child_5|parent_0234_child_1|parent_0115_child_1|parent_0062_child_1|parent_0233_child_3,parent_0236_child_5|parent_0236_child_6,1,0,0.166667,1,0,0.166667,1,0,0.333333,1,0,0.333333,1,0,0.333333
bge-base-en-v1.5,Q114,test_suite,9,1,25.25,parent_0217_child_1,0.728406,0.728406,parent_0217_child_1|parent_0058_child_1|parent_0217_child_2|parent_0122_child_1|parent_0233_child_3,parent_0217_child_1|parent_0217_child_2,1,0,0.111111,1,0,0.222222,1,0,0.222222,1,0,0.222222,1,0,0.333333
bge-base-en-v1.5,Q115,test_suite,5,3,29.78,parent_0034_child_1,0.732668,0.678155,parent_0034_child_1|parent_0114_child_4|parent_0137_child_4|parent_0133_child_1|parent_0128_child_9,parent_0137_child_4|parent_0137_child_2,0,0,0.0,1,0,0.2,1,0,0.4,1,0,0.4,1,0,0.8
bge-base-en-v1.5,Q116,test_suite,2,1,29.65,parent_0148_child_1,0.755017,0.755017,parent_0148_child_1|parent_0149_child_2|parent_0036_child_1|parent_0149_child_1|parent_0146_child_4,parent_0148_child_1,1,0,0.5,1,0,0.5,1,0,0.5,1,0,0.5,1,1,1.0
bge-base-en-v1.5,Q117,test_suite,3,2,27.8,parent_0053_child_1,0.735186,0.673414,parent_0053_child_1|parent_0203_child_1|parent_0204_child_1|parent_0054_child_1|parent_0203_child_3,parent_0203_child_1|parent_0203_child_3|parent_0203_child_2,0,0,0.0,1,0,0.666667,1,1,1.0,1,1,1.0,1,1,1.0
bge-base-en-v1.5,Q118,test_suite,9,1,29.59,parent_0217_child_6,0.672955,0.672955,parent_0217_child_6|parent_0058_child_1|parent_0141_child_3|parent_0162_child_1|parent_0229_child_5,parent_0217_child_6,1,0,0.111111,1,0,0.111111,1,0,0.111111,1,0,0.111111,1,0,0.333333
bge-base-en-v1.5,Q119,test_suite,18,1,27.97,parent_0122_child_4,0.694405,0.694405,parent_0122_child_4|parent_0137_child_5|parent_0217_child_2|parent_0097_child_13|parent_0029_child_1,parent_0122_child_4|parent_0097_child_13|parent_0122_child_5|parent_0122_child_1,1,0,0.055556,1,0,0.111111,1,0,0.222222,1,0,0.277778,1,0,0.611111
bge-base-en-v1.5,Q120,test_suite,4,2,113.01,parent_0007_child_1,0.682962,0.660708,parent_0007_child_1|parent_0074_child_1|parent_0076_child_2|parent_0091_child_1|parent_0146_child_5,parent_0074_child_1|parent_0076_child_2,0,0,0.0,1,0,0.5,1,0,0.5,1,0,0.75,1,0,0.75
bge-base-en-v1.5,Q121,test_suite,9,1,25.91,parent_0141_child_2,0.586548,0.586548,parent_0141_child_2|parent_0161_child_6|parent_0183_child_3|parent_0089_child_1|parent_0117_child_2,parent_0141_child_2|parent_0089_child_1|parent_0089_child_2,1,0,0.111111,1,0,0.222222,1,0,0.333333,1,0,0.555556,1,0,0.777778
bge-base-en-v1.5,Q122,test_suite,7,1,30.32,parent_0123_child_1,0.667162,0.667162,parent_0123_child_1|parent_0123_child_2|parent_0146_child_3|parent_0098_child_2|parent_0163_child_1,parent_0123_child_1|parent_0123_child_2|parent_0098_child_2|parent_0098_child_3,1,0,0.142857,1,0,0.428571,1,0,0.571429,1,0,0.714286,1,0,0.857143
bge-base-en-v1.5,Q123,test_suite,2,2,25.99,parent_0060_child_1,0.692268,0.685831,parent_0060_child_1|parent_0219_child_1|parent_0146_child_5|parent_0266_child_1|parent_0148_child_2,parent_0219_child_1,0,0,0.0,1,0,0.5,1,0,0.5,1,0,0.5,1,1,1.0
bge-base-en-v1.5,Q124,test_suite,4,2,27.35,parent_0047_child_1,0.710759,0.708178,parent_0047_child_1|parent_0183_child_4|parent_0183_child_1|parent_0183_child_3|parent_0167_child_2,parent_0183_child_4|parent_0183_child_1|parent_0183_child_3,0,0,0.0,1,0,0.75,1,0,0.75,1,1,1.0,1,1,1.0
bge-base-en-v1.5,Q125,test_suite,21,1,30.61,parent_0139_child_5,0.756237,0.756237,parent_0139_child_5|parent_0035_child_1|parent_0116_child_1|parent_0026_child_1|parent_0235_child_1,parent_0139_child_5|parent_0116_child_1|parent_0139_child_1|parent_0116_child_5,1,0,0.047619,1,0,0.095238,1,0,0.190476,1,0,0.52381,1,0,0.952381
bge-base-en-v1.5,Q126,test_suite,18,1,32.32,parent_0150_child_13,0.674887,0.674887,parent_0150_child_13|parent_0194_child_1|parent_0151_child_14|parent_0039_child_1|parent_0037_child_1,parent_0150_child_13|parent_0194_child_1,1,0,0.055556,1,0,0.111111,1,0,0.111111,1,0,0.277778,1,0,0.555556
bge-base-en-v1.5,Q127,test_suite,13,2,25.81,parent_0057_child_1,0.758787,0.728704,parent_0057_child_1|parent_0215_child_1|parent_0215_child_4|parent_0209_child_1|parent_0215_child_2,parent_0215_child_1|parent_0215_child_4|parent_0209_child_1|parent_0215_child_2|parent_0215_child_3|parent_0215_child_6,0,0,0.0,1,0,0.307692,1,0,0.461538,1,0,0.923077,1,1,1.0
bge-base-en-v1.5,Q128,test_suite,4,1,30.43,parent_0088_child_2,0.699293,0.699293,parent_0088_child_2|parent_0088_child_3|parent_0090_child_1|parent_0014_child_1|parent_0079_child_1,parent_0088_child_2|parent_0088_child_3|parent_0091_child_1,1,0,0.25,1,0,0.5,1,0,0.75,1,1,1.0,1,1,1.0
bge-base-en-v1.5,Q130,test_suite,1,18,28.71,parent_0088_child_3,0.652932,0.557728,parent_0088_child_3|parent_0062_child_1|parent_0088_child_2|parent_0236_child_3|parent_0148_child_2,,0,0,0.0,0,0,0.0,0,0,0.0,1,1,1.0,1,1,1.0
bge-base-en-v1.5,Q131,test_suite,1,15,25.09,parent_0088_child_3,0.647412,0.554034,parent_0088_child_3|parent_0183_child_4|parent_0089_child_2|parent_0218_child_12|parent_0215_child_2,,0,0,0.0,0,0,0.0,0,0,0.0,1,1,1.0,1,1,1.0
bge-base-en-v1.5,Q135,test_suite,1,243,23.94,parent_0195_child_5,0.591927,0.491223,parent_0195_child_5|parent_0215_child_2|parent_0088_child_3|parent_0236_child_3|parent_0218_child_12,,0,0,0.0,0,0,0.0,0,0,0.0,0,0,0.0,0,0,0.0
bge-base-en-v1.5,Q136,test_suite,1,524,28.74,parent_0088_child_3,0.612771,0.457983,parent_0088_child_3|parent_0183_child_4|parent_0218_child_12|parent_0178_child_1|parent_0215_child_2,,0,0,0.0,0,0,0.0,0,0,0.0,0,0,0.0,0,0,0.0
bge-base-en-v1.5,Q137,test_suite,1,27,27.84,parent_0178_child_1,0.609275,0.542597,parent_0178_child_1|parent_0218_child_12|parent_0088_child_3|parent_0148_child_2|parent_0236_child_3,,0,0,0.0,0,0,0.0,0,0,0.0,0,0,0.0,1,1,1.0
bge-base-en-v1.5,Q141,test_suite,2,1,31.39,parent_0185_child_1,0.655275,0.655275,parent_0185_child_1|parent_0185_child_2|parent_0048_child_1|parent_0192_child_1|parent_0188_child_1,parent_0185_child_1|parent_0185_child_2,1,0,0.5,1,1,1.0,1,1,1.0,1,1,1.0,1,1,1.0
bge-base-en-v1.5,Q142,test_suite,2,7,34.11,parent_0297_child_8,0.586536,0.573962,parent_0297_child_8|parent_0117_child_1|parent_0141_child_3|parent_0081_child_1|parent_0139_child_4,parent_0185_child_2,0,0,0.0,0,0,0.0,1,0,0.5,1,0,0.5,1,0,0.5
bge-base-en-v1.5,Q143,test_suite,5,80,26.77,parent_0088_child_2,0.597964,0.516667,parent_0088_child_2|parent_0215_child_2|parent_0233_child_3|parent_0183_child_4|parent_0079_child_1,,0,0,0.0,0,0,0.0,0,0,0.0,0,0,0.0,1,0,0.6
bge-base-en-v1.5,Q144,test_suite,2,1,31.09,parent_0186_child_1,0.734534,0.734534,parent_0186_child_1|parent_0189_child_1|parent_0186_child_2|parent_0184_child_3|parent_0172_child_2,parent_0186_child_1|parent_0186_child_2,1,0,0.5,1,1,1.0,1,1,1.0,1,1,1.0,1,1,1.0
bge-base-en-v1.5,Q145,test_suite,1,2,30.16,parent_0049_child_1,0.711099,0.707392,parent_0049_child_1|parent_0190_child_1|parent_0192_child_3|parent_0192_child_8|parent_0192_child_1,parent_0190_child_1,0,0,0.0,1,1,1.0,1,1,1.0,1,1,1.0,1,1,1.0
bge-base-en-v1.5,Q146,test_suite,1,9,28.48,parent_0049_child_1,0.685285,0.63436,parent_0049_child_1|parent_0236_child_1|parent_0192_child_3|parent_0192_child_1|parent_0192_child_4,parent_0190_child_1,0,0,0.0,0,0,0.0,1,1,1.0,1,1,1.0,1,1,1.0
bge-base-en-v1.5,Q147,test_suite,10,1,30.82,parent_0192_child_1,0.730526,0.730526,parent_0192_child_1|parent_0049_child_1|parent_0185_child_1|parent_0190_child_1|parent_0192_child_4,parent_0192_child_1|parent_0192_child_4|parent_0192_child_3|parent_0192_child_8,1,0,0.1,1,0,0.2,1,0,0.4,1,0,0.5,1,0,0.9
bge-base-en-v1.5,Q148,test_suite,10,3,49.07,parent_0049_child_1,0.694824,0.646753,parent_0049_child_1|parent_0190_child_1|parent_0192_child_8|parent_0236_child_1|parent_0192_child_4,parent_0192_child_8|parent_0192_child_4|parent_0192_child_10|parent_0192_child_3|parent_0192_child_9|parent_0192_child_1|parent_0192_child_2,0,0,0.0,1,0,0.2,1,0,0.7,1,0,0.9,1,1,1.0
bge-base-en-v1.5,Q149,test_suite,6,2,63.73,parent_0050_child_1,0.744927,0.688775,parent_0050_child_1|parent_0193_child_1|parent_0193_child_2|parent_0193_child_3|parent_0227_child_1,parent_0193_child_1|parent_0193_child_2|parent_0193_child_3|parent_0193_child_5,0,0,0.0,1,0,0.5,1,0,0.666667,1,0,0.833333,1,1,1.0
bge-base-en-v1.5,Q150,test_suite,6,2,33.81,parent_0050_child_1,0.731971,0.709754,parent_0050_child_1|parent_0193_child_3|parent_0193_child_1|parent_0193_child_2|parent_0193_child_5,parent_0193_child_3|parent_0193_child_1|parent_0193_child_2|parent_0193_child_5|parent_0193_child_4,0,0,0.0,1,0,0.666667,1,0,0.833333,1,0,0.833333,1,1,1.0
bge-base-en-v1.5,Q151,test_suite,5,1,35.75,parent_0159_child_1,0.728728,0.728728,parent_0159_child_1|parent_0160_child_4|parent_0160_child_2|parent_0042_child_1|parent_0159_child_4,parent_0159_child_1|parent_0159_child_4|parent_0159_child_2,1,0,0.2,1,0,0.4,1,0,0.6,1,0,0.8,1,1,1.0
bge-base-en-v1.5,Q152,test_suite,5,1,30.66,parent_0159_child_4,0.678744,0.678744,parent_0159_child_4|parent_0042_child_1|parent_0159_child_3|parent_0159_child_1|parent_0214_child_3,parent_0159_child_4|parent_0159_child_3|parent_0159_child_1|parent_0159_child_2|parent_0159_child_5,1,0,0.2,1,0,0.6,1,1,1.0,1,1,1.0,1,1,1.0
bge-base-en-v1.5,Q153,test_suite,5,3,47.8,parent_0160_child_2,0.696893,0.678584,parent_0160_child_2|parent_0160_child_1|parent_0159_child_4|parent_0160_child_4|parent_0221_child_1,parent_0159_child_4|parent_0159_child_2,0,0,0.0,1,0,0.2,1,0,0.4,1,0,0.4,1,1,1.0
bge-base-en-v1.5,Q154,test_suite,6,1,46.43,parent_0160_child_1,0.740344,0.740344,parent_0160_child_1|parent_0215_child_1|parent_0214_child_3|parent_0215_child_2|parent_0214_child_1,parent_0160_child_1,1,0,0.166667,1,0,0.166667,1,0,0.166667,1,0,0.333333,1,0,0.5
bge-base-en-v1.5,Q155,test_suite,6,1,46.36,parent_0160_child_2,0.687375,0.687375,parent_0160_child_2|parent_0160_child_4|parent_0159_child_1|parent_0042_child_1|parent_0159_child_4,parent_0160_child_2|parent_0160_child_4|parent_0160_child_1,1,0,0.166667,1,0,0.333333,1,0,0.5,1,0,0.5,1,0,0.833333
bge-base-en-v1.5,Q156,test_suite,6,1,44.61,parent_0160_child_4,0.758778,0.758778,parent_0160_child_4|parent_0160_child_2|parent_0195_child_3|parent_0234_child_1|parent_0160_child_1,parent_0160_child_4|parent_0160_child_2|parent_0160_child_1,1,0,0.166667,1,0,0.5,1,0,0.5,1,0,0.5,1,0,0.666667
bge-base-en-v1.5,Q157,test_suite,6,1,115.69,parent_0160_child_2,0.727351,0.727351,parent_0160_child_2|parent_0160_child_4|parent_0160_child_1|parent_0159_child_4|parent_0042_child_1,parent_0160_child_2|parent_0160_child_4|parent_0160_child_1,1,0,0.166667,1,0,0.5,1,0,0.5,1,0,0.5,1,0,0.833333
bge-base-en-v1.5,Q158,test_suite,5,1,35.45,parent_0159_child_4,0.65652,0.65652,parent_0159_child_4|parent_0214_child_3|parent_0160_child_4|parent_0160_child_2|parent_0215_child_1,parent_0159_child_4|parent_0159_child_5|parent_0159_child_1,1,0,0.2,1,0,0.2,1,0,0.6,1,1,1.0,1,1,1.0
bge-base-en-v1.5,Q159,test_suite,6,1,36.66,parent_0161_child_1,0.722843,0.722843,parent_0161_child_1|parent_0160_child_2|parent_0192_child_8|parent_0118_child_1|parent_0161_child_6,parent_0161_child_1|parent_0161_child_6,1,0,0.166667,1,0,0.333333,1,0,0.333333,1,0,0.5,1,0,0.833333
bge-base-en-v1.5,Q160,test_suite,6,1,30.7,parent_0161_child_1,0.650241,0.650241,parent_0161_child_1|parent_0160_child_2|parent_0161_child_6|parent_0096_child_2|parent_0192_child_8,parent_0161_child_1|parent_0161_child_6|parent_0161_child_5|parent_0161_child_4,1,0,0.166667,1,0,0.333333,1,0,0.666667,1,0,0.833333,1,0,0.833333
bge-base-en-v1.5,Q161,test_suite,6,1,36.88,parent_0161_child_4,0.786164,0.786164,parent_0161_child_4|parent_0161_child_1|parent_0160_child_2|parent_0043_child_1|parent_0042_child_1,parent_0161_child_4|parent_0161_child_1|parent_0161_child_5,1,0,0.166667,1,0,0.333333,1,0,0.5,1,0,0.833333,1,1,1.0
bge-base-en-v1.5,Q162,test_suite,6,1,29.47,parent_0161_child_4,0.745439,0.745439,parent_0161_child_4|parent_0161_child_5|parent_0043_child_1|parent_0161_child_1|parent_0192_child_8,parent_0161_child_4|parent_0161_child_5|parent_0161_child_1|parent_0161_child_6|parent_0161_child_3,1,0,0.166667,1,0,0.5,1,0,0.833333,1,0,0.833333,1,1,1.0
bge-base-en-v1.5,Q163,test_suite,1,1,32.6,parent_0162_child_1,0.786936,0.786936,parent_0162_child_1|parent_0043_child_1|parent_0176_child_3|parent_0217_child_6|parent_0161_child_6,parent_0162_child_1,1,1,1.0,1,1,1.0,1,1,1.0,1,1,1.0,1,1,1.0
bge-base-en-v1.5,Q164,test_suite,1,1,34.84,parent_0163_child_1,0.716333,0.716333,parent_0163_child_1|parent_0043_child_1|parent_0126_child_2|parent_0332_child_1|parent_0189_child_1,parent_0163_child_1,1,1,1.0,1,1,1.0,1,1,1.0,1,1,1.0,1,1,1.0
bge-base-en-v1.5,Q165,test_suite,1,1,58.86,parent_0209_child_1,0.760551,0.760551,parent_0209_child_1|parent_0057_child_1|parent_0214_child_2|parent_0215_child_2|parent_0215_child_4,parent_0209_child_1,1,1,1.0,1,1,1.0,1,1,1.0,1,1,1.0,1,1,1.0
bge-base-en-v1.5,Q166,test_suite,4,7,32.13,parent_0057_child_1,0.761081,0.6833,parent_0057_child_1|parent_0215_child_4|parent_0215_child_2|parent_0209_child_1|parent_0214_child_2,parent_0211_child_1|parent_0211_child_2,0,0,0.0,0,0,0.0,1,0,0.5,1,1,1.0,1,1,1.0
bge-base-en-v1.5,Q167,test_suite,4,7,53.41,parent_0214_child_3,0.66166,0.609959,parent_0214_child_3|parent_0057_child_1|parent_0146_child_6|parent_0141_child_2|parent_0215_child_1,parent_0211_child_4,0,0,0.0,0,0,0.0,1,0,0.25,1,0,0.25,1,0,0.75
bge-base-en-v1.5,Q168,test_suite,8,1,33.57,parent_0215_child_2,0.76531,0.76531,parent_0215_child_2|parent_0215_child_4|parent_0057_child_1|parent_0216_child_1|parent_0215_child_1,parent_0215_child_2|parent_0215_child_4|parent_0215_child_1,1,0,0.125,1,0,0.375,1,0,0.375,1,0,0.875,1,1,1.0
bge-base-en-v1.5,Q169,test_suite,8,1,30.24,parent_0215_child_2,0.718101,0.718101,parent_0215_child_2|parent_0215_child_4|parent_0090_child_1|parent_0088_child_2|parent_0087_child_1,parent_0215_child_2|parent_0215_child_4,1,0,0.125,1,0,0.25,1,0,0.25,1,0,0.5,1,1,1.0
bge-base-en-v1.5,Q170,test_suite,8,1,33.48,parent_0215_child_8,0.709274,0.709274,parent_0215_child_8|parent_0057_child_1|parent_0215_child_6|parent_0215_child_2|parent_0216_child_3,parent_0215_child_8|parent_0215_child_6|parent_0215_child_2|parent_0215_child_1|parent_0215_child_4,1,0,0.125,1,0,0.375,1,0,0.625,1,1,1.0,1,1,1.0
bge-base-en-v1.5,Q171,test_suite,4,1,32.55,parent_0183_child_1,0.7251,0.7251,parent_0183_child_1|parent_0047_child_1|parent_0183_child_3|parent_0183_child_4|parent_0183_child_2,parent_0183_child_1|parent_0183_child_3|parent_0183_child_4|parent_0183_child_2,1,0,0.25,1,1,1.0,1,1,1.0,1,1,1.0,1,1,1.0
bge-base-en-v1.5,Q172,test_suite,4,1,40.77,parent_0183_child_1,0.680277,0.680277,parent_0183_child_1|parent_0047_child_1|parent_0110_child_3|parent_0183_child_4|parent_0114_child_2,parent_0183_child_1|parent_0183_child_4,1,0,0.25,1,0,0.5,1,0,0.5,1,1,1.0,1,1,1.0
bge-base-en-v1.5,Q173,test_suite,4,2,67.1,parent_0047_child_1,0.71922,0.719138,parent_0047_child_1|parent_0183_child_1|parent_0183_child_4|parent_0183_child_3|parent_0182_child_2,parent_0183_child_1|parent_0183_child_4|parent_0183_child_3|parent_0183_child_2,0,0,0.0,1,0,0.75,1,1,1.0,1,1,1.0,1,1,1.0
bge-base-en-v1.5,Q174,test_suite,4,1,33.01,parent_0183_child_1,0.656795,0.656795,parent_0183_child_1|parent_0047_child_1|parent_0183_child_2|parent_0183_child_4|parent_0183_child_3,parent_0183_child_1|parent_0183_child_2|parent_0183_child_4|parent_0183_child_3,1,0,0.25,1,1,1.0,1,1,1.0,1,1,1.0,1,1,1.0
bge-base-en-v1.5,Q175,test_suite,4,2,34.87,parent_0047_child_1,0.626777,0.625239,parent_0047_child_1|parent_0183_child_3|parent_0012_child_1|parent_0182_child_5|parent_0183_child_1,parent_0183_child_3|parent_0183_child_1|parent_0183_child_4,0,0,0.0,1,0,0.5,1,0,0.75,1,0,0.75,1,1,1.0
bge-base-en-v1.5,Q176,test_suite,5,1,32.1,parent_0182_child_5,0.761898,0.761898,parent_0182_child_5|parent_0011_child_1|parent_0046_child_1|parent_0087_child_2|parent_0088_child_1,parent_0182_child_5,1,0,0.2,1,0,0.2,1,0,0.2,1,0,0.4,1,0,0.8
bge-base-en-v1.5,Q178,test_suite,5,2,31.44,parent_0183_child_4,0.655927,0.654584,parent_0183_child_4|parent_0182_child_2|parent_0221_child_1|parent_0047_child_1|parent_0046_child_1,parent_0182_child_2,0,0,0.0,1,0,0.2,1,0,0.2,1,0,0.4,1,0,0.6
bge-base-en-v1.5,Q179,test_suite,5,1,34.97,parent_0182_child_3,0.651331,0.651331,parent_0182_child_3|parent_0178_child_1|parent_0164_child_1|parent_0046_child_1|parent_0170_child_3,parent_0182_child_3|parent_0182_child_5,1,0,0.2,1,0,0.2,1,0,0.4,1,0,0.4,1,0,0.6
bge-base-en-v1.5,Q180,test_suite,5,1,31.51,parent_0182_child_3,0.650952,0.650952,parent_0182_child_3|parent_0182_child_5|parent_0117_child_4|parent_0173_child_1|parent_0164_child_1,parent_0182_child_3|parent_0182_child_5,1,0,0.2,1,0,0.4,1,0,0.4,1,0,0.4,1,0,0.4
bge-base-en-v1.5,Q181,test_suite,3,2,32.13,parent_0053_child_1,0.735186,0.673414,parent_0053_child_1|parent_0203_child_1|parent_0204_child_1|parent_0054_child_1|parent_0203_child_3,parent_0203_child_1|parent_0203_child_3|parent_0203_child_2,0,0,0.0,1,0,0.666667,1,1,1.0,1,1,1.0,1,1,1.0
bge-base-en-v1.5,Q182,test_suite,3,2,31.43,parent_0053_child_1,0.69859,0.654839,parent_0053_child_1|parent_0203_child_3|parent_0203_child_2|parent_0204_child_1|parent_0054_child_1,parent_0203_child_3|parent_0203_child_2|parent_0203_child_1,0,0,0.0,1,0,0.666667,1,1,1.0,1,1,1.0,1,1,1.0
bge-base-en-v1.5,Q183,test_suite,1,1,35.26,parent_0204_child_1,0.750672,0.750672,parent_0204_child_1|parent_0054_child_1|parent_0053_child_1|parent_0207_child_1|parent_0205_child_1,parent_0204_child_1,1,1,1.0,1,1,1.0,1,1,1.0,1,1,1.0,1,1,1.0
bge-base-en-v1.5,Q184,test_suite,2,2,29.83,parent_0055_child_1,0.821176,0.804454,parent_0055_child_1|parent_0206_child_1|parent_0114_child_3|parent_0206_child_2|parent_0207_child_1,parent_0206_child_1|parent_0206_child_2,0,0,0.0,1,1,1.0,1,1,1.0,1,1,1.0,1,1,1.0
bge-base-en-v1.5,Q185,test_suite,1,1,31.49,parent_0208_child_1,0.738167,0.738167,parent_0208_child_1|parent_0056_child_1|parent_0207_child_1|parent_0198_child_2|parent_0052_child_1,parent_0208_child_1,1,1,1.0,1,1,1.0,1,1,1.0,1,1,1.0,1,1,1.0
bge-base-en-v1.5,Q186,test_suite,1,1,134.29,parent_0071_child_1,0.75112,0.75112,parent_0071_child_1|parent_0005_child_1|parent_0072_child_2|parent_0072_child_3|parent_0251_child_1,parent_0071_child_1,1,1,1.0,1,1,1.0,1,1,1.0,1,1,1.0,1,1,1.0
bge-base-en-v1.5,Q188,test_suite,3,1,30.57,parent_0072_child_2,0.598327,0.598327,parent_0072_child_2|parent_0005_child_1|parent_0071_child_1|parent_0072_child_3|parent_0072_child_1,parent_0072_child_2|parent_0072_child_3|parent_0072_child_1,1,0,0.333333,1,1,1.0,1,1,1.0,1,1,1.0,1,1,1.0
bge-base-en-v1.5,Q189,test_suite,3,1,33.54,parent_0072_child_3,0.82018,0.82018,parent_0072_child_3|parent_0116_child_6|parent_0234_child_1|parent_0114_child_2|parent_0005_child_1,parent_0072_child_3,1,0,0.333333,1,0,0.333333,1,0,0.333333,1,0,0.333333,1,1,1.0
bge-base-en-v1.5,Q190,test_suite,4,3,31.27,parent_0036_child_1,0.776115,0.707044,parent_0036_child_1|parent_0148_child_1|parent_0145_child_1|parent_0146_child_7|parent_0146_child_6,parent_0145_child_1|parent_0145_child_2,0,0,0.0,1,0,0.25,1,0,0.5,1,0,0.5,1,1,1.0
bge-base-en-v1.5,Q191,test_suite,1,1,31.28,parent_0036_child_1,0.785381,0.785381,parent_0036_child_1|parent_0145_child_2|parent_0148_child_1|parent_0146_child_1|parent_0159_child_4,parent_0036_child_1,1,1,1.0,1,1,1.0,1,1,1.0,1,1,1.0,1,1,1.0
bge-base-en-v1.5,Q192,test_suite,2,1,31.64,parent_0147_child_1,0.698561,0.698561,parent_0147_child_1|parent_0036_child_1|parent_0147_child_2|parent_0115_child_1|parent_0146_child_6,parent_0147_child_1|parent_0147_child_2,1,0,0.5,1,1,1.0,1,1,1.0,1,1,1.0,1,1,1.0
bge-base-en-v1.5,Q193,test_suite,3,1,33.14,parent_0149_child_2,0.745802,0.745802,parent_0149_child_2|parent_0036_child_1|parent_0142_child_6|parent_0149_child_3|parent_0116_child_2,parent_0149_child_2|parent_0149_child_3,1,0,0.333333,1,0,0.666667,1,0,0.666667,1,0,0.666667,1,1,1.0
bge-base-en-v1.5,Q194,test_suite,17,1,32.16,parent_0150_child_2,0.744705,0.744705,parent_0150_child_2|parent_0037_child_1|parent_0150_child_17|parent_0150_child_1|parent_0151_child_1,parent_0150_child_2|parent_0150_child_17|parent_0150_child_1|parent_0150_child_15,1,0,0.058824,1,0,0.176471,1,0,0.235294,1,0,0.352941,1,0,0.647059
bge-base-en-v1.5,Q195,test_suite,17,2,30.6,parent_0037_child_1,0.760486,0.750198,parent_0037_child_1|parent_0150_child_17|parent_0150_child_8|parent_0150_child_9|parent_0150_child_1,parent_0150_child_17|parent_0150_child_8|parent_0150_child_9|parent_0150_child_1|parent_0150_child_11|parent_0150_child_2|parent_0150_child_7,0,0,0.0,1,0,0.235294,1,0,0.411765,1,0,0.705882,1,1,1.0
bge-base-en-v1.5,Q196,test_suite,17,2,30.82,parent_0037_child_1,0.751117,0.745112,parent_0037_child_1|parent_0150_child_9|parent_0150_child_17|parent_0038_child_1|parent_0150_child_10,parent_0150_child_9|parent_0150_child_17|parent_0150_child_10|parent_0150_child_2|parent_0150_child_16,0,0,0.0,1,0,0.176471,1,0,0.294118,1,0,0.588235,1,1,1.0
bge-base-en-v1.5,Q197,test_suite,17,2,29.72,parent_0037_child_1,0.779852,0.77867,parent_0037_child_1|parent_0150_child_2|parent_0150_child_17|parent_0150_child_11|parent_0150_child_1,parent_0150_child_2|parent_0150_child_17|parent_0150_child_11|parent_0150_child_1|parent_0150_child_15|parent_0150_child_13|parent_0150_child_10,0,0,0.0,1,0,0.235294,1,0,0.411765,1,0,0.705882,1,1,1.0
bge-base-en-v1.5,Q198,test_suite,17,3,29.37,parent_0151_child_12,0.767326,0.722811,parent_0151_child_12|parent_0037_child_1|parent_0150_child_11|parent_0150_child_17|parent_0150_child_2,parent_0150_child_11|parent_0150_child_17|parent_0150_child_2|parent_0150_child_13|parent_0150_child_12|parent_0150_child_1,0,0,0.0,1,0,0.176471,1,0,0.352941,1,0,0.647059,1,1,1.0
bge-base-en-v1.5,Q199,test_suite,17,1,31.05,parent_0150_child_17,0.746729,0.746729,parent_0150_child_17|parent_0037_child_1|parent_0039_child_1|parent_0150_child_13|parent_0150_child_9,parent_0150_child_17|parent_0150_child_13|parent_0150_child_9|parent_0150_child_2|parent_0150_child_15|parent_0150_child_16,1,0,0.058824,1,0,0.176471,1,0,0.352941,1,0,0.647059,1,1,1.0
bge-base-en-v1.5,Q200,test_suite,19,1,37.65,parent_0151_child_8,0.799308,0.799308,parent_0151_child_8|parent_0038_child_1|parent_0153_child_1|parent_0151_child_9|parent_0151_child_1,parent_0151_child_8|parent_0151_child_9|parent_0151_child_1|parent_0151_child_14|parent_0151_child_12,1,0,0.052632,1,0,0.157895,1,0,0.263158,1,0,0.421053,1,0,0.947368
bge-base-en-v1.5,Q001_v2,test_suite,2,2,46.46,parent_0160_child_4,0.711974,0.70389,parent_0160_child_4|parent_0069_child_1|parent_0004_child_1|parent_0148_child_2|parent_0182_child_4,parent_0069_child_1,0,0,0.0,1,0,0.5,1,0,0.5,1,0,0.5,1,1,1.0
bge-base-en-v1.5,Q003_v2,test_suite,1,44,36.16,parent_0219_child_1,0.682014,0.631529,parent_0219_child_1|parent_0060_child_1|parent_0146_child_5|parent_0200_child_1|parent_0126_child_2,,0,0,0.0,0,0,0.0,0,0,0.0,0,0,0.0,1,1,1.0
bge-base-en-v1.5,Q004_v2,test_suite,1,37,39.09,parent_0300_child_1,0.760017,0.613954,parent_0300_child_1|parent_0315_child_1|parent_0301_child_1|parent_0312_child_1|parent_0330_child_7,,0,0,0.0,0,0,0.0,0,0,0.0,0,0,0.0,1,1,1.0
bge-base-en-v1.5,Q006_v2,test_suite,1,2,32.33,parent_0004_child_1,0.673818,0.665315,parent_0004_child_1|parent_0069_child_1|parent_0070_child_1|parent_0161_child_1|parent_0148_child_1,parent_0069_child_1,0,0,0.0,1,1,1.0,1,1,1.0,1,1,1.0,1,1,1.0
bge-base-en-v1.5,Q007_v2,test_suite,1,259,34.05,parent_0265_child_1,0.652174,0.53631,parent_0265_child_1|parent_0160_child_6|parent_0134_child_9|parent_0137_child_5|parent_0134_child_10,,0,0,0.0,0,0,0.0,0,0,0.0,0,0,0.0,0,0,0.0
bge-base-en-v1.5,Q008_v2,test_suite,1,30,38.04,parent_0160_child_4,0.694282,0.649591,parent_0160_child_4|parent_0146_child_5|parent_0195_child_3|parent_0126_child_2|parent_0159_child_1,,0,0,0.0,0,0,0.0,0,0,0.0,0,0,0.0,1,1,1.0
bge-base-en-v1.5,Q009_v2,test_suite,1,305,32.53,parent_0160_child_5,0.635141,0.521202,parent_0160_child_5|parent_0281_child_4|parent_0142_child_6|parent_0265_child_1|parent_0222_child_3,,0,0,0.0,0,0,0.0,0,0,0.0,0,0,0.0,0,0,0.0
bge-base-en-v1.5,Q010_v2,test_suite,1,36,36.55,parent_0281_child_4,0.672737,0.640888,parent_0281_child_4|parent_0158_child_3|parent_0149_child_2|parent_0238_child_4|parent_0146_child_5,,0,0,0.0,0,0,0.0,0,0,0.0,0,0,0.0,1,1,1.0
bge-base-en-v1.5,Q011_v2,test_suite,1,1,35.03,parent_0071_child_1,0.753116,0.753116,parent_0071_child_1|parent_0072_child_2|parent_0072_child_1|parent_0239_child_1|parent_0240_child_1,parent_0071_child_1,1,1,1.0,1,1,1.0,1,1,1.0,1,1,1.0,1,1,1.0
bge-base-en-v1.5,Q013_v2,test_suite,3,1,34.48,parent_0072_child_2,0.685491,0.685491,parent_0072_child_2|parent_0005_child_1|parent_0071_child_1|parent_0072_child_1|parent_0106_child_12,parent_0072_child_2|parent_0072_child_1|parent_0072_child_3,1,0,0.333333,1,0,0.666667,1,1,1.0,1,1,1.0,1,1,1.0
bge-base-en-v1.5,Q014_v2,test_suite,3,1,36.1,parent_0072_child_3,0.707419,0.707419,parent_0072_child_3|parent_0005_child_1|parent_0195_child_3|parent_0159_child_5|parent_0126_child_9,parent_0072_child_3|parent_0072_child_2,1,0,0.333333,1,0,0.333333,1,0,0.666667,1,0,0.666667,1,1,1.0
bge-base-en-v1.5,Q015_v2,test_suite,3,1,33.54,parent_0072_child_3,0.753964,0.753964,parent_0072_child_3|parent_0060_child_1|parent_0116_child_6|parent_0195_child_3|parent_0234_child_1,parent_0072_child_3,1,0,0.333333,1,0,0.333333,1,0,0.333333,1,0,0.333333,1,0,0.666667
bge-base-en-v1.5,Q017_v2,test_suite,3,1,34.06,parent_0072_child_2,0.777662,0.777662,parent_0072_child_2|parent_0005_child_1|parent_0071_child_1|parent_0085_child_1|parent_0078_child_1,parent_0072_child_2|parent_0072_child_1|parent_0072_child_3,1,0,0.333333,1,0,0.333333,1,1,1.0,1,1,1.0,1,1,1.0
bge-base-en-v1.5,Q018_v2,test_suite,3,2,32.92,parent_0071_child_1,0.647953,0.637643,parent_0071_child_1|parent_0072_child_2|parent_0005_child_1|parent_0072_child_1|parent_0197_child_6,parent_0072_child_2|parent_0072_child_1|parent_0072_child_3,0,0,0.0,1,0,0.666667,1,1,1.0,1,1,1.0,1,1,1.0
bge-base-en-v1.5,Q019_v2,test_suite,1,2,36.96,parent_0072_child_1,0.67279,0.613975,parent_0072_child_1|parent_0071_child_1|parent_0005_child_1|parent_0293_child_2|parent_0283_child_1,parent_0071_child_1,0,0,0.0,1,1,1.0,1,1,1.0,1,1,1.0,1,1,1.0
bge-base-en-v1.5,Q020_v2,test_suite,3,2,131.74,parent_0160_child_4,0.689417,0.682438,parent_0160_child_4|parent_0072_child_3|parent_0146_child_5|parent_0234_child_3|parent_0160_child_2,parent_0072_child_3,0,0,0.0,1,0,0.333333,1,0,0.333333,1,0,0.333333,1,1,1.0
bge-base-en-v1.5,Q021_v2,test_suite,1,1,34.32,parent_0073_child_1,0.634099,0.634099,parent_0073_child_1|parent_0086_child_1|parent_0088_child_2|parent_0121_child_1|parent_0161_child_5,parent_0073_child_1,1,1,1.0,1,1,1.0,1,1,1.0,1,1,1.0,1,1,1.0
bge-base-en-v1.5,Q022_v2,test_suite,1,2,37.48,parent_0006_child_1,0.686372,0.678839,parent_0006_child_1|parent_0073_child_1|parent_0087_child_1|parent_0088_child_2|parent_0088_child_3,parent_0073_child_1,0,0,0.0,1,1,1.0,1,1,1.0,1,1,1.0,1,1,1.0
bge-base-en-v1.5,Q023_v2,test_suite,1,1,33.74,parent_0073_child_1,0.661083,0.661083,parent_0073_child_1|parent_0090_child_1|parent_0088_child_2|parent_0233_child_3|parent_0088_child_3,parent_0073_child_1,1,1,1.0,1,1,1.0,1,1,1.0,1,1,1.0,1,1,1.0
bge-base-en-v1.5,Q024_v2,test_suite,1,3,35.23,parent_0176_child_4,0.646775,0.629977,parent_0176_child_4|parent_0161_child_5|parent_0073_child_1|parent_0215_child_2|parent_0165_child_1,parent_0073_child_1,0,0,0.0,1,1,1.0,1,1,1.0,1,1,1.0,1,1,1.0
bge-base-en-v1.5,Q025_v2,test_suite,1,9,37.92,parent_0006_child_1,0.603184,0.586576,parent_0006_child_1|parent_0176_child_4|parent_0034_child_1|parent_0215_child_1|parent_0206_child_2,parent_0073_child_1,0,0,0.0,0,0,0.0,1,1,1.0,1,1,1.0,1,1,1.0
bge-base-en-v1.5,Q026_v2,test_suite,1,2,31.73,parent_0088_child_2,0.658711,0.647794,parent_0088_child_2|parent_0073_child_1|parent_0220_child_1|parent_0090_child_1|parent_0219_child_1,parent_0073_child_1,0,0,0.0,1,1,1.0,1,1,1.0,1,1,1.0,1,1,1.0
bge-base-en-v1.5,Q027_v2,test_suite,1,4,37.23,parent_0088_child_3,0.704721,0.641275,parent_0088_child_3|parent_0089_child_2|parent_0220_child_1|parent_0073_child_1|parent_0087_child_1,parent_0073_child_1,0,0,0.0,1,1,1.0,1,1,1.0,1,1,1.0,1,1,1.0
bge-base-en-v1.5,Q028_v2,test_suite,1,1,32.68,parent_0073_child_1,0.682047,0.682047,parent_0073_child_1|parent_0077_child_1|parent_0090_child_1|parent_0088_child_2|parent_0081_child_1,parent_0073_child_1,1,1,1.0,1,1,1.0,1,1,1.0,1,1,1.0,1,1,1.0
bge-base-en-v1.5,Q029_v2,test_suite,1,7,29.13,parent_0089_child_1,0.622272,0.593723,parent_0089_child_1|parent_0075_child_1|parent_0087_child_1|parent_0006_child_1|parent_0088_child_2,parent_0073_child_1,0,0,0.0,0,0,0.0,1,1,1.0,1,1,1.0,1,1,1.0
bge-base-en-v1.5,Q030_v2,test_suite,1,109,29.46,parent_0174_child_2,0.607589,0.544171,parent_0174_child_2|parent_0123_child_3|parent_0151_child_11|parent_0125_child_1|parent_0137_child_2,,0,0,0.0,0,0,0.0,0,0,0.0,0,0,0.0,0,0,0.0
bge-base-en-v1.5,Q031_v2,test_suite,1,1,36.78,parent_0074_child_1,0.745643,0.745643,parent_0074_child_1|parent_0007_child_1|parent_0076_child_2|parent_0218_child_5|parent_0073_child_1,parent_0074_child_1,1,1,1.0,1,1,1.0,1,1,1.0,1,1,1.0,1,1,1.0
bge-base-en-v1.5,Q032_v2,test_suite,1,1,34.02,parent_0074_child_1,0.678517,0.678517,parent_0074_child_1|parent_0076_child_2|parent_0007_child_1|parent_0075_child_2|parent_0082_child_1,parent_0074_child_1,1,1,1.0,1,1,1.0,1,1,1.0,1,1,1.0,1,1,1.0
bge-base-en-v1.5,Q033_v2,test_suite,1,12,32.92,parent_0075_child_2,0.737782,0.627765,parent_0075_child_2|parent_0202_child_1|parent_0199_child_2|parent_0075_child_3|parent_0198_child_1,,0,0,0.0,0,0,0.0,0,0,0.0,1,1,1.0,1,1,1.0
bge-base-en-v1.5,Q034_v2,test_suite,3,1,31.16,parent_0076_child_2,0.782498,0.782498,parent_0076_child_2|parent_0007_child_1|parent_0074_child_1|parent_0077_child_1|parent_0048_child_1,parent_0076_child_2|parent_0076_child_3,1,0,0.333333,1,0,0.333333,1,0,0.666667,1,0,0.666667,1,0,0.666667
bge-base-en-v1.5,Q035_v2,test_suite,1,33,40.2,parent_0185_child_2,0.495949,0.443434,parent_0185_child_2|parent_0217_child_7|parent_0082_child_1|parent_0090_child_1|parent_0157_child_7,,0,0,0.0,0,0,0.0,0,0,0.0,0,0,0.0,1,1,1.0
bge-base-en-v1.5,Q036_v2,test_suite,1,5,34.94,parent_0128_child_9,0.595685,0.575661,parent_0128_child_9|parent_0161_child_4|parent_0034_child_1|parent_0161_child_6|parent_0077_child_1,parent_0077_child_1,0,0,0.0,1,1,1.0,1,1,1.0,1,1,1.0,1,1,1.0
bge-base-en-v1.5,Q037_v2,test_suite,1,3,30.7,parent_0161_child_5,0.6379,0.61539,parent_0161_child_5|parent_0142_child_2|parent_0077_child_1|parent_0218_child_12|parent_0184_child_3,parent_0077_child_1,0,0,0.0,1,1,1.0,1,1,1.0,1,1,1.0,1,1,1.0
bge-base-en-v1.5,Q038_v2,test_suite,1,281,28.96,parent_0202_child_1,0.72988,0.498839,parent_0202_child_1|parent_0075_child_3|parent_0199_child_2|parent_0198_child_1|parent_0075_child_2,,0,0,0.0,0,0,0.0,0,0,0.0,0,0,0.0,0,0,0.0
bge-base-en-v1.5,Q039_v2,test_suite,3,1,35.49,parent_0076_child_2,0.763889,0.763889,parent_0076_child_2|parent_0076_child_3|parent_0197_child_5|parent_0116_child_5|parent_0151_child_6,parent_0076_child_2|parent_0076_child_3,1,0,0.333333,1,0,0.666667,1,0,0.666667,1,0,0.666667,1,0,0.666667
bge-base-en-v1.5,Q040_v2,test_suite,4,1,29.72,parent_0076_child_2,0.686327,0.686327,parent_0076_child_2|parent_0071_child_1|parent_0074_child_1|parent_0245_child_2|parent_0077_child_1,parent_0076_child_2|parent_0074_child_1,1,0,0.25,1,0,0.5,1,0,0.5,1,0,0.75,1,1,1.0
bge-base-en-v1.5,Q041_v2,test_suite,1,100,34.24,parent_0075_child_2,0.700499,0.524454,parent_0075_child_2|parent_0202_child_1|parent_0075_child_3|parent_0199_child_2|parent_0076_child_3,,0,0,0.0,0,0,0.0,0,0,0.0,0,0,0.0,1,1,1.0
bge-base-en-v1.5,Q042_v2,test_suite,1,2,29.83,parent_0185_child_2,0.587843,0.585362,parent_0185_child_2|parent_0077_child_1|parent_0007_child_1|parent_0090_child_1|parent_0217_child_7,parent_0077_child_1,0,0,0.0,1,1,1.0,1,1,1.0,1,1,1.0,1,1,1.0
bge-base-en-v1.5,Q043_v2,test_suite,1,1,33.4,parent_0074_child_1,0.635246,0.635246,parent_0074_child_1|parent_0076_child_2|parent_0007_child_1|parent_0072_child_3|parent_0089_child_1,parent_0074_child_1,1,1,1.0,1,1,1.0,1,1,1.0,1,1,1.0,1,1,1.0
bge-base-en-v1.5,Q044_v2,test_suite,1,2,30.58,parent_0193_child_5,0.59029,0.587914,parent_0193_child_5|parent_0074_child_1|parent_0157_child_7|parent_0193_child_6|parent_0193_child_2,parent_0074_child_1,0,0,0.0,1,1,1.0,1,1,1.0,1,1,1.0,1,1,1.0
bge-base-en-v1.5,Q045_v2,test_suite,1,68,34.76,parent_0134_child_6,0.605151,0.537992,parent_0134_child_6|parent_0113_child_1|parent_0076_child_2|parent_0176_child_5|parent_0151_child_13,,0,0,0.0,0,0,0.0,0,0,0.0,0,0,0.0,1,1,1.0
bge-base-en-v1.5,Q046_v2,test_suite,2,1,32.86,parent_0078_child_1,0.638428,0.638428,parent_0078_child_1|parent_0008_child_1|parent_0133_child_1|parent_0072_child_3|parent_0076_child_2,parent_0078_child_1|parent_0078_child_2,1,0,0.5,1,0,0.5,1,1,1.0,1,1,1.0,1,1,1.0
bge-base-en-v1.5,Q047_v2,test_suite,2,1,29.63,parent_0078_child_1,0.647115,0.647115,parent_0078_child_1|parent_0078_child_2|parent_0217_child_3|parent_0122_child_5|parent_0133_child_1,parent_0078_child_1|parent_0078_child_2,1,0,0.5,1,1,1.0,1,1,1.0,1,1,1.0,1,1,1.0
bge-base-en-v1.5,Q048_v2,test_suite,2,3,35.52,parent_0217_child_3,0.601373,0.584361,parent_0217_child_3|parent_0233_child_3|parent_0079_child_1|parent_0185_child_2|parent_0081_child_1,parent_0079_child_1,0,0,0.0,1,0,0.5,1,0,0.5,1,0,0.5,1,1,1.0
bge-base-en-v1.5,Q049_v2,test_suite,2,8,33.68,parent_0185_child_2,0.611927,0.552607,parent_0185_child_2|parent_0217_child_3|parent_0116_child_12|parent_0089_child_3|parent_0297_child_8,parent_0079_child_1,0,0,0.0,0,0,0.0,1,0,0.5,1,0,0.5,1,0,0.5
bge-base-en-v1.5,Q050_v2,test_suite,2,1,103.85,parent_0079_child_1,0.671952,0.671952,parent_0079_child_1|parent_0081_child_1|parent_0080_child_1|parent_0090_child_1|parent_0079_child_2,parent_0079_child_1|parent_0079_child_2,1,0,0.5,1,1,1.0,1,1,1.0,1,1,1.0,1,1,1.0
bge-base-en-v1.5,Q051_v2,test_suite,2,1,35.25,parent_0079_child_2,0.647163,0.647163,parent_0079_child_2|parent_0075_child_2|parent_0075_child_3|parent_0198_child_3|parent_0011_child_1,parent_0079_child_2,1,0,0.5,1,0,0.5,1,0,0.5,1,0,0.5,1,0,0.5
bge-base-en-v1.5,Q052_v2,test_suite,2,1,34.01,parent_0079_child_2,0.699808,0.699808,parent_0079_child_2|parent_0081_child_1|parent_0080_child_1|parent_0089_child_3|parent_0217_child_3,parent_0079_child_2,1,0,0.5,1,0,0.5,1,0,0.5,1,1,1.0,1,1,1.0
bge-base-en-v1.5,Q053_v2,test_suite,2,3,30.81,parent_0080_child_1,0.756613,0.551827,parent_0080_child_1|parent_0081_child_1|parent_0079_child_2|parent_0235_child_2|parent_0141_child_5,parent_0079_child_2,0,0,0.0,1,0,0.5,1,0,0.5,1,0,0.5,1,1,1.0
bge-base-en-v1.5,Q054_v2,test_suite,2,3,30.6,parent_0080_child_1,0.602223,0.562462,parent_0080_child_1|parent_0081_child_1|parent_0079_child_2|parent_0291_child_1|parent_0215_child_2,parent_0079_child_2,0,0,0.0,1,0,0.5,1,0,0.5,1,1,1.0,1,1,1.0
bge-base-en-v1.5,Q055_v2,test_suite,2,1,33.61,parent_0078_child_1,0.642875,0.642875,parent_0078_child_1|parent_0090_child_1|parent_0210_child_4|parent_0217_child_3|parent_0215_child_2,parent_0078_child_1|parent_0078_child_2,1,0,0.5,1,0,0.5,1,1,1.0,1,1,1.0,1,1,1.0
bge-base-en-v1.5,Q056_v2,test_suite,2,14,32.16,parent_0183_child_2,0.601585,0.544214,parent_0183_child_2|parent_0047_child_1|parent_0183_child_1|parent_0082_child_1|parent_0293_child_2,,0,0,0.0,0,0,0.0,0,0,0.0,1,1,1.0,1,1,1.0
bge-base-en-v1.5,Q057_v2,test_suite,2,3,33.87,parent_0081_child_1,0.664357,0.581238,parent_0081_child_1|parent_0080_child_1|parent_0079_child_2|parent_0114_child_4|parent_0126_child_9,parent_0079_child_2,0,0,0.0,1,0,0.5,1,0,0.5,1,1,1.0,1,1,1.0
bge-base-en-v1.5,Q058_v2,test_suite,2,11,32.55,parent_0008_child_1,0.586233,0.530867,parent_0008_child_1|parent_0088_child_1|parent_0075_child_1|parent_0078_child_1|parent_0078_child_2,,0,0,0.0,0,0,0.0,0,0,0.0,1,1,1.0,1,1,1.0
bge-base-en-v1.5,Q059_v2,test_suite,2,4,32.83,parent_0217_child_3,0.560999,0.552342,parent_0217_child_3|parent_0185_child_2|parent_0160_child_6|parent_0079_child_1|parent_0157_child_7,parent_0079_child_1,0,0,0.0,1,0,0.5,1,0,0.5,1,0,0.5,1,0,0.5
bge-base-en-v1.5,Q060_v2,test_suite,2,4,28.12,parent_0192_child_8,0.647919,0.619498,parent_0192_child_8|parent_0184_child_1|parent_0187_child_1|parent_0079_child_1|parent_0192_child_9,parent_0079_child_1,0,0,0.0,1,0,0.5,1,0,0.5,1,0,0.5,1,1,1.0
bge-base-en-v1.5,Q061_v2,test_suite,2,64,28.27,parent_0081_child_1,0.571715,0.483729,parent_0081_child_1|parent_0080_child_1|parent_0114_child_4|parent_0234_child_1|parent_0223_child_2,,0,0,0.0,0,0,0.0,0,0,0.0,0,0,0.0,1,0,0.5
bge-base-en-v1.5,Q062_v2,test_suite,2,1,31.01,parent_0078_child_1,0.656017,0.656017,parent_0078_child_1|parent_0154_child_2|parent_0008_child_1|parent_0157_child_4|parent_0155_child_3,parent_0078_child_1,1,0,0.5,1,0,0.5,1,0,0.5,1,1,1.0,1,1,1.0
bge-base-en-v1.5,Q063_v2,test_suite,2,16,34.17,parent_0158_child_1,0.698079,0.656776,parent_0158_child_1|parent_0158_child_3|parent_0201_child_2|parent_0263_child_2|parent_0277_child_4,,0,0,0.0,0,0,0.0,0,0,0.0,1,0,0.5,1,1,1.0
bge-base-en-v1.5,Q064_v2,test_suite,2,14,31.57,parent_0114_child_4,0.566889,0.534333,parent_0114_child_4|parent_0080_child_1|parent_0137_child_2|parent_0114_child_2|parent_0185_child_2,,0,0,0.0,0,0,0.0,0,0,0.0,1,0,0.5,1,1,1.0
bge-base-en-v1.5,Q065_v2,test_suite,2,7,34.18,parent_0217_child_3,0.530297,0.479713,parent_0217_child_3|parent_0198_child_7|parent_0185_child_2|parent_0291_child_1|parent_0157_child_7,parent_0079_child_2,0,0,0.0,0,0,0.0,1,0,0.5,1,1,1.0,1,1,1.0
bge-base-en-v1.5,Q066_v2,test_suite,1,1,34.03,parent_0082_child_1,0.698697,0.698697,parent_0082_child_1|parent_0009_child_1|parent_0234_child_1|parent_0075_child_2|parent_0216_child_3,parent_0082_child_1,1,1,1.0,1,1,1.0,1,1,1.0,1,1,1.0,1,1,1.0
bge-base-en-v1.5,Q067_v2,test_suite,1,1,32.9,parent_0082_child_1,0.671211,0.671211,parent_0082_child_1|parent_0009_child_1|parent_0079_child_2|parent_0092_child_3|parent_0287_child_2,parent_0082_child_1,1,1,1.0,1,1,1.0,1,1,1.0,1,1,1.0,1,1,1.0
bge-base-en-v1.5,Q068_v2,test_suite,1,1,36.66,parent_0082_child_1,0.686774,0.686774,parent_0082_child_1|parent_0184_child_1|parent_0192_child_8|parent_0192_child_5|parent_0093_child_2,parent_0082_child_1,1,1,1.0,1,1,1.0,1,1,1.0,1,1,1.0,1,1,1.0
bge-base-en-v1.5,Q069_v2,test_suite,1,1,29.19,parent_0082_child_1,0.651489,0.651489,parent_0082_child_1|parent_0009_child_1|parent_0079_child_1|parent_0283_child_1|parent_0293_child_2,parent_0082_child_1,1,1,1.0,1,1,1.0,1,1,1.0,1,1,1.0,1,1,1.0
bge-base-en-v1.5,Q070_v2,test_suite,1,1,35.0,parent_0082_child_1,0.614471,0.614471,parent_0082_child_1|parent_0009_child_1|parent_0293_child_2|parent_0015_child_1|parent_0183_child_1,parent_0082_child_1,1,1,1.0,1,1,1.0,1,1,1.0,1,1,1.0,1,1,1.0
bge-base-en-v1.5,Q071_v2,test_suite,1,1,29.77,parent_0082_child_1,0.634861,0.634861,parent_0082_child_1|parent_0009_child_1|parent_0076_child_1|parent_0092_child_1|parent_0293_child_2,parent_0082_child_1,1,1,1.0,1,1,1.0,1,1,1.0,1,1,1.0,1,1,1.0
bge-base-en-v1.5,Q072_v2,test_suite,1,1,30.38,parent_0082_child_1,0.597365,0.597365,parent_0082_child_1|parent_0009_child_1|parent_0090_child_1|parent_0076_child_1|parent_0218_child_11,parent_0082_child_1,1,1,1.0,1,1,1.0,1,1,1.0,1,1,1.0,1,1,1.0
bge-base-en-v1.5,Q073_v2,test_suite,1,11,32.07,parent_0186_child_2,0.576333,0.552719,parent_0186_child_2|parent_0157_child_7|parent_0185_child_2|parent_0142_child_4|parent_0192_child_1,,0,0,0.0,0,0,0.0,0,0,0.0,1,1,1.0,1,1,1.0
bge-base-en-v1.5,Q074_v2,test_suite,1,1,30.97,parent_0082_child_1,0.580065,0.580065,parent_0082_child_1|parent_0009_child_1|parent_0092_child_3|parent_0092_child_1|parent_0128_child_9,parent_0082_child_1,1,1,1.0,1,1,1.0,1,1,1.0,1,1,1.0,1,1,1.0
bge-base-en-v1.5,Q075_v2,test_suite,1,2,30.91,parent_0092_child_3,0.507882,0.499268,parent_0092_child_3|parent_0082_child_1|parent_0093_child_1|parent_0009_child_1|parent_0192_child_4,parent_0082_child_1,0,0,0.0,1,1,1.0,1,1,1.0,1,1,1.0,1,1,1.0
bge-base-en-v1.5,Q076_v2,test_suite,1,1,39.44,parent_0083_child_1,0.732317,0.732317,parent_0083_child_1|parent_0010_child_1|parent_0084_child_1|parent_0079_child_2|parent_0008_child_1,parent_0083_child_1,1,1,1.0,1,1,1.0,1,1,1.0,1,1,1.0,1,1,1.0
bge-base-en-v1.5,Q077_v2,test_suite,1,3,31.19,parent_0084_child_1,0.651973,0.570578,parent_0084_child_1|parent_0010_child_1|parent_0083_child_1|parent_0151_child_11|parent_0270_child_4,parent_0083_child_1,0,0,0.0,1,1,1.0,1,1,1.0,1,1,1.0,1,1,1.0
bge-base-en-v1.5,Q078_v2,test_suite,1,1,36.06,parent_0084_child_1,0.697419,0.697419,parent_0084_child_1|parent_0010_child_1|parent_0083_child_1|parent_0078_child_1|parent_0218_child_5,parent_0084_child_1,1,1,1.0,1,1,1.0,1,1,1.0,1,1,1.0,1,1,1.0
bge-base-en-v1.5,Q079_v2,test_suite,1,1,30.29,parent_0084_child_1,0.67075,0.67075,parent_0084_child_1|parent_0174_child_1|parent_0174_child_2|parent_0164_child_3|parent_0086_child_1,parent_0084_child_1,1,1,1.0,1,1,1.0,1,1,1.0,1,1,1.0,1,1,1.0
bge-base-en-v1.5,Q080_v2,test_suite,1,1,32.16,parent_0084_child_1,0.655923,0.655923,parent_0084_child_1|parent_0085_child_1|parent_0075_child_2|parent_0011_child_1|parent_0075_child_3,parent_0084_child_1,1,1,1.0,1,1,1.0,1,1,1.0,1,1,1.0,1,1,1.0
bge-base-en-v1.5,Q081_v2,test_suite,1,1,107.69,parent_0083_child_1,0.655747,0.655747,parent_0083_child_1|parent_0010_child_1|parent_0084_child_1|parent_0008_child_1|parent_0078_child_1,parent_0083_child_1,1,1,1.0,1,1,1.0,1,1,1.0,1,1,1.0,1,1,1.0
bge-base-en-v1.5,Q082_v2,test_suite,1,1,33.53,parent_0083_child_1,0.625091,0.625091,parent_0083_child_1|parent_0084_child_1|parent_0137_child_2|parent_0174_child_2|parent_0010_child_1,parent_0083_child_1,1,1,1.0,1,1,1.0,1,1,1.0,1,1,1.0,1,1,1.0
bge-base-en-v1.5,Q083_v2,test_suite,1,3,40.37,parent_0198_child_1,0.629734,0.624052,parent_0198_child_1|parent_0052_child_1|parent_0083_child_1|parent_0198_child_2|parent_0093_child_2,parent_0083_child_1,0,0,0.0,1,1,1.0,1,1,1.0,1,1,1.0,1,1,1.0
bge-base-en-v1.5,Q084_v2,test_suite,1,1,34.0,parent_0083_child_1,0.627499,0.627499,parent_0083_child_1|parent_0090_child_1|parent_0073_child_1|parent_0161_child_5|parent_0078_child_2,parent_0083_child_1,1,1,1.0,1,1,1.0,1,1,1.0,1,1,1.0,1,1,1.0
bge-base-en-v1.5,Q085_v2,test_suite,1,3,39.19,parent_0084_child_1,0.683001,0.589646,parent_0084_child_1|parent_0086_child_1|parent_0083_child_1|parent_0010_child_1|parent_0182_child_1,parent_0083_child_1,0,0,0.0,1,1,1.0,1,1,1.0,1,1,1.0,1,1,1.0
bge-base-en-v1.5,Q086_v2,test_suite,1,1,34.47,parent_0083_child_1,0.654604,0.654604,parent_0083_child_1|parent_0010_child_1|parent_0084_child_1|parent_0233_child_3|parent_0114_child_4,parent_0083_child_1,1,1,1.0,1,1,1.0,1,1,1.0,1,1,1.0,1,1,1.0
bge-base-en-v1.5,Q087_v2,test_suite,1,1,30.02,parent_0084_child_1,0.628527,0.628527,parent_0084_child_1|parent_0085_child_1|parent_0075_child_2|parent_0011_child_1|parent_0083_child_1,parent_0084_child_1,1,1,1.0,1,1,1.0,1,1,1.0,1,1,1.0,1,1,1.0
bge-base-en-v1.5,Q088_v2,test_suite,1,1,32.4,parent_0084_child_1,0.597964,0.597964,parent_0084_child_1|parent_0271_child_5|parent_0151_child_13|parent_0164_child_2|parent_0168_child_4,parent_0084_child_1,1,1,1.0,1,1,1.0,1,1,1.0,1,1,1.0,1,1,1.0
bge-base-en-v1.5,Q089_v2,test_suite,1,1,38.44,parent_0083_child_1,0.624541,0.624541,parent_0083_child_1|parent_0094_child_1|parent_0077_child_1|parent_0107_child_1|parent_0199_child_1,parent_0083_child_1,1,1,1.0,1,1,1.0,1,1,1.0,1,1,1.0,1,1,1.0
bge-base-en-v1.5,Q090_v2,test_suite,1,1,34.46,parent_0083_child_1,0.658731,0.658731,parent_0083_child_1|parent_0068_child_1|parent_0084_child_1|parent_0077_child_1|parent_0094_child_1,parent_0083_child_1,1,1,1.0,1,1,1.0,1,1,1.0,1,1,1.0,1,1,1.0
bge-base-en-v1.5,Q091_v2,test_suite,1,1,33.33,parent_0085_child_1,0.689532,0.689532,parent_0085_child_1|parent_0011_child_1|parent_0208_child_1|parent_0205_child_1|parent_0207_child_1,parent_0085_child_1,1,1,1.0,1,1,1.0,1,1,1.0,1,1,1.0,1,1,1.0
bge-base-en-v1.5,Q092_v2,test_suite,1,1,47.3,parent_0085_child_1,0.710296,0.710296,parent_0085_child_1|parent_0011_child_1|parent_0084_child_1|parent_0086_child_1|parent_0075_child_2,parent_0085_child_1,1,1,1.0,1,1,1.0,1,1,1.0,1,1,1.0,1,1,1.0
bge-base-en-v1.5,Q093_v2,test_suite,1,1,56.05,parent_0085_child_1,0.653307,0.653307,parent_0085_child_1|parent_0075_child_3|parent_0075_child_2|parent_0011_child_1|parent_0074_child_1,parent_0085_child_1,1,1,1.0,1,1,1.0,1,1,1.0,1,1,1.0,1,1,1.0
bge-base-en-v1.5,Q095_v2,test_suite,1,1,39.43,parent_0085_child_1,0.642965,0.642965,parent_0085_child_1|parent_0011_child_1|parent_0086_child_1|parent_0076_child_2|parent_0075_child_3,parent_0085_child_1,1,1,1.0,1,1,1.0,1,1,1.0,1,1,1.0,1,1,1.0
bge-base-en-v1.5,Q096_v2,test_suite,1,5,32.47,parent_0075_child_3,0.622728,0.562987,parent_0075_child_3|parent_0075_child_2|parent_0225_child_1|parent_0225_child_2|parent_0085_child_1,parent_0085_child_1,0,0,0.0,1,1,1.0,1,1,1.0,1,1,1.0,1,1,1.0
bge-base-en-v1.5,Q097_v2,test_suite,1,1,36.78,parent_0085_child_1,0.676341,0.676341,parent_0085_child_1|parent_0011_child_1|parent_0052_child_1|parent_0208_child_1|parent_0207_child_1,parent_0085_child_1,1,1,1.0,1,1,1.0,1,1,1.0,1,1,1.0,1,1,1.0
bge-base-en-v1.5,Q098_v2,test_suite,1,2,32.99,parent_0011_child_1,0.590642,0.585178,parent_0011_child_1|parent_0085_child_1|parent_0075_child_2|parent_0075_child_3|parent_0052_child_1,parent_0085_child_1,0,0,0.0,1,1,1.0,1,1,1.0,1,1,1.0,1,1,1.0
bge-base-en-v1.5,Q099_v2,test_suite,1,1,44.27,parent_0085_child_1,0.710601,0.710601,parent_0085_child_1|parent_0075_child_2|parent_0074_child_1|parent_0076_child_2|parent_0068_child_1,parent_0085_child_1,1,1,1.0,1,1,1.0,1,1,1.0,1,1,1.0,1,1,1.0
bge-base-en-v1.5,Q100_v2,test_suite,1,4,53.02,parent_0086_child_1,0.541019,0.525489,parent_0086_child_1|parent_0150_child_12|parent_0174_child_2|parent_0085_child_1|parent_0151_child_13,parent_0085_child_1,0,0,0.0,1,1,1.0,1,1,1.0,1,1,1.0,1,1,1.0
bge-base-en-v1.5,Q101_v2,test_suite,1,3,37.68,parent_0088_child_2,0.594681,0.583593,parent_0088_child_2|parent_0087_child_2|parent_0086_child_1|parent_0012_child_1|parent_0193_child_4,parent_0086_child_1,0,0,0.0,1,1,1.0,1,1,1.0,1,1,1.0,1,1,1.0
bge-base-en-v1.5,Q102_v2,test_suite,3,1,33.27,parent_0088_child_2,0.624864,0.624864,parent_0088_child_2|parent_0231_child_1|parent_0223_child_2|parent_0066_child_1|parent_0061_child_2,parent_0088_child_2,1,0,0.333333,1,0,0.333333,1,0,0.333333,1,0,0.333333,1,0,0.333333
bge-base-en-v1.5,Q103_v2,test_suite,3,1,37.43,parent_0088_child_2,0.734148,0.734148,parent_0088_child_2|parent_0012_child_1|parent_0087_child_1|parent_0160_child_2|parent_0215_child_2,parent_0088_child_2,1,0,0.333333,1,0,0.333333,1,0,0.333333,1,0,0.666667,1,0,0.666667
bge-base-en-v1.5,Q104_v2,test_suite,1,3,30.42,parent_0088_child_3,0.696011,0.581933,parent_0088_child_3|parent_0218_child_12|parent_0012_child_1|parent_0183_child_3|parent_0195_child_5,parent_0012_child_1,0,0,0.0,1,1,1.0,1,1,1.0,1,1,1.0,1,1,1.0
bge-base-en-v1.5,Q105_v2,test_suite,1,99,32.29,parent_0269_child_2,0.619577,0.546056,parent_0269_child_2|parent_0160_child_6|parent_0088_child_2|parent_0146_child_2|parent_0160_child_5,,0,0,0.0,0,0,0.0,0,0,0.0,0,0,0.0,1,1,1.0
bge-base-en-v1.5,Q106_v2,test_suite,3,1,32.21,parent_0088_child_2,0.681337,0.681337,parent_0088_child_2|parent_0297_child_8|parent_0193_child_5|parent_0193_child_2|parent_0090_child_1,parent_0088_child_2,1,0,0.333333,1,0,0.333333,1,0,0.333333,1,0,0.333333,1,0,0.666667
bge-base-en-v1.5,Q107_v2,test_suite,3,1,36.12,parent_0088_child_2,0.621246,0.621246,parent_0088_child_2|parent_0012_child_1|parent_0093_child_3|parent_0233_child_3|parent_0090_child_1,parent_0088_child_2,1,0,0.333333,1,0,0.333333,1,0,0.333333,1,0,0.666667,1,0,0.666667
bge-base-en-v1.5,Q108_v2,test_suite,1,11,29.83,parent_0296_child_15,0.664714,0.626422,parent_0296_child_15|parent_0296_child_11|parent_0087_child_2|parent_0176_child_5|parent_0296_child_17,,0,0,0.0,0,0,0.0,0,0,0.0,1,1,1.0,1,1,1.0
bge-base-en-v1.5,Q109_v2,test_suite,3,1,34.38,parent_0088_child_2,0.632407,0.632407,parent_0088_child_2|parent_0296_child_12|parent_0296_child_18|parent_0296_child_4|parent_0296_child_3,parent_0088_child_2,1,0,0.333333,1,0,0.333333,1,0,0.333333,1,0,0.333333,1,0,0.666667
bge-base-en-v1.5,Q110_v2,test_suite,3,1,115.81,parent_0088_child_2,0.619639,0.619639,parent_0088_child_2|parent_0034_child_1|parent_0296_child_3|parent_0035_child_1|parent_0142_child_2,parent_0088_child_2,1,0,0.333333,1,0,0.333333,1,0,0.333333,1,0,0.333333,1,0,0.333333
bge-base-en-v1.5,Q111_v2,test_suite,3,9,39.61,parent_0077_child_1,0.605081,0.585526,parent_0077_child_1|parent_0067_child_1|parent_0068_child_1|parent_0183_child_4|parent_0237_child_1,parent_0089_child_2,0,0,0.0,0,0,0.0,1,0,0.333333,1,0,0.333333,1,0,0.666667
bge-base-en-v1.5,Q112_v2,test_suite,3,1,33.3,parent_0089_child_1,0.700813,0.700813,parent_0089_child_1|parent_0141_child_2|parent_0090_child_1|parent_0088_child_2|parent_0087_child_1,parent_0089_child_1,1,0,0.333333,1,0,0.333333,1,0,0.333333,1,0,0.333333,1,0,0.666667
bge-base-en-v1.5,Q113_v2,test_suite,1,2,36.45,parent_0089_child_2,0.713708,0.669317,parent_0089_child_2|parent_0013_child_1|parent_0088_child_3|parent_0183_child_4|parent_0218_child_12,parent_0013_child_1,0,0,0.0,1,1,1.0,1,1,1.0,1,1,1.0,1,1,1.0
bge-base-en-v1.5,Q114_v2,test_suite,3,5,34.41,parent_0090_child_1,0.713871,0.655602,parent_0090_child_1|parent_0081_child_1|parent_0234_child_1|parent_0079_child_1|parent_0089_child_2,parent_0089_child_2|parent_0089_child_3,0,0,0.0,1,0,0.333333,1,0,0.666667,1,0,0.666667,1,1,1.0
bge-base-en-v1.5,Q115_v2,test_suite,1,1,40.97,parent_0090_child_1,0.837602,0.837602,parent_0090_child_1|parent_0088_child_2|parent_0013_child_1|parent_0215_child_2|parent_0079_child_1,parent_0090_child_1,1,1,1.0,1,1,1.0,1,1,1.0,1,1,1.0,1,1,1.0
bge-base-en-v1.5,Q116_v2,test_suite,1,2,32.37,parent_0088_child_2,0.683099,0.681667,parent_0088_child_2|parent_0090_child_1|parent_0146_child_5|parent_0214_child_3|parent_0160_child_4,parent_0090_child_1,0,0,0.0,1,1,1.0,1,1,1.0,1,1,1.0,1,1,1.0
bge-base-en-v1.5,Q117_v2,test_suite,3,1,37.37,parent_0089_child_1,0.65611,0.65611,parent_0089_child_1|parent_0013_child_1|parent_0089_child_2|parent_0188_child_1|parent_0116_child_12,parent_0089_child_1|parent_0089_child_2,1,0,0.333333,1,0,0.666667,1,0,0.666667,1,0,0.666667,1,1,1.0
bge-base-en-v1.5,Q118_v2,test_suite,3,1,36.1,parent_0089_child_1,0.568467,0.568467,parent_0089_child_1|parent_0199_child_5|parent_0087_child_1|parent_0089_child_3|parent_0199_child_1,parent_0089_child_1|parent_0089_child_3,1,0,0.333333,1,0,0.666667,1,0,0.666667,1,1,1.0,1,1,1.0
bge-base-en-v1.5,Q119_v2,test_suite,1,1,33.81,parent_0090_child_1,0.767948,0.767948,parent_0090_child_1|parent_0214_child_3|parent_0013_child_1|parent_0098_child_1|parent_0215_child_1,parent_0090_child_1,1,1,1.0,1,1,1.0,1,1,1.0,1,1,1.0,1,1,1.0
bge-base-en-v1.5,Q120_v2,test_suite,3,8,31.92,parent_0090_child_1,0.637009,0.591624,parent_0090_child_1|parent_0088_child_2|parent_0081_child_1|parent_0079_child_1|parent_0073_child_1,parent_0089_child_3,0,0,0.0,0,0,0.0,1,0,0.333333,1,0,0.333333,1,0,0.666667
bge-base-en-v1.5,Q121_v2,test_suite,3,12,35.2,parent_0117_child_2,0.677491,0.613163,parent_0117_child_2|parent_0116_child_12|parent_0141_child_2|parent_0116_child_11|parent_0117_child_7,,0,0,0.0,0,0,0.0,0,0,0.0,1,0,0.333333,1,0,0.666667
bge-base-en-v1.5,Q122_v2,test_suite,3,3,35.71,parent_0141_child_2,0.608944,0.575636,parent_0141_child_2|parent_0141_child_3|parent_0089_child_1|parent_0081_child_1|parent_0215_child_2,parent_0089_child_1|parent_0089_child_3,0,0,0.0,1,0,0.333333,1,0,0.666667,1,1,1.0,1,1,1.0
bge-base-en-v1.5,Q123_v2,test_suite,3,4,38.89,parent_0141_child_3,0.589993,0.580834,parent_0141_child_3|parent_0097_child_13|parent_0141_child_2|parent_0089_child_1|parent_0128_child_6,parent_0089_child_1,0,0,0.0,1,0,0.333333,1,0,0.333333,1,0,0.333333,1,0,0.333333
bge-base-en-v1.5,Q124_v2,test_suite,3,32,37.26,parent_0143_child_1,0.604187,0.52819,parent_0143_child_1|parent_0141_child_2|parent_0141_child_3|parent_0217_child_6|parent_0034_child_1,,0,0,0.0,0,0,0.0,0,0,0.0,0,0,0.0,1,0,0.333333
bge-base-en-v1.5,Q125_v2,test_suite,3,4,35.11,parent_0097_child_13,0.586372,0.568621,parent_0097_child_13|parent_0217_child_2|parent_0141_child_3|parent_0089_child_1|parent_0142_child_8,parent_0089_child_1,0,0,0.0,1,0,0.333333,1,0,0.333333,1,0,0.333333,1,0,0.666667
bge-base-en-v1.5,Q126_v2,test_suite,3,13,32.33,parent_0088_child_3,0.691139,0.619765,parent_0088_child_3|parent_0215_child_2|parent_0088_child_2|parent_0215_child_4|parent_0090_child_1,,0,0,0.0,0,0,0.0,0,0,0.0,1,0,0.333333,1,1,1.0
bge-base-en-v1.5,Q127_v2,test_suite,1,1,35.23,parent_0090_child_1,0.64247,0.64247,parent_0090_child_1|parent_0088_child_2|parent_0160_child_2|parent_0073_child_1|parent_0233_child_3,parent_0090_child_1,1,1,1.0,1,1,1.0,1,1,1.0,1,1,1.0,1,1,1.0
bge-base-en-v1.5,Q128_v2,test_suite,3,2,31.5,parent_0013_child_1,0.615239,0.596244,parent_0013_child_1|parent_0089_child_1|parent_0089_child_3|parent_0089_child_2|parent_0079_child_1,parent_0089_child_1|parent_0089_child_3|parent_0089_child_2,0,0,0.0,1,1,1.0,1,1,1.0,1,1,1.0,1,1,1.0
bge-base-en-v1.5,Q129_v2,test_suite,3,3,35.62,parent_0090_child_1,0.628167,0.626359,parent_0090_child_1|parent_0160_child_4|parent_0089_child_3|parent_0142_child_2|parent_0114_child_4,parent_0089_child_3|parent_0089_child_2,0,0,0.0,1,0,0.333333,1,0,0.666667,1,0,0.666667,1,0,0.666667
bge-base-en-v1.5,Q130_v2,test_suite,3,4,33.51,parent_0141_child_3,0.632808,0.601904,parent_0141_child_3|parent_0234_child_2|parent_0234_child_1|parent_0089_child_1|parent_0116_child_2,parent_0089_child_1,0,0,0.0,1,0,0.333333,1,0,0.333333,1,0,0.333333,1,1,1.0
bge-base-en-v1.5,Q131_v2,test_suite,1,1,29.5,parent_0091_child_1,0.734241,0.734241,parent_0091_child_1|parent_0121_child_1|parent_0014_child_1|parent_0218_child_11|parent_0073_child_1,parent_0091_child_1,1,1,1.0,1,1,1.0,1,1,1.0,1,1,1.0,1,1,1.0
bge-base-en-v1.5,Q132_v2,test_suite,1,2,31.49,parent_0014_child_1,0.670373,0.667069,parent_0014_child_1|parent_0091_child_1|parent_0093_child_3|parent_0088_child_2|parent_0092_child_1,parent_0091_child_1,0,0,0.0,1,1,1.0,1,1,1.0,1,1,1.0,1,1,1.0
bge-base-en-v1.5,Q133_v2,test_suite,1,3,29.43,parent_0093_child_3,0.654862,0.628511,parent_0093_child_3|parent_0014_child_1|parent_0091_child_1|parent_0092_child_1|parent_0093_child_1,parent_0091_child_1,0,0,0.0,1,1,1.0,1,1,1.0,1,1,1.0,1,1,1.0
bge-base-en-v1.5,Q134_v2,test_suite,1,2,29.27,parent_0014_child_1,0.735257,0.69158,parent_0014_child_1|parent_0091_child_1|parent_0093_child_1|parent_0093_child_3|parent_0092_child_3,parent_0091_child_1,0,0,0.0,1,1,1.0,1,1,1.0,1,1,1.0,1,1,1.0
bge-base-en-v1.5,Q135_v2,test_suite,1,2,37.86,parent_0014_child_1,0.667128,0.64538,parent_0014_child_1|parent_0091_child_1|parent_0092_child_1|parent_0093_child_1|parent_0093_child_3,parent_0091_child_1,0,0,0.0,1,1,1.0,1,1,1.0,1,1,1.0,1,1,1.0
bge-base-en-v1.5,Q136_v2,test_suite,1,4,37.31,parent_0014_child_1,0.642108,0.602231,parent_0014_child_1|parent_0093_child_1|parent_0093_child_2|parent_0091_child_1|parent_0092_child_2,parent_0091_child_1,0,0,0.0,1,1,1.0,1,1,1.0,1,1,1.0,1,1,1.0
bge-base-en-v1.5,Q137_v2,test_suite,1,224,34.69,parent_0089_child_1,0.627782,0.50582,parent_0089_child_1|parent_0013_child_1|parent_0088_child_2|parent_0089_child_2|parent_0220_child_1,,0,0,0.0,0,0,0.0,0,0,0.0,0,0,0.0,0,0,0.0
bge-base-en-v1.5,Q138_v2,test_suite,1,1,29.87,parent_0091_child_1,0.631769,0.631769,parent_0091_child_1|parent_0092_child_1|parent_0014_child_1|parent_0076_child_1|parent_0093_child_1,parent_0091_child_1,1,1,1.0,1,1,1.0,1,1,1.0,1,1,1.0,1,1,1.0
bge-base-en-v1.5,Q139_v2,test_suite,1,2,128.48,parent_0093_child_3,0.705434,0.653216,parent_0093_child_3|parent_0091_child_1|parent_0093_child_2|parent_0014_child_1|parent_0093_child_1,parent_0091_child_1,0,0,0.0,1,1,1.0,1,1,1.0,1,1,1.0,1,1,1.0
bge-base-en-v1.5,Q140_v2,test_suite,1,3,32.75,parent_0092_child_1,0.650614,0.608339,parent_0092_child_1|parent_0014_child_1|parent_0091_child_1|parent_0092_child_3|parent_0093_child_1,parent_0091_child_1,0,0,0.0,1,1,1.0,1,1,1.0,1,1,1.0,1,1,1.0
bge-base-en-v1.5,Q141_v2,test_suite,1,1,39.3,parent_0091_child_1,0.648885,0.648885,parent_0091_child_1|parent_0093_child_2|parent_0014_child_1|parent_0076_child_1|parent_0092_child_2,parent_0091_child_1,1,1,1.0,1,1,1.0,1,1,1.0,1,1,1.0,1,1,1.0
bge-base-en-v1.5,Q142_v2,test_suite,1,1,32.8,parent_0091_child_1,0.622377,0.622377,parent_0091_child_1|parent_0092_child_3|parent_0092_child_1|parent_0092_child_2|parent_0014_child_1,parent_0091_child_1,1,1,1.0,1,1,1.0,1,1,1.0,1,1,1.0,1,1,1.0
bge-base-en-v1.5,Q143_v2,test_suite,3,1,36.75,parent_0092_child_1,0.693724,0.693724,parent_0092_child_1|parent_0116_child_10|parent_0075_child_3|parent_0116_child_2|parent_0014_child_1,parent_0092_child_1,1,0,0.333333,1,0,0.333333,1,0,0.333333,1,0,0.333333,1,0,0.666667
bge-base-en-v1.5,Q144_v2,test_suite,3,1,36.17,parent_0092_child_2,0.754426,0.754426,parent_0092_child_2|parent_0150_child_12|parent_0150_child_2|parent_0150_child_11|parent_0093_child_1,parent_0092_child_2,1,0,0.333333,1,0,0.333333,1,0,0.333333,1,0,0.333333,1,0,0.666667
bge-base-en-v1.5,Q145_v2,test_suite,3,1,38.8,parent_0092_child_2,0.663725,0.663725,parent_0092_child_2|parent_0079_child_2|parent_0092_child_1|parent_0091_child_1|parent_0015_child_1,parent_0092_child_2|parent_0092_child_1,1,0,0.333333,1,0,0.666667,1,0,0.666667,1,0,0.666667,1,1,1.0
bge-base-en-v1.5,Q146_v2,test_suite,3,1,31.91,parent_0092_child_2,0.623997,0.623997,parent_0092_child_2|parent_0215_child_1|parent_0215_child_2|parent_0214_child_1|parent_0015_child_1,parent_0092_child_2,1,0,0.333333,1,0,0.333333,1,0,0.333333,1,1,1.0,1,1,1.0
bge-base-en-v1.5,Q147_v2,test_suite,3,1,37.69,parent_0092_child_2,0.63853,0.63853,parent_0092_child_2|parent_0092_child_3|parent_0093_child_2|parent_0091_child_1|parent_0092_child_1,parent_0092_child_2|parent_0092_child_3|parent_0092_child_1,1,0,0.333333,1,1,1.0,1,1,1.0,1,1,1.0,1,1,1.0
bge-base-en-v1.5,Q148_v2,test_suite,3,1,29.37,parent_0092_child_3,0.781287,0.781287,parent_0092_child_3|parent_0092_child_2|parent_0015_child_1|parent_0088_child_2|parent_0093_child_1,parent_0092_child_3|parent_0092_child_2,1,0,0.333333,1,0,0.666667,1,0,0.666667,1,0,0.666667,1,1,1.0
bge-base-en-v1.5,Q149_v2,test_suite,3,2,29.52,parent_0154_child_2,0.68768,0.677136,parent_0154_child_2|parent_0093_child_1|parent_0157_child_8|parent_0157_child_7|parent_0163_child_1,parent_0093_child_1,0,0,0.0,1,0,0.333333,1,0,0.333333,1,0,0.666667,1,0,0.666667
bge-base-en-v1.5,Q150_v2,test_suite,3,2,36.3,parent_0161_child_6,0.667279,0.658936,parent_0161_child_6|parent_0093_child_1|parent_0161_child_1|parent_0214_child_2|parent_0211_child_3,parent_0093_child_1,0,0,0.0,1,0,0.333333,1,0,0.333333,1,0,0.333333,1,0,0.333333
bge-base-en-v1.5,Q151_v2,test_suite,3,1,38.11,parent_0093_child_1,0.626248,0.626248,parent_0093_child_1|parent_0079_child_2|parent_0015_child_1|parent_0092_child_1|parent_0091_child_1,parent_0093_child_1,1,0,0.333333,1,0,0.333333,1,0,0.333333,1,0,0.666667,1,1,1.0
bge-base-en-v1.5,Q152_v2,test_suite,3,1,36.08,parent_0093_child_2,0.785914,0.785914,parent_0093_child_2|parent_0052_child_1|parent_0015_child_1|parent_0201_child_1|parent_0093_child_1,parent_0093_child_2|parent_0093_child_1,1,0,0.333333,1,0,0.666667,1,0,0.666667,1,0,0.666667,1,1,1.0
bge-base-en-v1.5,Q153_v2,test_suite,3,1,37.23,parent_0093_child_2,0.707835,0.707835,parent_0093_child_2|parent_0094_child_1|parent_0015_child_1|parent_0093_child_3|parent_0192_child_5,parent_0093_child_2|parent_0093_child_3,1,0,0.333333,1,0,0.666667,1,0,0.666667,1,0,0.666667,1,1,1.0
bge-base-en-v1.5,Q154_v2,test_suite,3,2,39.22,parent_0268_child_4,0.602189,0.594177,parent_0268_child_4|parent_0093_child_2|parent_0015_child_1|parent_0154_child_2|parent_0287_child_1,parent_0093_child_2|parent_0093_child_1,0,0,0.0,1,0,0.333333,1,0,0.666667,1,0,0.666667,1,0,0.666667
bge-base-en-v1.5,Q155_v2,test_suite,3,1,32.99,parent_0093_child_3,0.703952,0.703952,parent_0093_child_3|parent_0093_child_2|parent_0262_child_1|parent_0268_child_4|parent_0015_child_1,parent_0093_child_3|parent_0093_child_2,1,0,0.333333,1,0,0.666667,1,0,0.666667,1,1,1.0,1,1,1.0
bge-base-en-v1.5,Q156_v2,test_suite,3,1,37.45,parent_0093_child_3,0.680833,0.680833,parent_0093_child_3|parent_0284_child_3|parent_0094_child_1|parent_0284_child_5|parent_0011_child_1,parent_0093_child_3,1,0,0.333333,1,0,0.333333,1,0,0.333333,1,0,0.666667,1,0,0.666667
bge-base-en-v1.5,Q157_v2,test_suite,3,86,30.1,parent_0192_child_1,0.659686,0.586648,parent_0192_child_1|parent_0161_child_5|parent_0142_child_7|parent_0186_child_2|parent_0142_child_4,,0,0,0.0,0,0,0.0,0,0,0.0,0,0,0.0,1,0,0.333333
bge-base-en-v1.5,Q158_v2,test_suite,3,1,33.6,parent_0093_child_3,0.623425,0.623425,parent_0093_child_3|parent_0092_child_1|parent_0093_child_1|parent_0014_child_1|parent_0091_child_1,parent_0093_child_3|parent_0093_child_1|parent_0093_child_2,1,0,0.333333,1,0,0.666667,1,1,1.0,1,1,1.0,1,1,1.0
bge-base-en-v1.5,Q159_v2,test_suite,3,210,36.57,parent_0214_child_3,0.63726,0.535344,parent_0214_child_3|parent_0215_child_1|parent_0146_child_5|parent_0160_child_5|parent_0160_child_2,,0,0,0.0,0,0,0.0,0,0,0.0,0,0,0.0,0,0,0.0
bge-base-en-v1.5,Q160_v2,test_suite,3,1,33.21,parent_0093_child_2,0.586909,0.586909,parent_0093_child_2|parent_0268_child_4|parent_0093_child_3|parent_0015_child_1|parent_0293_child_2,parent_0093_child_2|parent_0093_child_3,1,0,0.333333,1,0,0.666667,1,0,0.666667,1,0,0.666667,1,1,1.0
bge-base-en-v1.5,Q161_v2,test_suite,3,1,30.97,parent_0093_child_2,0.63701,0.63701,parent_0093_child_2|parent_0092_child_1|parent_0093_child_1|parent_0014_child_1|parent_0093_child_3,parent_0093_child_2|parent_0093_child_1|parent_0093_child_3,1,0,0.333333,1,1,1.0,1,1,1.0,1,1,1.0,1,1,1.0
bge-base-en-v1.5,Q162_v2,test_suite,3,1,35.57,parent_0093_child_3,0.616738,0.616738,parent_0093_child_3|parent_0012_child_1|parent_0088_child_2|parent_0207_child_1|parent_0284_child_2,parent_0093_child_3,1,0,0.333333,1,0,0.333333,1,0,0.333333,1,0,0.333333,1,1,1.0
bge-base-en-v1.5,Q163_v2,test_suite,3,128,33.02,parent_0139_child_7,0.596994,0.525776,parent_0139_child_7|parent_0035_child_1|parent_0034_child_1|parent_0139_child_8|parent_0139_child_2,,0,0,0.0,0,0,0.0,0,0,0.0,0,0,0.0,0,0,0.0
bge-base-en-v1.5,Q164_v2,test_suite,3,1,31.47,parent_0092_child_3,0.587582,0.587582,parent_0092_child_3|parent_0092_child_2|parent_0093_child_1|parent_0093_child_2|parent_0015_child_1,parent_0092_child_3|parent_0092_child_2,1,0,0.333333,1,0,0.666667,1,0,0.666667,1,0,0.666667,1,1,1.0
bge-base-en-v1.5,Q165_v2,test_suite,3,156,33.56,parent_0160_child_4,0.643876,0.557881,parent_0160_child_4|parent_0218_child_11|parent_0235_child_1|parent_0139_child_5|parent_0218_child_12,,0,0,0.0,0,0,0.0,0,0,0.0,0,0,0.0,0,0,0.0
bge-base-en-v1.5,Q166_v2,test_suite,2,1,35.82,parent_0079_child_2,0.653751,0.653751,parent_0079_child_2|parent_0224_child_3|parent_0195_child_5|parent_0219_child_1|parent_0167_child_3,parent_0079_child_2,1,0,0.5,1,0,0.5,1,0,0.5,1,0,0.5,1,0,0.5
bge-base-en-v1.5,Q167_v2,test_suite,6,3,30.3,parent_0094_child_1,0.610896,0.599051,parent_0094_child_1|parent_0088_child_3|parent_0093_child_3|parent_0088_child_2|parent_0086_child_1,parent_0093_child_3,0,0,0.0,1,0,0.166667,1,0,0.166667,1,0,0.166667,1,0,0.666667
bge-base-en-v1.5,Q168_v2,test_suite,6,20,127.03,parent_0215_child_4,0.635675,0.571708,parent_0215_child_4|parent_0220_child_1|parent_0216_child_3|parent_0215_child_1|parent_0212_child_2,,0,0,0.0,0,0,0.0,0,0,0.0,1,0,0.166667,1,0,0.333333
bge-base-en-v1.5,Q169_v2,test_suite,3,77,33.26,parent_0157_child_8,0.653675,0.528847,parent_0157_child_8|parent_0157_child_1|parent_0157_child_7|parent_0154_child_2|parent_0157_child_6,,0,0,0.0,0,0,0.0,0,0,0.0,0,0,0.0,1,0,0.333333
bge-base-en-v1.5,Q170_v2,test_suite,5,6,34.95,parent_0169_child_2,0.587972,0.56292,parent_0169_child_2|parent_0171_child_3|parent_0167_child_3|parent_0172_child_1|parent_0218_child_8,parent_0159_child_3,0,0,0.0,0,0,0.0,1,0,0.2,1,0,0.2,1,0,0.4
bge-base-en-v1.5,Q171_v2,test_suite,5,1,33.03,parent_0159_child_3,0.667199,0.667199,parent_0159_child_3|parent_0169_child_2|parent_0160_child_2|parent_0176_child_5|parent_0042_child_1,parent_0159_child_3|parent_0159_child_1|parent_0159_child_2,1,0,0.2,1,0,0.2,1,0,0.6,1,0,0.8,1,1,1.0
bge-base-en-v1.5,Q172_v2,test_suite,4,1,35.69,parent_0076_child_1,0.623369,0.623369,parent_0076_child_1|parent_0075_child_3|parent_0197_child_2|parent_0167_child_3|parent_0067_child_1,parent_0076_child_1,1,0,0.25,1,0,0.25,1,0,0.25,1,0,0.5,1,0,0.5
bge-base-en-v1.5,Q173_v2,test_suite,5,4,30.12,parent_0220_child_1,0.576819,0.561564,parent_0220_child_1|parent_0167_child_3|parent_0106_child_13|parent_0195_child_5|parent_0219_child_1,parent_0195_child_5|parent_0195_child_2,0,0,0.0,1,0,0.2,1,0,0.4,1,0,0.4,1,0,0.8
bge-base-en-v1.5,Q174_v2,test_suite,3,25,34.53,parent_0150_child_17,0.649651,0.59651,parent_0150_child_17|parent_0150_child_11|parent_0150_child_2|parent_0153_child_1|parent_0037_child_1,,0,0,0.0,0,0,0.0,0,0,0.0,0,0,0.0,1,0,0.333333
bge-base-en-v1.5,Q175_v2,test_suite,1,89,31.29,parent_0088_child_2,0.583039,0.521348,parent_0088_child_2|parent_0301_child_1|parent_0149_child_3|parent_0296_child_8|parent_0141_child_3,,0,0,0.0,0,0,0.0,0,0,0.0,0,0,0.0,1,1,1.0
bge-base-en-v1.5,Q177_v2,test_suite,1,3,33.57,parent_0148_child_2,0.617325,0.583625,parent_0148_child_2|parent_0296_child_12|parent_0069_child_1|parent_0228_child_1|parent_0073_child_1,parent_0069_child_1,0,0,0.0,1,1,1.0,1,1,1.0,1,1,1.0,1,1,1.0
bge-base-en-v1.5,Q178_v2,test_suite,1,258,31.16,parent_0126_child_6,0.6369,0.527825,parent_0126_child_6|parent_0204_child_1|parent_0292_child_1|parent_0236_child_3|parent_0237_child_2,,0,0,0.0,0,0,0.0,0,0,0.0,0,0,0.0,0,0,0.0
bge-base-en-v1.5,Q179_v2,test_suite,1,3,32.88,parent_0146_child_5,0.693984,0.662622,parent_0146_child_5|parent_0060_child_1|parent_0219_child_1|parent_0160_child_4|parent_0220_child_1,parent_0219_child_1,0,0,0.0,1,1,1.0,1,1,1.0,1,1,1.0,1,1,1.0
bge-base-en-v1.5,Q180_v2,test_suite,2,2,37.57,parent_0060_child_1,0.700548,0.67238,parent_0060_child_1|parent_0219_child_1|parent_0146_child_5|parent_0183_child_4|parent_0026_child_1,parent_0219_child_1,0,0,0.0,1,0,0.5,1,0,0.5,1,0,0.5,1,0,0.5
bge-base-en-v1.5,Q181_v2,test_suite,6,2,35.19,parent_0087_child_1,0.615837,0.602315,parent_0087_child_1|parent_0073_child_1|parent_0086_child_1|parent_0160_child_2|parent_0162_child_1,parent_0073_child_1|parent_0159_child_4|parent_0159_child_2,0,0,0.0,1,0,0.166667,1,0,0.5,1,0,0.833333,1,1,1.0
bge-base-en-v1.5,Q182_v2,test_suite,2,11,34.33,parent_0220_child_1,0.657915,0.615691,parent_0220_child_1|parent_0090_child_1|parent_0088_child_2|parent_0086_child_1|parent_0088_child_3,,0,0,0.0,0,0,0.0,0,0,0.0,1,1,1.0,1,1,1.0
bge-base-en-v1.5,Q183_v2,test_suite,4,1,29.65,parent_0088_child_2,0.626497,0.626497,parent_0088_child_2|parent_0006_child_1|parent_0073_child_1|parent_0087_child_1|parent_0092_child_1,parent_0088_child_2,1,0,0.25,1,0,0.25,1,0,0.25,1,1,1.0,1,1,1.0
bge-base-en-v1.5,Q184_v2,test_suite,3,68,35.12,parent_0073_child_1,0.623782,0.524658,parent_0073_child_1|parent_0088_child_2|parent_0086_child_1|parent_0090_child_1|parent_0076_child_1,,0,0,0.0,0,0,0.0,0,0,0.0,0,0,0.0,1,0,0.666667
bge-base-en-v1.5,Q185_v2,test_suite,6,57,32.56,parent_0151_child_10,0.585951,0.528581,parent_0151_child_10|parent_0193_child_6|parent_0193_child_3|parent_0137_child_5|parent_0160_child_5,,0,0,0.0,0,0,0.0,0,0,0.0,0,0,0.0,1,0,0.166667
bge-base-en-v1.5,Q186_v2,test_suite,1,1,32.31,parent_0073_child_1,0.626778,0.626778,parent_0073_child_1|parent_0087_child_1|parent_0006_child_1|parent_0088_child_3|parent_0088_child_2,parent_0073_child_1,1,1,1.0,1,1,1.0,1,1,1.0,1,1,1.0,1,1,1.0
bge-base-en-v1.5,Q187_v2,test_suite,1,5,33.76,parent_0088_child_2,0.658269,0.627977,parent_0088_child_2|parent_0087_child_1|parent_0090_child_1|parent_0086_child_1|parent_0073_child_1,parent_0073_child_1,0,0,0.0,1,1,1.0,1,1,1.0,1,1,1.0,1,1,1.0
bge-base-en-v1.5,Q188_v2,test_suite,1,60,30.67,parent_0089_child_1,0.601198,0.501301,parent_0089_child_1|parent_0013_child_1|parent_0089_child_3|parent_0075_child_3|parent_0087_child_1,,0,0,0.0,0,0,0.0,0,0,0.0,0,0,0.0,1,1,1.0
bge-base-en-v1.5,Q189_v2,test_suite,3,70,30.64,parent_0092_child_1,0.601414,0.504494,parent_0092_child_1|parent_0193_child_2|parent_0091_child_1|parent_0076_child_2|parent_0089_child_1,,0,0,0.0,0,0,0.0,0,0,0.0,0,0,0.0,1,0,0.333333
bge-base-en-v1.5,Q190_v2,test_suite,5,9,34.83,parent_0214_child_3,0.663258,0.594013,parent_0214_child_3|parent_0215_child_1|parent_0033_child_1|parent_0160_child_2|parent_0098_child_2,parent_0159_child_4,0,0,0.0,0,0,0.0,1,0,0.2,1,0,0.6,1,1,1.0
bge-base-en-v1.5,Q192_v2,test_suite,3,256,31.58,parent_0092_child_1,0.545758,0.446467,parent_0092_child_1|parent_0215_child_1|parent_0216_child_3|parent_0088_child_2|parent_0215_child_4,,0,0,0.0,0,0,0.0,0,0,0.0,0,0,0.0,0,0,0.0
bge-base-en-v1.5,Q193_v2,test_suite,5,14,34.83,parent_0161_child_5,0.6089,0.566346,parent_0161_child_5|parent_0142_child_6|parent_0043_child_1|parent_0128_child_9|parent_0149_child_3,,0,0,0.0,0,0,0.0,0,0,0.0,1,0,0.4,1,1,1.0
bge-base-en-v1.5,Q194_v2,test_suite,5,2,37.71,parent_0161_child_6,0.597191,0.585819,parent_0161_child_6|parent_0159_child_3|parent_0176_child_5|parent_0159_child_4|parent_0141_child_6,parent_0159_child_3|parent_0159_child_4,0,0,0.0,1,0,0.4,1,0,0.4,1,1,1.0,1,1,1.0
bge-base-en-v1.5,Q195_v2,test_suite,2,68,33.15,parent_0193_child_5,0.610182,0.528781,parent_0193_child_5|parent_0114_child_4|parent_0137_child_4|parent_0193_child_2|parent_0297_child_8,,0,0,0.0,0,0,0.0,0,0,0.0,0,0,0.0,1,0,0.5
bge-base-en-v1.5,Q196_v2,test_suite,1,2,30.38,parent_0076_child_1,0.574448,0.564016,parent_0076_child_1|parent_0074_child_1|parent_0117_child_13|parent_0007_child_1|parent_0117_child_2,parent_0074_child_1,0,0,0.0,1,1,1.0,1,1,1.0,1,1,1.0,1,1,1.0
bge-base-en-v1.5,Q197_v2,test_suite,4,1,35.19,parent_0076_child_3,0.630867,0.630867,parent_0076_child_3|parent_0151_child_6|parent_0151_child_7|parent_0139_child_6|parent_0076_child_2,parent_0076_child_3|parent_0076_child_2,1,0,0.25,1,0,0.5,1,0,0.5,1,0,0.75,1,0,0.75
bge-base-en-v1.5,Q198_v2,test_suite,2,2,44.84,parent_0217_child_3,0.640387,0.63755,parent_0217_child_3|parent_0078_child_1|parent_0008_child_1|parent_0079_child_2|parent_0133_child_1,parent_0078_child_1,0,0,0.0,1,0,0.5,1,0,0.5,1,1,1.0,1,1,1.0
bge-base-en-v1.5,Q199_v2,test_suite,3,3,143.74,parent_0076_child_1,0.562765,0.555249,parent_0076_child_1|parent_0075_child_3|parent_0091_child_1|parent_0193_child_4|parent_0141_child_3,parent_0091_child_1,0,0,0.0,1,0,0.333333,1,0,0.333333,1,0,0.333333,1,0,0.333333
bge-base-en-v1.5,Q200_v2,test_suite,4,4,43.18,parent_0092_child_1,0.610787,0.562916,parent_0092_child_1|parent_0014_child_1|parent_0093_child_3|parent_0091_child_1|parent_0093_child_1,parent_0091_child_1|parent_0088_child_2,0,0,0.0,1,0,0.25,1,0,0.5,1,0,0.5,1,0,0.5
e5-base-v2,Q001,test_suite,1,8,75.81,parent_0121_child_1,0.845732,0.809786,parent_0121_child_1|parent_0087_child_2|parent_0088_child_3|parent_0075_child_1|parent_0087_child_3,parent_0073_child_1,0,0,0.0,0,0,0.0,1,1,1.0,1,1,1.0,1,1,1.0
e5-base-v2,Q002,test_suite,1,2,32.77,parent_0007_child_1,0.827334,0.820062,parent_0007_child_1|parent_0074_child_1|parent_0076_child_2|parent_0092_child_1|parent_0091_child_1,parent_0074_child_1,0,0,0.0,1,1,1.0,1,1,1.0,1,1,1.0,1,1,1.0
e5-base-v2,Q003,test_suite,1,2,32.17,parent_0076_child_2,0.812545,0.812359,parent_0076_child_2|parent_0074_child_1|parent_0075_child_2|parent_0007_child_1|parent_0075_child_3,parent_0074_child_1,0,0,0.0,1,1,1.0,1,1,1.0,1,1,1.0,1,1,1.0
e5-base-v2,Q004,test_suite,3,1,39.26,parent_0076_child_2,0.843488,0.843488,parent_0076_child_2|parent_0076_child_3|parent_0198_child_1|parent_0075_child_2|parent_0075_child_3,parent_0076_child_2|parent_0076_child_3,1,0,0.333333,1,0,0.666667,1,0,0.666667,1,0,0.666667,1,1,1.0
e5-base-v2,Q005,test_suite,1,13,28.02,parent_0087_child_1,0.823881,0.790434,parent_0087_child_1|parent_0088_child_2|parent_0076_child_1|parent_0269_child_2|parent_0098_child_1,,0,0,0.0,0,0,0.0,0,0,0.0,1,1,1.0,1,1,1.0
e5-base-v2,Q006,test_suite,2,1,32.38,parent_0078_child_1,0.825843,0.825843,parent_0078_child_1|parent_0008_child_1|parent_0075_child_2|parent_0215_child_2|parent_0137_child_3,parent_0078_child_1,1,0,0.5,1,0,0.5,1,0,0.5,1,0,0.5,1,1,1.0
e5-base-v2,Q007,test_suite,2,1,112.67,parent_0079_child_1,0.791762,0.791762,parent_0079_child_1|parent_0075_child_2|parent_0008_child_1|parent_0233_child_3|parent_0088_child_2,parent_0079_child_1,1,0,0.5,1,0,0.5,1,0,0.5,1,0,0.5,1,1,1.0
e5-base-v2,Q008,test_suite,2,1,85.4,parent_0079_child_2,0.843774,0.843774,parent_0079_child_2|parent_0075_child_2|parent_0008_child_1|parent_0075_child_3|parent_0011_child_1,parent_0079_child_2,1,0,0.5,1,0,0.5,1,0,0.5,1,0,0.5,1,1,1.0
e5-base-v2,Q009,test_suite,2,3,30.83,parent_0008_child_1,0.831779,0.823952,parent_0008_child_1|parent_0080_child_1|parent_0079_child_2|parent_0081_child_1|parent_0089_child_3,parent_0079_child_2|parent_0079_child_1,0,0,0.0,1,0,0.5,1,1,1.0,1,1,1.0,1,1,1.0
e5-base-v2,Q010,test_suite,2,3,27.58,parent_0080_child_1,0.846072,0.787841,parent_0080_child_1|parent_0081_child_1|parent_0079_child_2|parent_0156_child_1|parent_0267_child_9,parent_0079_child_2,0,0,0.0,1,0,0.5,1,0,0.5,1,0,0.5,1,0,0.5
e5-base-v2,Q011,test_suite,1,2,24.52,parent_0010_child_1,0.817497,0.805025,parent_0010_child_1|parent_0083_child_1|parent_0084_child_1|parent_0075_child_2|parent_0097_child_12,parent_0083_child_1,0,0,0.0,1,1,1.0,1,1,1.0,1,1,1.0,1,1,1.0
e5-base-v2,Q012,test_suite,1,1,28.11,parent_0085_child_1,0.880171,0.880171,parent_0085_child_1|parent_0011_child_1|parent_0075_child_3|parent_0075_child_2|parent_0086_child_1,parent_0085_child_1,1,1,1.0,1,1,1.0,1,1,1.0,1,1,1.0,1,1,1.0
e5-base-v2,Q014,test_suite,3,1,27.11,parent_0088_child_2,0.848478,0.848478,parent_0088_child_2|parent_0012_child_1|parent_0231_child_1|parent_0089_child_2|parent_0269_child_2,parent_0088_child_2,1,0,0.333333,1,0,0.333333,1,0,0.333333,1,0,0.666667,1,0,0.666667
e5-base-v2,Q015,test_suite,3,2,29.82,parent_0012_child_1,0.843262,0.84212,parent_0012_child_1|parent_0088_child_2|parent_0013_child_1|parent_0088_child_3|parent_0093_child_3,parent_0088_child_2|parent_0088_child_3,0,0,0.0,1,0,0.666667,1,0,0.666667,1,0,0.666667,1,0,0.666667
e5-base-v2,Q016,test_suite,3,1,24.92,parent_0089_child_1,0.848067,0.848067,parent_0089_child_1|parent_0141_child_2|parent_0013_child_1|parent_0117_child_7|parent_0089_child_2,parent_0089_child_1|parent_0089_child_2,1,0,0.333333,1,0,0.666667,1,0,0.666667,1,0,0.666667,1,0,0.666667
e5-base-v2,Q017,test_suite,3,4,31.72,parent_0090_child_1,0.850015,0.833303,parent_0090_child_1|parent_0088_child_2|parent_0013_child_1|parent_0089_child_2|parent_0081_child_1,parent_0089_child_2|parent_0089_child_3,0,0,0.0,1,0,0.333333,1,0,0.666667,1,1,1.0,1,1,1.0
e5-base-v2,Q018,test_suite,3,1,27.11,parent_0076_child_2,0.825428,0.825428,parent_0076_child_2|parent_0076_child_3|parent_0197_child_2|parent_0197_child_6|parent_0198_child_1,parent_0076_child_2|parent_0076_child_3|parent_0076_child_1,1,0,0.333333,1,0,0.666667,1,1,1.0,1,1,1.0,1,1,1.0
e5-base-v2,Q019,test_suite,1,35,22.65,parent_0015_child_1,0.798305,0.764196,parent_0015_child_1|parent_0088_child_2|parent_0076_child_2|parent_0075_child_1|parent_0048_child_1,,0,0,0.0,0,0,0.0,0,0,0.0,0,0,0.0,1,1,1.0
e5-base-v2,Q020,test_suite,3,1,26.81,parent_0093_child_1,0.822208,0.822208,parent_0093_child_1|parent_0015_child_1|parent_0199_child_5|parent_0199_child_1|parent_0198_child_6,parent_0093_child_1,1,0,0.333333,1,0,0.333333,1,0,0.333333,1,0,0.333333,1,0,0.666667
e5-base-v2,Q021,test_suite,3,1,28.06,parent_0093_child_1,0.831391,0.831391,parent_0093_child_1|parent_0092_child_1|parent_0093_child_2|parent_0015_child_1|parent_0094_child_1,parent_0093_child_1|parent_0093_child_2|parent_0093_child_3,1,0,0.333333,1,0,0.666667,1,1,1.0,1,1,1.0,1,1,1.0
e5-base-v2,Q022,test_suite,3,2,24.04,parent_0299_child_1,0.808895,0.807527,parent_0299_child_1|parent_0093_child_3|parent_0094_child_1|parent_0015_child_1|parent_0093_child_2,parent_0093_child_3|parent_0093_child_2,0,0,0.0,1,0,0.666667,1,0,0.666667,1,0,0.666667,1,1,1.0
e5-base-v2,Q023,test_suite,1,1,27.66,parent_0094_child_1,0.873731,0.873731,parent_0094_child_1|parent_0015_child_1|parent_0075_child_1|parent_0284_child_2|parent_0088_child_2,parent_0094_child_1,1,1,1.0,1,1,1.0,1,1,1.0,1,1,1.0,1,1,1.0
e5-base-v2,Q024,test_suite,3,17,22.6,parent_0157_child_1,0.830234,0.806254,parent_0157_child_1|parent_0157_child_5|parent_0040_child_1|parent_0157_child_8|parent_0155_child_3,,0,0,0.0,0,0,0.0,0,0,0.0,1,0,0.333333,1,0,0.666667
e5-base-v2,Q025,test_suite,3,1,30.95,parent_0093_child_2,0.824798,0.824798,parent_0093_child_2|parent_0092_child_2|parent_0093_child_1|parent_0015_child_1|parent_0075_child_1,parent_0093_child_2|parent_0093_child_1,1,0,0.333333,1,0,0.666667,1,0,0.666667,1,0,0.666667,1,1,1.0
e5-base-v2,Q026,test_suite,13,1,23.48,parent_0097_child_1,0.866537,0.866537,parent_0097_child_1|parent_0016_child_1|parent_0096_child_1|parent_0096_child_3|parent_0097_child_6,parent_0097_child_1|parent_0097_child_6|parent_0097_child_10|parent_0097_child_3,1,0,0.076923,1,0,0.153846,1,0,0.307692,1,0,0.769231,1,1,1.0
e5-base-v2,Q027,test_suite,13,1,24.98,parent_0097_child_5,0.863829,0.863829,parent_0097_child_5|parent_0016_child_1|parent_0115_child_1|parent_0192_child_1|parent_0138_child_1,parent_0097_child_5|parent_0097_child_11|parent_0097_child_3,1,0,0.076923,1,0,0.076923,1,0,0.230769,1,0,0.384615,1,0,0.692308
e5-base-v2,Q028,test_suite,4,3,24.38,parent_0016_child_1,0.843692,0.831319,parent_0016_child_1|parent_0233_child_2|parent_0096_child_1|parent_0097_child_6|parent_0097_child_3,parent_0096_child_1|parent_0096_child_4,0,0,0.0,1,0,0.25,1,0,0.5,1,0,0.75,1,1,1.0
e5-base-v2,Q029,test_suite,13,1,28.4,parent_0097_child_11,0.840069,0.840069,parent_0097_child_11|parent_0097_child_8|parent_0097_child_7|parent_0096_child_1|parent_0016_child_1,parent_0097_child_11|parent_0097_child_8|parent_0097_child_7|parent_0097_child_6|parent_0097_child_13|parent_0097_child_9|parent_0097_child_10,1,0,0.076923,1,0,0.230769,1,0,0.538462,1,0,0.615385,1,1,1.0
e5-base-v2,Q030,test_suite,4,1,28.77,parent_0098_child_3,0.85156,0.85156,parent_0098_child_3|parent_0098_child_2|parent_0102_child_1|parent_0223_child_7|parent_0146_child_4,parent_0098_child_3|parent_0098_child_2|parent_0098_child_4,1,0,0.25,1,0,0.5,1,0,0.75,1,0,0.75,1,0,0.75
e5-base-v2,Q031,test_suite,4,2,29.04,parent_0123_child_2,0.835015,0.825956,parent_0123_child_2|parent_0098_child_3|parent_0098_child_2|parent_0146_child_3|parent_0284_child_6,parent_0098_child_3|parent_0098_child_2|parent_0098_child_4,0,0,0.0,1,0,0.5,1,0,0.75,1,0,0.75,1,0,0.75
e5-base-v2,Q032,test_suite,4,1,30.99,parent_0098_child_4,0.839456,0.839456,parent_0098_child_4|parent_0098_child_3|parent_0192_child_1|parent_0099_child_1|parent_0185_child_2,parent_0098_child_4|parent_0098_child_3|parent_0098_child_2,1,0,0.25,1,0,0.5,1,0,0.75,1,0,0.75,1,0,0.75
e5-base-v2,Q033,test_suite,13,1,40.15,parent_0097_child_13,0.840904,0.840904,parent_0097_child_13|parent_0016_child_1|parent_0269_child_2|parent_0234_child_1|parent_0233_child_2,parent_0097_child_13|parent_0097_child_12,1,0,0.076923,1,0,0.076923,1,0,0.153846,1,0,0.153846,1,0,0.538462
e5-base-v2,Q034,test_suite,1,1,50.39,parent_0100_child_1,0.851552,0.851552,parent_0100_child_1|parent_0140_child_2|parent_0269_child_2|parent_0124_child_1|parent_0142_child_7,parent_0100_child_1,1,1,1.0,1,1,1.0,1,1,1.0,1,1,1.0,1,1,1.0
e5-base-v2,Q035,test_suite,4,1,29.65,parent_0098_child_1,0.836856,0.836856,parent_0098_child_1|parent_0098_child_2|parent_0161_child_1|parent_0161_child_3|parent_0161_child_4,parent_0098_child_1|parent_0098_child_2,1,0,0.25,1,0,0.5,1,0,0.5,1,0,0.5,1,0,0.75
e5-base-v2,Q036,test_suite,8,1,28.73,parent_0103_child_1,0.824457,0.824457,parent_0103_child_1|parent_0260_child_5|parent_0260_child_1|parent_0172_child_1|parent_0260_child_2,parent_0103_child_1,1,0,0.125,1,0,0.125,1,0,0.125,1,0,0.25,1,0,0.5
e5-base-v2,Q037,test_suite,8,4,32.5,parent_0260_child_1,0.868825,0.833274,parent_0260_child_1|parent_0260_child_5|parent_0260_child_2|parent_0103_child_1|parent_0260_child_3,parent_0103_child_1|parent_0103_child_3,0,0,0.0,1,0,0.125,1,0,0.25,1,0,0.375,1,0,0.5
e5-base-v2,Q038,test_suite,8,1,31.73,parent_0103_child_2,0.88256,0.88256,parent_0103_child_2|parent_0018_child_1|parent_0103_child_1|parent_0098_child_4|parent_0104_child_2,parent_0103_child_2|parent_0103_child_1,1,0,0.125,1,0,0.25,1,0,0.25,1,0,0.375,1,0,0.625
e5-base-v2,Q039,test_suite,8,4,30.68,parent_0018_child_1,0.845151,0.817016,parent_0018_child_1|parent_0197_child_6|parent_0104_child_2|parent_0103_child_2|parent_0103_child_6,parent_0103_child_2|parent_0103_child_6|parent_0103_child_7,0,0,0.0,1,0,0.25,1,0,0.375,1,0,0.375,1,0,0.5
e5-base-v2,Q040,test_suite,2,1,26.68,parent_0104_child_1,0.848018,0.848018,parent_0104_child_1|parent_0127_child_1|parent_0018_child_1|parent_0109_child_1|parent_0211_child_1,parent_0104_child_1|parent_0104_child_2,1,0,0.5,1,0,0.5,1,1,1.0,1,1,1.0,1,1,1.0
e5-base-v2,Q041,test_suite,13,1,148.26,parent_0106_child_7,0.84699,0.84699,parent_0106_child_7|parent_0106_child_8|parent_0106_child_6|parent_0104_child_2|parent_0297_child_8,parent_0106_child_7|parent_0106_child_8|parent_0106_child_6,1,0,0.076923,1,0,0.230769,1,0,0.230769,1,0,0.384615,1,0,0.769231
e5-base-v2,Q042,test_suite,13,2,27.85,parent_0022_child_1,0.876582,0.847251,parent_0022_child_1|parent_0106_child_12|parent_0098_child_4|parent_0106_child_8|parent_0106_child_11,parent_0106_child_12|parent_0106_child_8|parent_0106_child_11,0,0,0.0,1,0,0.230769,1,0,0.230769,1,0,0.384615,1,0,0.692308
e5-base-v2,Q043,test_suite,13,3,30.52,parent_0022_child_1,0.85274,0.838463,parent_0022_child_1|parent_0297_child_8|parent_0106_child_12|parent_0098_child_4|parent_0106_child_8,parent_0106_child_12|parent_0106_child_8|parent_0106_child_11,0,0,0.0,1,0,0.153846,1,0,0.230769,1,0,0.384615,1,0,0.615385
e5-base-v2,Q044,test_suite,1,2,38.13,parent_0024_child_1,0.848347,0.846144,parent_0024_child_1|parent_0108_child_1|parent_0109_child_1|parent_0104_child_2|parent_0109_child_2,parent_0108_child_1,0,0,0.0,1,1,1.0,1,1,1.0,1,1,1.0,1,1,1.0
e5-base-v2,Q045,test_suite,6,3,32.71,parent_0024_child_1,0.866382,0.84355,parent_0024_child_1|parent_0108_child_1|parent_0109_child_5|parent_0025_child_1|parent_0112_child_3,parent_0109_child_5|parent_0109_child_2,0,0,0.0,1,0,0.166667,1,0,0.333333,1,0,0.333333,1,0,0.833333
e5-base-v2,Q046,test_suite,6,1,35.13,parent_0109_child_5,0.854807,0.854807,parent_0109_child_5|parent_0024_child_1|parent_0112_child_3|parent_0112_child_1|parent_0108_child_1,parent_0109_child_5|parent_0109_child_2,1,0,0.166667,1,0,0.166667,1,0,0.333333,1,0,0.333333,1,1,1.0
e5-base-v2,Q047,test_suite,6,2,33.45,parent_0112_child_3,0.847713,0.843247,parent_0112_child_3|parent_0109_child_5|parent_0112_child_1|parent_0229_child_5|parent_0146_child_2,parent_0109_child_5,0,0,0.0,1,0,0.166667,1,0,0.166667,1,0,0.5,1,0,0.666667
e5-base-v2,Q048,test_suite,3,1,29.43,parent_0110_child_1,0.855199,0.855199,parent_0110_child_1|parent_0025_child_1|parent_0112_child_1|parent_0135_child_1|parent_0175_child_1,parent_0110_child_1,1,0,0.333333,1,0,0.333333,1,0,0.333333,1,0,0.333333,1,1,1.0
e5-base-v2,Q049,test_suite,4,1,30.39,parent_0114_child_4,0.841561,0.841561,parent_0114_child_4|parent_0026_child_1|parent_0034_child_1|parent_0297_child_8|parent_0116_child_6,parent_0114_child_4,1,0,0.25,1,0,0.25,1,0,0.25,1,0,0.25,1,1,1.0
e5-base-v2,Q050,test_suite,1,1,34.19,parent_0115_child_1,0.843214,0.843214,parent_0115_child_1|parent_0137_child_5|parent_0269_child_2|parent_0236_child_6|parent_0229_child_5,parent_0115_child_1,1,1,1.0,1,1,1.0,1,1,1.0,1,1,1.0,1,1,1.0
e5-base-v2,Q051,test_suite,5,1,28.4,parent_0122_child_1,0.851263,0.851263,parent_0122_child_1|parent_0029_child_1|parent_0122_child_2|parent_0142_child_7|parent_0277_child_2,parent_0122_child_1|parent_0122_child_2|parent_0122_child_4,1,0,0.2,1,0,0.4,1,0,0.6,1,1,1.0,1,1,1.0
e5-base-v2,Q052,test_suite,5,1,27.09,parent_0122_child_2,0.879459,0.879459,parent_0122_child_2|parent_0142_child_7|parent_0124_child_1|parent_0122_child_1|parent_0029_child_1,parent_0122_child_2|parent_0122_child_1,1,0,0.2,1,0,0.4,1,0,0.4,1,0,0.6,1,0,0.8
e5-base-v2,Q053,test_suite,5,2,33.88,parent_0161_child_1,0.841353,0.829831,parent_0161_child_1|parent_0122_child_5|parent_0029_child_1|parent_0122_child_4|parent_0161_child_4,parent_0122_child_5|parent_0122_child_4,0,0,0.0,1,0,0.4,1,0,0.4,1,0,0.4,1,0,0.4
e5-base-v2,Q054,test_suite,3,1,26.91,parent_0123_child_2,0.854326,0.854326,parent_0123_child_2|parent_0146_child_3|parent_0123_child_1|parent_0126_child_1|parent_0098_child_3,parent_0123_child_2|parent_0123_child_1|parent_0123_child_3,1,0,0.333333,1,0,0.666667,1,1,1.0,1,1,1.0,1,1,1.0
e5-base-v2,Q055,test_suite,10,2,27.4,parent_0030_child_1,0.845181,0.843698,parent_0030_child_1|parent_0126_child_3|parent_0196_child_5|parent_0197_child_2|parent_0137_child_3,parent_0126_child_3,0,0,0.0,1,0,0.1,1,0,0.1,1,0,0.3,1,0,0.8
e5-base-v2,Q056,test_suite,10,5,34.65,parent_0030_child_1,0.840914,0.795447,parent_0030_child_1|parent_0146_child_3|parent_0128_child_4|parent_0137_child_3|parent_0126_child_7,parent_0126_child_7|parent_0126_child_9|parent_0126_child_3,0,0,0.0,1,0,0.1,1,0,0.3,1,0,0.5,1,0,0.8
e5-base-v2,Q057,test_suite,10,3,37.23,parent_0236_child_2,0.865867,0.849592,parent_0236_child_2|parent_0030_child_1|parent_0126_child_8|parent_0138_child_1|parent_0137_child_3,parent_0126_child_8|parent_0126_child_9,0,0,0.0,1,0,0.1,1,0,0.2,1,0,0.4,1,0,0.8
e5-base-v2,Q058,test_suite,10,2,27.63,parent_0136_child_1,0.858696,0.857775,parent_0136_child_1|parent_0134_child_8|parent_0135_child_6|parent_0033_child_1|parent_0135_child_3,parent_0134_child_8|parent_0134_child_1|parent_0134_child_5,0,0,0.0,1,0,0.1,1,0,0.3,1,0,0.5,1,0,0.7
e5-base-v2,Q059,test_suite,10,1,30.3,parent_0134_child_8,0.858417,0.858417,parent_0134_child_8|parent_0122_child_5|parent_0134_child_10|parent_0137_child_5|parent_0136_child_1,parent_0134_child_8|parent_0134_child_10|parent_0134_child_9,1,0,0.1,1,0,0.2,1,0,0.3,1,0,0.4,1,0,0.4
e5-base-v2,Q060,test_suite,5,1,30.99,parent_0137_child_5,0.847192,0.847192,parent_0137_child_5|parent_0269_child_2|parent_0122_child_5|parent_0223_child_2|parent_0147_child_2,parent_0137_child_5,1,0,0.2,1,0,0.2,1,0,0.2,1,0,0.4,1,0,0.6
e5-base-v2,Q061,test_suite,4,3,29.59,parent_0033_child_1,0.855752,0.848307,parent_0033_child_1|parent_0131_child_1|parent_0132_child_3|parent_0151_child_10|parent_0030_child_1,parent_0132_child_3|parent_0132_child_4,0,0,0.0,1,0,0.25,1,0,0.5,1,0,0.5,1,0,0.75
e5-base-v2,Q062,test_suite,10,1,27.11,parent_0134_child_1,0.865502,0.865502,parent_0134_child_1|parent_0033_child_1|parent_0134_child_8|parent_0030_child_1|parent_0134_child_2,parent_0134_child_1|parent_0134_child_8|parent_0134_child_2|parent_0134_child_4|parent_0134_child_7,1,0,0.1,1,0,0.3,1,0,0.5,1,0,0.6,1,0,0.7
e5-base-v2,Q063,test_suite,12,1,23.3,parent_0116_child_6,0.826516,0.826516,parent_0116_child_6|parent_0116_child_1|parent_0026_child_1|parent_0118_child_2|parent_0139_child_1,parent_0116_child_6|parent_0116_child_1,1,0,0.083333,1,0,0.166667,1,0,0.166667,1,0,0.416667,1,0,0.833333
e5-base-v2,Q064,test_suite,12,1,30.4,parent_0116_child_3,0.862522,0.862522,parent_0116_child_3|parent_0116_child_1|parent_0139_child_7|parent_0139_child_1|parent_0116_child_6,parent_0116_child_3|parent_0116_child_1|parent_0116_child_6|parent_0116_child_9|parent_0116_child_8,1,0,0.083333,1,0,0.25,1,0,0.416667,1,0,0.416667,1,0,0.916667
e5-base-v2,Q065,test_suite,12,1,25.91,parent_0116_child_4,0.864488,0.864488,parent_0116_child_4|parent_0116_child_5|parent_0116_child_6|parent_0139_child_7|parent_0140_child_3,parent_0116_child_4|parent_0116_child_5|parent_0116_child_6|parent_0116_child_1|parent_0116_child_9,1,0,0.083333,1,0,0.25,1,0,0.416667,1,0,0.5,1,0,0.666667
e5-base-v2,Q066,test_suite,12,3,28.12,parent_0117_child_6,0.840938,0.837991,parent_0117_child_6|parent_0117_child_2|parent_0116_child_12|parent_0027_child_1|parent_0188_child_1,parent_0116_child_12|parent_0116_child_11,0,0,0.0,1,0,0.083333,1,0,0.166667,1,0,0.166667,1,0,0.583333
e5-base-v2,Q067,test_suite,13,1,28.41,parent_0117_child_2,0.883722,0.883722,parent_0117_child_2|parent_0116_child_12|parent_0027_child_1|parent_0117_child_6|parent_0188_child_1,parent_0117_child_2|parent_0117_child_6|parent_0117_child_4|parent_0117_child_11,1,0,0.076923,1,0,0.153846,1,0,0.307692,1,0,0.538462,1,1,1.0
e5-base-v2,Q068,test_suite,13,1,25.41,parent_0117_child_6,0.846238,0.846238,parent_0117_child_6|parent_0117_child_2|parent_0117_child_4|parent_0116_child_12|parent_0027_child_1,parent_0117_child_6|parent_0117_child_2|parent_0117_child_4|parent_0117_child_13|parent_0117_child_3,1,0,0.076923,1,0,0.230769,1,0,0.384615,1,0,0.384615,1,0,0.923077
e5-base-v2,Q069,test_suite,13,2,31.55,parent_0229_child_5,0.861721,0.86129,parent_0229_child_5|parent_0117_child_11|parent_0225_child_2|parent_0139_child_4|parent_0026_child_1,parent_0117_child_11|parent_0117_child_12|parent_0117_child_10,0,0,0.0,1,0,0.076923,1,0,0.230769,1,0,0.230769,1,0,0.692308
e5-base-v2,Q070,test_suite,9,4,29.33,parent_0035_child_1,0.846279,0.830128,parent_0035_child_1|parent_0142_child_7|parent_0034_child_1|parent_0139_child_1|parent_0235_child_1,parent_0139_child_1|parent_0139_child_5,0,0,0.0,1,0,0.111111,1,0,0.222222,1,0,0.444444,1,0,0.888889
e5-base-v2,Q071,test_suite,6,3,30.93,parent_0035_child_1,0.832872,0.825568,parent_0035_child_1|parent_0034_child_1|parent_0141_child_2|parent_0142_child_6|parent_0235_child_1,parent_0141_child_2,0,0,0.0,1,0,0.166667,1,0,0.166667,1,0,0.333333,1,0,0.833333
e5-base-v2,Q072,test_suite,6,1,27.12,parent_0141_child_6,0.888781,0.888781,parent_0141_child_6|parent_0142_child_6|parent_0149_child_2|parent_0035_child_1|parent_0149_child_3,parent_0141_child_6|parent_0141_child_2,1,0,0.166667,1,0,0.166667,1,0,0.333333,1,0,0.333333,1,0,0.833333
e5-base-v2,Q073,test_suite,9,3,30.75,parent_0034_child_1,0.837831,0.816368,parent_0034_child_1|parent_0235_child_1|parent_0139_child_6|parent_0235_child_2|parent_0246_child_1,parent_0139_child_6,0,0,0.0,1,0,0.111111,1,0,0.111111,1,0,0.555556,1,0,0.888889
e5-base-v2,Q074,test_suite,10,1,131.09,parent_0142_child_7,0.864983,0.864983,parent_0142_child_7|parent_0035_child_1|parent_0142_child_9|parent_0142_child_10|parent_0142_child_8,parent_0142_child_7|parent_0142_child_9|parent_0142_child_10|parent_0142_child_8,1,0,0.1,1,0,0.4,1,0,0.4,1,0,0.4,1,0,0.6
e5-base-v2,Q075,test_suite,1,1,24.66,parent_0194_child_1,0.844661,0.844661,parent_0194_child_1|parent_0051_child_1|parent_0195_child_1|parent_0195_child_2|parent_0150_child_14,parent_0194_child_1,1,1,1.0,1,1,1.0,1,1,1.0,1,1,1.0,1,1,1.0
e5-base-v2,Q076,test_suite,1,2,25.92,parent_0195_child_1,0.850553,0.843446,parent_0195_child_1|parent_0194_child_1|parent_0150_child_14|parent_0195_child_2|parent_0150_child_13,parent_0194_child_1,0,0,0.0,1,1,1.0,1,1,1.0,1,1,1.0,1,1,1.0
e5-base-v2,Q077,test_suite,5,1,30.19,parent_0195_child_4,0.833937,0.833937,parent_0195_child_4|parent_0195_child_2|parent_0195_child_3|parent_0103_child_2|parent_0051_child_1,parent_0195_child_4|parent_0195_child_2|parent_0195_child_3|parent_0195_child_5,1,0,0.2,1,0,0.6,1,0,0.8,1,0,0.8,1,0,0.8
e5-base-v2,Q078,test_suite,5,1,30.32,parent_0195_child_4,0.863708,0.863708,parent_0195_child_4|parent_0051_child_1|parent_0039_child_1|parent_0188_child_1|parent_0229_child_5,parent_0195_child_4,1,0,0.2,1,0,0.2,1,0,0.2,1,0,0.6,1,0,0.8
e5-base-v2,Q079,test_suite,5,1,34.64,parent_0196_child_3,0.855163,0.855163,parent_0196_child_3|parent_0196_child_1|parent_0197_child_7|parent_0051_child_1|parent_0197_child_5,parent_0196_child_3|parent_0196_child_1|parent_0196_child_2,1,0,0.2,1,0,0.4,1,0,0.6,1,1,1.0,1,1,1.0
e5-base-v2,Q080,test_suite,5,1,30.65,parent_0196_child_3,0.844053,0.844053,parent_0196_child_3|parent_0075_child_3|parent_0151_child_7|parent_0197_child_7|parent_0051_child_1,parent_0196_child_3|parent_0196_child_1,1,0,0.2,1,0,0.2,1,0,0.4,1,0,0.6,1,1,1.0
e5-base-v2,Q081,test_suite,7,1,29.19,parent_0197_child_4,0.876481,0.876481,parent_0197_child_4|parent_0145_child_4|parent_0196_child_3|parent_0151_child_7|parent_0197_child_7,parent_0197_child_4|parent_0197_child_7|parent_0197_child_5|parent_0197_child_6,1,0,0.142857,1,0,0.285714,1,0,0.571429,1,1,1.0,1,1,1.0
e5-base-v2,Q082,test_suite,7,1,27.23,parent_0197_child_6,0.850758,0.850758,parent_0197_child_6|parent_0151_child_7|parent_0197_child_7|parent_0197_child_2|parent_0197_child_4,parent_0197_child_6|parent_0197_child_7|parent_0197_child_2|parent_0197_child_4|parent_0197_child_5,1,0,0.142857,1,0,0.571429,1,0,0.714286,1,0,0.714286,1,1,1.0
e5-base-v2,Q083,test_suite,12,4,31.05,parent_0052_child_1,0.851012,0.815079,parent_0052_child_1|parent_0198_child_2|parent_0051_child_1|parent_0197_child_5|parent_0196_child_3,parent_0197_child_5|parent_0196_child_3|parent_0197_child_7,0,0,0.0,1,0,0.166667,1,0,0.25,1,0,0.416667,1,0,0.916667
e5-base-v2,Q084,test_suite,17,1,27.77,parent_0150_child_13,0.864702,0.864702,parent_0150_child_13|parent_0150_child_14|parent_0194_child_1|parent_0151_child_14|parent_0037_child_1,parent_0150_child_13|parent_0150_child_14|parent_0150_child_17,1,0,0.058824,1,0,0.117647,1,0,0.176471,1,0,0.176471,1,0,0.588235
e5-base-v2,Q085,test_suite,3,1,27.94,parent_0164_child_2,0.849336,0.849336,parent_0164_child_2|parent_0177_child_3|parent_0169_child_1|parent_0168_child_2|parent_0169_child_5,parent_0164_child_2,1,0,0.333333,1,0,0.333333,1,0,0.333333,1,0,0.666667,1,0,0.666667
e5-base-v2,Q086,test_suite,3,1,26.62,parent_0164_child_3,0.861909,0.861909,parent_0164_child_3|parent_0165_child_1|parent_0174_child_1|parent_0135_child_7|parent_0174_child_2,parent_0164_child_3,1,0,0.333333,1,0,0.333333,1,0,0.333333,1,0,0.666667,1,0,0.666667
e5-base-v2,Q087,test_suite,5,12,21.68,parent_0168_child_2,0.83725,0.811138,parent_0168_child_2|parent_0169_child_1|parent_0168_child_3|parent_0171_child_4|parent_0313_child_1,,0,0,0.0,0,0,0.0,0,0,0.0,1,0,0.2,1,0,0.4
e5-base-v2,Q088,test_suite,4,1,25.97,parent_0171_child_4,0.834335,0.834335,parent_0171_child_4|parent_0172_child_1|parent_0172_child_2|parent_0044_child_1|parent_0043_child_1,parent_0171_child_4|parent_0171_child_3,1,0,0.25,1,0,0.25,1,0,0.5,1,0,0.5,1,0,0.75
e5-base-v2,Q089,test_suite,4,2,24.67,parent_0164_child_1,0.85939,0.847137,parent_0164_child_1|parent_0172_child_3|parent_0173_child_1|parent_0151_child_12|parent_0169_child_1,parent_0172_child_3|parent_0172_child_4,0,0,0.0,1,0,0.25,1,0,0.5,1,0,0.5,1,1,1.0
e5-base-v2,Q090,test_suite,3,5,25.72,parent_0136_child_1,0.822632,0.807598,parent_0136_child_1|parent_0175_child_2|parent_0169_child_4|parent_0176_child_5|parent_0164_child_2,parent_0164_child_2,0,0,0.0,1,0,0.333333,1,0,0.333333,1,0,0.333333,1,0,0.333333
e5-base-v2,Q091,test_suite,4,1,32.16,parent_0168_child_4,0.827313,0.827313,parent_0168_child_4|parent_0166_child_1|parent_0044_child_1|parent_0168_child_3|parent_0043_child_1,parent_0168_child_4|parent_0168_child_3,1,0,0.25,1,0,0.5,1,0,0.5,1,0,0.5,1,0,0.75
e5-base-v2,Q092,test_suite,5,1,37.01,parent_0169_child_1,0.829198,0.829198,parent_0169_child_1|parent_0161_child_4|parent_0113_child_1|parent_0112_child_1|parent_0161_child_3,parent_0169_child_1,1,0,0.2,1,0,0.2,1,0,0.2,1,0,0.2,1,0,0.4
e5-base-v2,Q093,test_suite,2,1,27.44,parent_0175_child_2,0.858144,0.858144,parent_0175_child_2|parent_0176_child_5|parent_0045_child_1|parent_0043_child_1|parent_0176_child_3,parent_0175_child_2,1,0,0.5,1,0,0.5,1,0,0.5,1,0,0.5,1,0,0.5
e5-base-v2,Q094,test_suite,2,2,30.9,parent_0176_child_2,0.850795,0.836309,parent_0176_child_2|parent_0175_child_2|parent_0167_child_1|parent_0168_child_2|parent_0169_child_1,parent_0175_child_2,0,0,0.0,1,0,0.5,1,0,0.5,1,0,0.5,1,0,0.5
e5-base-v2,Q095,test_suite,5,1,29.61,parent_0176_child_3,0.874979,0.874979,parent_0176_child_3|parent_0175_child_2|parent_0176_child_2|parent_0176_child_5|parent_0045_child_1,parent_0176_child_3|parent_0176_child_2|parent_0176_child_5,1,0,0.2,1,0,0.6,1,0,0.6,1,0,0.6,1,0,0.6
e5-base-v2,Q096,test_suite,1,1,29.32,parent_0179_child_1,0.89353,0.89353,parent_0179_child_1|parent_0045_child_1|parent_0112_child_1|parent_0169_child_1|parent_0048_child_1,parent_0179_child_1,1,1,1.0,1,1,1.0,1,1,1.0,1,1,1.0,1,1,1.0
e5-base-v2,Q097,test_suite,1,1,26.27,parent_0179_child_1,0.869256,0.869256,parent_0179_child_1|parent_0045_child_1|parent_0136_child_1|parent_0269_child_2|parent_0161_child_3,parent_0179_child_1,1,1,1.0,1,1,1.0,1,1,1.0,1,1,1.0,1,1,1.0
e5-base-v2,Q098,test_suite,4,5,28.58,parent_0036_child_1,0.846991,0.829608,parent_0036_child_1|parent_0197_child_7|parent_0061_child_1|parent_0146_child_6|parent_0145_child_2,parent_0145_child_2,0,0,0.0,1,0,0.25,1,0,0.25,1,0,0.25,1,0,0.75
e5-base-v2,Q099,test_suite,7,1,28.69,parent_0146_child_6,0.856478,0.856478,parent_0146_child_6|parent_0197_child_7|parent_0146_child_7|parent_0036_child_1|parent_0211_child_4,parent_0146_child_6|parent_0146_child_7,1,0,0.142857,1,0,0.285714,1,0,0.285714,1,0,0.285714,1,0,0.571429
e5-base-v2,Q100,test_suite,5,1,27.23,parent_0222_child_5,0.85583,0.85583,parent_0222_child_5|parent_0223_child_8|parent_0223_child_1|parent_0061_child_1|parent_0223_child_7,parent_0222_child_5,1,0,0.2,1,0,0.2,1,0,0.2,1,0,0.4,1,0,0.6
e5-base-v2,Q101,test_suite,1,5,31.48,parent_0229_child_2,0.858058,0.842289,parent_0229_child_2|parent_0061_child_1|parent_0229_child_5|parent_0229_child_1|parent_0228_child_1,parent_0228_child_1,0,0,0.0,1,1,1.0,1,1,1.0,1,1,1.0,1,1,1.0
e5-base-v2,Q102,test_suite,3,3,30.2,parent_0261_child_1,0.891844,0.867432,parent_0261_child_1|parent_0041_child_1|parent_0158_child_1|parent_0150_child_15|parent_0151_child_15,parent_0158_child_1|parent_0158_child_3,0,0,0.0,1,0,0.333333,1,0,0.666667,1,0,0.666667,1,1,1.0
e5-base-v2,Q103,test_suite,17,2,23.52,parent_0037_child_1,0.870976,0.862048,parent_0037_child_1|parent_0150_child_15|parent_0150_child_17|parent_0150_child_2|parent_0150_child_16,parent_0150_child_15|parent_0150_child_17|parent_0150_child_2|parent_0150_child_16|parent_0150_child_1|parent_0150_child_10,0,0,0.0,1,0,0.235294,1,0,0.352941,1,0,0.588235,1,1,1.0
e5-base-v2,Q104,test_suite,17,1,24.91,parent_0150_child_6,0.857523,0.857523,parent_0150_child_6|parent_0037_child_1|parent_0150_child_5|parent_0150_child_17|parent_0150_child_2,parent_0150_child_6|parent_0150_child_5|parent_0150_child_17|parent_0150_child_2|parent_0150_child_16|parent_0150_child_7|parent_0150_child_15,1,0,0.058824,1,0,0.235294,1,0,0.411765,1,0,0.529412,1,0,0.941176
e5-base-v2,Q105,test_suite,19,4,25.98,parent_0038_child_1,0.86881,0.831482,parent_0038_child_1|parent_0039_child_1|parent_0153_child_1|parent_0151_child_1|parent_0151_child_12,parent_0151_child_1|parent_0151_child_12|parent_0151_child_14|parent_0151_child_4|parent_0151_child_3|parent_0151_child_10,0,0,0.0,1,0,0.105263,1,0,0.315789,1,0,0.736842,1,1,1.0
e5-base-v2,Q106,test_suite,2,3,26.99,parent_0040_child_1,0.891332,0.861099,parent_0040_child_1|parent_0157_child_8|parent_0154_child_2|parent_0157_child_6|parent_0156_child_1,parent_0154_child_2|parent_0154_child_1,0,0,0.0,1,0,0.5,1,1,1.0,1,1,1.0,1,1,1.0
e5-base-v2,Q107,test_suite,9,1,23.43,parent_0198_child_4,0.861756,0.861756,parent_0198_child_4|parent_0052_child_1|parent_0198_child_7|parent_0199_child_2|parent_0116_child_5,parent_0198_child_4|parent_0198_child_7|parent_0198_child_8|parent_0198_child_6,1,0,0.111111,1,0,0.222222,1,0,0.444444,1,0,0.444444,1,0,0.666667
e5-base-v2,Q108,test_suite,9,2,28.02,parent_0052_child_1,0.854312,0.838898,parent_0052_child_1|parent_0198_child_7|parent_0198_child_4|parent_0198_child_8|parent_0261_child_1,parent_0198_child_7|parent_0198_child_4|parent_0198_child_8,0,0,0.0,1,0,0.333333,1,0,0.333333,1,0,0.444444,1,0,0.666667
e5-base-v2,Q109,test_suite,5,1,29.02,parent_0199_child_2,0.876586,0.876586,parent_0199_child_2|parent_0052_child_1|parent_0198_child_4|parent_0199_child_3|parent_0199_child_4,parent_0199_child_2|parent_0199_child_3|parent_0199_child_4,1,0,0.2,1,0,0.6,1,0,0.6,1,0,0.8,1,1,1.0
e5-base-v2,Q110,test_suite,2,3,117.61,parent_0332_child_1,0.860543,0.846314,parent_0332_child_1|parent_0222_child_1|parent_0221_child_2|parent_0061_child_1|parent_0331_child_1,parent_0221_child_2,0,0,0.0,1,0,0.5,1,0,0.5,1,0,0.5,1,1,1.0
e5-base-v2,Q111,test_suite,1,2,30.31,parent_0060_child_1,0.883233,0.861687,parent_0060_child_1|parent_0219_child_1|parent_0146_child_5|parent_0236_child_6|parent_0061_child_1,parent_0219_child_1,0,0,0.0,1,1,1.0,1,1,1.0,1,1,1.0,1,1,1.0
e5-base-v2,Q112,test_suite,2,2,26.12,parent_0004_child_1,0.833471,0.824269,parent_0004_child_1|parent_0070_child_1|parent_0153_child_1|parent_0197_child_3|parent_0183_child_3,parent_0070_child_1,0,0,0.0,1,0,0.5,1,0,0.5,1,1,1.0,1,1,1.0
e5-base-v2,Q113,test_suite,6,1,27.64,parent_0236_child_5,0.87237,0.87237,parent_0236_child_5|parent_0236_child_6|parent_0062_child_1|parent_0229_child_5|parent_0223_child_7,parent_0236_child_5|parent_0236_child_6,1,0,0.166667,1,0,0.333333,1,0,0.333333,1,0,0.333333,1,0,0.333333
e5-base-v2,Q114,test_suite,9,1,26.34,parent_0217_child_1,0.872943,0.872943,parent_0217_child_1|parent_0058_child_1|parent_0236_child_6|parent_0231_child_2|parent_0231_child_1,parent_0217_child_1,1,0,0.111111,1,0,0.111111,1,0,0.111111,1,0,0.222222,1,0,0.555556
e5-base-v2,Q115,test_suite,5,2,25.75,parent_0034_child_1,0.857424,0.800726,parent_0034_child_1|parent_0137_child_4|parent_0116_child_10|parent_0137_child_3|parent_0030_child_1,parent_0137_child_4|parent_0137_child_3|parent_0137_child_2,0,0,0.0,1,0,0.4,1,0,0.6,1,0,0.6,1,0,0.8
e5-base-v2,Q116,test_suite,2,1,30.05,parent_0148_child_1,0.875452,0.875452,parent_0148_child_1|parent_0149_child_1|parent_0150_child_15|parent_0036_child_1|parent_0151_child_15,parent_0148_child_1,1,0,0.5,1,0,0.5,1,0,0.5,1,0,0.5,1,1,1.0
e5-base-v2,Q117,test_suite,3,2,26.94,parent_0053_child_1,0.857928,0.842145,parent_0053_child_1|parent_0203_child_1|parent_0203_child_3|parent_0054_child_1|parent_0204_child_1,parent_0203_child_1|parent_0203_child_3|parent_0203_child_2,0,0,0.0,1,0,0.666667,1,1,1.0,1,1,1.0,1,1,1.0
e5-base-v2,Q118,test_suite,9,1,25.93,parent_0217_child_6,0.843467,0.843467,parent_0217_child_6|parent_0058_child_1|parent_0229_child_5|parent_0188_child_1|parent_0117_child_13,parent_0217_child_6,1,0,0.111111,1,0,0.111111,1,0,0.111111,1,0,0.111111,1,0,0.444444
e5-base-v2,Q119,test_suite,18,1,30.44,parent_0122_child_4,0.863497,0.863497,parent_0122_child_4|parent_0097_child_13|parent_0217_child_2|parent_0098_child_1|parent_0212_child_1,parent_0122_child_4|parent_0097_child_13|parent_0122_child_5,1,0,0.055556,1,0,0.111111,1,0,0.166667,1,0,0.222222,1,0,0.333333
e5-base-v2,Q120,test_suite,4,2,24.23,parent_0007_child_1,0.847396,0.833884,parent_0007_child_1|parent_0074_child_1|parent_0076_child_2|parent_0015_child_1|parent_0076_child_1,parent_0074_child_1|parent_0076_child_2|parent_0076_child_1,0,0,0.0,1,0,0.75,1,0,0.75,1,0,0.75,1,1,1.0
e5-base-v2,Q121,test_suite,9,1,26.18,parent_0141_child_2,0.841596,0.841596,parent_0141_child_2|parent_0013_child_1|parent_0089_child_1|parent_0141_child_1|parent_0117_child_7,parent_0141_child_2|parent_0089_child_1|parent_0141_child_1|parent_0141_child_3,1,0,0.111111,1,0,0.333333,1,0,0.444444,1,0,0.666667,1,0,0.888889
e5-base-v2,Q122,test_suite,7,1,23.56,parent_0098_child_2,0.841606,0.841606,parent_0098_child_2|parent_0123_child_2|parent_0030_child_1|parent_0127_child_3|parent_0126_child_1,parent_0098_child_2|parent_0123_child_2|parent_0098_child_3,1,0,0.142857,1,0,0.285714,1,0,0.428571,1,0,0.571429,1,1,1.0
e5-base-v2,Q123,test_suite,2,2,26.43,parent_0060_child_1,0.842105,0.829231,parent_0060_child_1|parent_0219_child_1|parent_0146_child_5|parent_0218_child_11|parent_0158_child_3,parent_0219_child_1,0,0,0.0,1,0,0.5,1,0,0.5,1,0,0.5,1,1,1.0
e5-base-v2,Q124,test_suite,4,2,27.1,parent_0047_child_1,0.855433,0.85019,parent_0047_child_1|parent_0183_child_4|parent_0183_child_1|parent_0183_child_3|parent_0046_child_1,parent_0183_child_4|parent_0183_child_1|parent_0183_child_3|parent_0183_child_2,0,0,0.0,1,0,0.75,1,1,1.0,1,1,1.0,1,1,1.0
e5-base-v2,Q125,test_suite,21,3,27.76,parent_0035_child_1,0.871746,0.85475,parent_0035_child_1|parent_0142_child_7|parent_0139_child_1|parent_0139_child_5|parent_0034_child_1,parent_0139_child_1|parent_0139_child_5|parent_0116_child_6|parent_0116_child_1|parent_0139_child_7,0,0,0.0,1,0,0.095238,1,0,0.238095,1,0,0.333333,1,0,0.904762
e5-base-v2,Q126,test_suite,18,1,29.74,parent_0194_child_1,0.862134,0.862134,parent_0194_child_1|parent_0150_child_13|parent_0037_child_1|parent_0150_child_14|parent_0039_child_1,parent_0194_child_1|parent_0150_child_13|parent_0150_child_14|parent_0150_child_17,1,0,0.055556,1,0,0.166667,1,0,0.222222,1,0,0.222222,1,0,0.444444
e5-base-v2,Q127,test_suite,13,2,29.02,parent_0057_child_1,0.854179,0.848606,parent_0057_child_1|parent_0215_child_1|parent_0211_child_4|parent_0215_child_6|parent_0215_child_7,parent_0215_child_1|parent_0211_child_4|parent_0215_child_6|parent_0215_child_7|parent_0215_child_8|parent_0209_child_1,0,0,0.0,1,0,0.307692,1,0,0.461538,1,0,0.846154,1,1,1.0
e5-base-v2,Q128,test_suite,4,1,27.66,parent_0088_child_2,0.852297,0.852297,parent_0088_child_2|parent_0075_child_1|parent_0087_child_1|parent_0088_child_3|parent_0006_child_1,parent_0088_child_2|parent_0088_child_3|parent_0088_child_1,1,0,0.25,1,0,0.5,1,0,0.75,1,0,0.75,1,1,1.0
e5-base-v2,Q130,test_suite,1,7,28.67,parent_0088_child_3,0.822956,0.796167,parent_0088_child_3|parent_0062_child_1|parent_0218_child_12|parent_0048_child_1|parent_0106_child_10,parent_0012_child_1,0,0,0.0,0,0,0.0,1,1,1.0,1,1,1.0,1,1,1.0
e5-base-v2,Q131,test_suite,1,3,26.57,parent_0088_child_3,0.816258,0.811589,parent_0088_child_3|parent_0089_child_2|parent_0013_child_1|parent_0062_child_1|parent_0183_child_4,parent_0013_child_1,0,0,0.0,1,1,1.0,1,1,1.0,1,1,1.0,1,1,1.0
e5-base-v2,Q135,test_suite,1,25,24.82,parent_0183_child_4,0.814643,0.789788,parent_0183_child_4|parent_0056_child_1|parent_0052_child_1|parent_0048_child_1|parent_0195_child_5,,0,0,0.0,0,0,0.0,0,0,0.0,0,0,0.0,1,1,1.0
e5-base-v2,Q136,test_suite,1,201,22.12,parent_0161_child_1,0.80798,0.766011,parent_0161_child_1|parent_0218_child_12|parent_0106_child_10|parent_0236_child_4|parent_0236_child_3,,0,0,0.0,0,0,0.0,0,0,0.0,0,0,0.0,0,0,0.0
e5-base-v2,Q137,test_suite,1,129,25.05,parent_0218_child_12,0.808332,0.770247,parent_0218_child_12|parent_0183_child_4|parent_0048_child_1|parent_0315_child_1|parent_0178_child_1,,0,0,0.0,0,0,0.0,0,0,0.0,0,0,0.0,0,0,0.0
e5-base-v2,Q141,test_suite,2,2,26.58,parent_0048_child_1,0.82124,0.817698,parent_0048_child_1|parent_0185_child_1|parent_0192_child_1|parent_0185_child_2|parent_0187_child_1,parent_0185_child_1|parent_0185_child_2,0,0,0.0,1,1,1.0,1,1,1.0,1,1,1.0,1,1,1.0
e5-base-v2,Q142,test_suite,2,1,27.12,parent_0185_child_2,0.80679,0.80679,parent_0185_child_2|parent_0223_child_2|parent_0081_child_1|parent_0088_child_2|parent_0118_child_1,parent_0185_child_2,1,0,0.5,1,0,0.5,1,0,0.5,1,0,0.5,1,0,0.5
e5-base-v2,Q143,test_suite,5,51,25.07,parent_0088_child_2,0.816804,0.7679,parent_0088_child_2|parent_0048_child_1|parent_0088_child_3|parent_0075_child_1|parent_0269_child_2,,0,0,0.0,0,0,0.0,0,0,0.0,0,0,0.0,1,0,0.2
e5-base-v2,Q144,test_suite,2,1,29.77,parent_0186_child_1,0.869469,0.869469,parent_0186_child_1|parent_0189_child_1|parent_0048_child_1|parent_0186_child_2|parent_0192_child_8,parent_0186_child_1|parent_0186_child_2,1,0,0.5,1,1,1.0,1,1,1.0,1,1,1.0,1,1,1.0
e5-base-v2,Q145,test_suite,1,3,29.87,parent_0049_child_1,0.85804,0.843635,parent_0049_child_1|parent_0192_child_8|parent_0190_child_1|parent_0192_child_10|parent_0236_child_1,parent_0190_child_1,0,0,0.0,1,1,1.0,1,1,1.0,1,1,1.0,1,1,1.0
e5-base-v2,Q146,test_suite,1,8,28.27,parent_0236_child_1,0.858321,0.83063,parent_0236_child_1|parent_0049_child_1|parent_0191_child_1|parent_0191_child_2|parent_0192_child_4,parent_0190_child_1,0,0,0.0,0,0,0.0,1,1,1.0,1,1,1.0,1,1,1.0
e5-base-v2,Q147,test_suite,10,2,27.04,parent_0049_child_1,0.864582,0.84965,parent_0049_child_1|parent_0192_child_1|parent_0191_child_2|parent_0236_child_1|parent_0192_child_8,parent_0192_child_1|parent_0192_child_8|parent_0192_child_4|parent_0192_child_2,0,0,0.0,1,0,0.2,1,0,0.4,1,0,0.9,1,1,1.0
e5-base-v2,Q148,test_suite,10,1,25.99,parent_0192_child_8,0.863276,0.863276,parent_0192_child_8|parent_0049_child_1|parent_0192_child_10|parent_0192_child_9|parent_0190_child_1,parent_0192_child_8|parent_0192_child_10|parent_0192_child_9|parent_0192_child_7|parent_0192_child_4|parent_0192_child_2|parent_0192_child_3,1,0,0.1,1,0,0.3,1,0,0.7,1,0,0.9,1,1,1.0
e5-base-v2,Q149,test_suite,6,2,27.97,parent_0050_child_1,0.866673,0.863655,parent_0050_child_1|parent_0193_child_1|parent_0193_child_2|parent_0227_child_2|parent_0225_child_2,parent_0193_child_1|parent_0193_child_2|parent_0193_child_3|parent_0193_child_4|parent_0193_child_5,0,0,0.0,1,0,0.333333,1,0,0.833333,1,0,0.833333,1,1,1.0
e5-base-v2,Q150,test_suite,6,1,32.61,parent_0193_child_3,0.849162,0.849162,parent_0193_child_3|parent_0050_child_1|parent_0193_child_1|parent_0193_child_4|parent_0193_child_2,parent_0193_child_3|parent_0193_child_1|parent_0193_child_4|parent_0193_child_2|parent_0193_child_5,1,0,0.166667,1,0,0.666667,1,0,0.833333,1,1,1.0,1,1,1.0
e5-base-v2,Q151,test_suite,5,5,34.48,parent_0160_child_2,0.854489,0.827005,parent_0160_child_2|parent_0042_child_1|parent_0030_child_1|parent_0160_child_4|parent_0159_child_1,parent_0159_child_1|parent_0159_child_2|parent_0159_child_4,0,0,0.0,1,0,0.2,1,0,0.6,1,0,0.8,1,1,1.0
e5-base-v2,Q152,test_suite,5,1,31.53,parent_0159_child_4,0.847254,0.847254,parent_0159_child_4|parent_0159_child_3|parent_0159_child_2|parent_0042_child_1|parent_0236_child_6,parent_0159_child_4|parent_0159_child_3|parent_0159_child_2|parent_0159_child_1,1,0,0.2,1,0,0.6,1,0,0.8,1,1,1.0,1,1,1.0
e5-base-v2,Q153,test_suite,5,2,125.99,parent_0160_child_2,0.835267,0.832068,parent_0160_child_2|parent_0159_child_4|parent_0160_child_1|parent_0042_child_1|parent_0158_child_3,parent_0159_child_4|parent_0159_child_1|parent_0159_child_2,0,0,0.0,1,0,0.2,1,0,0.6,1,0,0.6,1,0,0.8
e5-base-v2,Q154,test_suite,6,1,26.71,parent_0160_child_1,0.845692,0.845692,parent_0160_child_1|parent_0215_child_1|parent_0211_child_4|parent_0160_child_2|parent_0209_child_1,parent_0160_child_1|parent_0160_child_2,1,0,0.166667,1,0,0.333333,1,0,0.333333,1,0,0.333333,1,0,0.833333
e5-base-v2,Q155,test_suite,6,1,25.02,parent_0160_child_2,0.846746,0.846746,parent_0160_child_2|parent_0160_child_4|parent_0221_child_2|parent_0042_child_1|parent_0089_child_2,parent_0160_child_2|parent_0160_child_4|parent_0160_child_5|parent_0160_child_6|parent_0160_child_1,1,0,0.166667,1,0,0.333333,1,0,0.833333,1,0,0.833333,1,0,0.833333
e5-base-v2,Q156,test_suite,6,1,29.98,parent_0160_child_4,0.836797,0.836797,parent_0160_child_4|parent_0160_child_2|parent_0236_child_6|parent_0089_child_2|parent_0160_child_1,parent_0160_child_4|parent_0160_child_2|parent_0160_child_1,1,0,0.166667,1,0,0.5,1,0,0.5,1,0,0.5,1,0,0.833333
e5-base-v2,Q157,test_suite,6,1,30.25,parent_0160_child_2,0.858143,0.858143,parent_0160_child_2|parent_0042_child_1|parent_0161_child_4|parent_0161_child_1|parent_0195_child_3,parent_0160_child_2|parent_0160_child_1|parent_0160_child_4|parent_0160_child_6,1,0,0.166667,1,0,0.166667,1,0,0.666667,1,0,0.833333,1,0,0.833333
e5-base-v2,Q158,test_suite,5,1,30.07,parent_0159_child_4,0.837538,0.837538,parent_0159_child_4|parent_0160_child_2|parent_0160_child_1|parent_0039_child_1|parent_0088_child_2,parent_0159_child_4,1,0,0.2,1,0,0.2,1,0,0.2,1,0,0.4,1,0,0.8
e5-base-v2,Q159,test_suite,6,1,28.14,parent_0161_child_1,0.860546,0.860546,parent_0161_child_1|parent_0160_child_2|parent_0160_child_6|parent_0161_child_4|parent_0042_child_1,parent_0161_child_1|parent_0161_child_4|parent_0161_child_6|parent_0161_child_5,1,0,0.166667,1,0,0.333333,1,0,0.666667,1,0,0.666667,1,0,0.833333
e5-base-v2,Q160,test_suite,6,1,25.99,parent_0161_child_1,0.855554,0.855554,parent_0161_child_1|parent_0161_child_4|parent_0160_child_2|parent_0161_child_5|parent_0043_child_1,parent_0161_child_1|parent_0161_child_4|parent_0161_child_5|parent_0161_child_3,1,0,0.166667,1,0,0.5,1,0,0.666667,1,0,0.833333,1,0,0.833333
e5-base-v2,Q161,test_suite,6,1,27.23,parent_0161_child_4,0.874138,0.874138,parent_0161_child_4|parent_0161_child_1|parent_0042_child_1|parent_0160_child_2|parent_0161_child_5,parent_0161_child_4|parent_0161_child_1|parent_0161_child_5,1,0,0.166667,1,0,0.5,1,0,0.5,1,0,0.833333,1,1,1.0
e5-base-v2,Q162,test_suite,6,1,30.63,parent_0161_child_5,0.870368,0.870368,parent_0161_child_5|parent_0161_child_4|parent_0161_child_1|parent_0043_child_1|parent_0161_child_3,parent_0161_child_5|parent_0161_child_4|parent_0161_child_1|parent_0161_child_3|parent_0161_child_6,1,0,0.166667,1,0,0.666667,1,0,0.833333,1,0,0.833333,1,1,1.0
e5-base-v2,Q163,test_suite,1,1,26.56,parent_0162_child_1,0.874057,0.874057,parent_0162_child_1|parent_0043_child_1|parent_0217_child_6|parent_0229_child_5|parent_0284_child_2,parent_0162_child_1,1,1,1.0,1,1,1.0,1,1,1.0,1,1,1.0,1,1,1.0
e5-base-v2,Q164,test_suite,1,1,26.06,parent_0163_child_1,0.820154,0.820154,parent_0163_child_1|parent_0222_child_1|parent_0223_child_3|parent_0160_child_6|parent_0268_child_3,parent_0163_child_1,1,1,1.0,1,1,1.0,1,1,1.0,1,1,1.0,1,1,1.0
e5-base-v2,Q165,test_suite,1,4,22.75,parent_0214_child_2,0.865683,0.858894,parent_0214_child_2|parent_0057_child_1|parent_0215_child_1|parent_0209_child_1|parent_0215_child_2,parent_0209_child_1,0,0,0.0,1,1,1.0,1,1,1.0,1,1,1.0,1,1,1.0
e5-base-v2,Q166,test_suite,4,6,25.3,parent_0057_child_1,0.868857,0.843352,parent_0057_child_1|parent_0215_child_7|parent_0214_child_2|parent_0209_child_1|parent_0215_child_2,parent_0211_child_2|parent_0211_child_4,0,0,0.0,0,0,0.0,1,0,0.5,1,1,1.0,1,1,1.0
e5-base-v2,Q167,test_suite,4,1,24.15,parent_0211_child_4,0.834396,0.834396,parent_0211_child_4|parent_0146_child_6|parent_0057_child_1|parent_0214_child_3|parent_0215_child_1,parent_0211_child_4,1,0,0.25,1,0,0.25,1,0,0.25,1,0,0.75,1,1,1.0
e5-base-v2,Q168,test_suite,8,1,26.65,parent_0215_child_2,0.872375,0.872375,parent_0215_child_2|parent_0057_child_1|parent_0215_child_4|parent_0215_child_1|parent_0215_child_7,parent_0215_child_2|parent_0215_child_4|parent_0215_child_1|parent_0215_child_7|parent_0215_child_5,1,0,0.125,1,0,0.5,1,0,0.625,1,0,0.875,1,1,1.0
e5-base-v2,Q169,test_suite,8,2,27.22,parent_0057_child_1,0.841261,0.836162,parent_0057_child_1|parent_0215_child_2|parent_0215_child_4|parent_0088_child_2|parent_0087_child_1,parent_0215_child_2|parent_0215_child_4|parent_0215_child_1|parent_0215_child_7,0,0,0.0,1,0,0.25,1,0,0.5,1,0,0.75,1,1,1.0
e5-base-v2,Q170,test_suite,8,1,27.48,parent_0215_child_8,0.866443,0.866443,parent_0215_child_8|parent_0057_child_1|parent_0215_child_1|parent_0211_child_4|parent_0215_child_6,parent_0215_child_8|parent_0215_child_1|parent_0215_child_6|parent_0215_child_7,1,0,0.125,1,0,0.375,1,0,0.5,1,0,0.75,1,1,1.0
e5-base-v2,Q171,test_suite,4,1,25.23,parent_0183_child_1,0.846778,0.846778,parent_0183_child_1|parent_0047_child_1|parent_0183_child_3|parent_0183_child_4|parent_0183_child_2,parent_0183_child_1|parent_0183_child_3|parent_0183_child_4|parent_0183_child_2,1,0,0.25,1,1,1.0,1,1,1.0,1,1,1.0,1,1,1.0
e5-base-v2,Q172,test_suite,4,1,23.7,parent_0183_child_1,0.859095,0.859095,parent_0183_child_1|parent_0047_child_1|parent_0183_child_4|parent_0183_child_3|parent_0284_child_2,parent_0183_child_1|parent_0183_child_4|parent_0183_child_3|parent_0183_child_2,1,0,0.25,1,0,0.75,1,1,1.0,1,1,1.0,1,1,1.0
e5-base-v2,Q173,test_suite,4,1,27.55,parent_0183_child_1,0.869732,0.869732,parent_0183_child_1|parent_0047_child_1|parent_0183_child_4|parent_0183_child_3|parent_0193_child_4,parent_0183_child_1|parent_0183_child_4|parent_0183_child_3|parent_0183_child_2,1,0,0.25,1,0,0.75,1,1,1.0,1,1,1.0,1,1,1.0
e5-base-v2,Q174,test_suite,4,1,26.22,parent_0183_child_1,0.858727,0.858727,parent_0183_child_1|parent_0047_child_1|parent_0183_child_4|parent_0183_child_2|parent_0183_child_3,parent_0183_child_1|parent_0183_child_4|parent_0183_child_2|parent_0183_child_3,1,0,0.25,1,1,1.0,1,1,1.0,1,1,1.0,1,1,1.0
e5-base-v2,Q175,test_suite,4,1,26.87,parent_0183_child_3,0.833138,0.833138,parent_0183_child_3|parent_0183_child_1|parent_0047_child_1|parent_0012_child_1|parent_0088_child_2,parent_0183_child_3|parent_0183_child_1|parent_0183_child_4,1,0,0.25,1,0,0.5,1,0,0.75,1,0,0.75,1,1,1.0
e5-base-v2,Q176,test_suite,5,1,28.2,parent_0182_child_5,0.875082,0.875082,parent_0182_child_5|parent_0046_child_1|parent_0087_child_2|parent_0011_child_1|parent_0269_child_2,parent_0182_child_5,1,0,0.2,1,0,0.2,1,0,0.2,1,0,0.6,1,0,0.8
e5-base-v2,Q178,test_suite,5,5,28.11,parent_0183_child_4,0.853479,0.826838,parent_0183_child_4|parent_0047_child_1|parent_0183_child_1|parent_0183_child_3|parent_0182_child_2,parent_0182_child_2,0,0,0.0,1,0,0.2,1,0,0.2,1,0,0.4,1,0,0.8
e5-base-v2,Q179,test_suite,5,1,27.12,parent_0182_child_3,0.828493,0.828493,parent_0182_child_3|parent_0048_child_1|parent_0169_child_1|parent_0046_child_1|parent_0183_child_3,parent_0182_child_3,1,0,0.2,1,0,0.2,1,0,0.2,1,0,0.4,1,1,1.0
e5-base-v2,Q180,test_suite,5,1,25.81,parent_0182_child_3,0.846178,0.846178,parent_0182_child_3|parent_0182_child_5|parent_0180_child_1|parent_0177_child_1|parent_0269_child_2,parent_0182_child_3|parent_0182_child_5,1,0,0.2,1,0,0.4,1,0,0.4,1,0,0.4,1,1,1.0
e5-base-v2,Q181,test_suite,3,2,26.53,parent_0053_child_1,0.857928,0.842145,parent_0053_child_1|parent_0203_child_1|parent_0203_child_3|parent_0054_child_1|parent_0204_child_1,parent_0203_child_1|parent_0203_child_3|parent_0203_child_2,0,0,0.0,1,0,0.666667,1,1,1.0,1,1,1.0,1,1,1.0
e5-base-v2,Q182,test_suite,3,2,27.26,parent_0053_child_1,0.858977,0.836115,parent_0053_child_1|parent_0203_child_3|parent_0204_child_1|parent_0054_child_1|parent_0208_child_1,parent_0203_child_3|parent_0203_child_2,0,0,0.0,1,0,0.333333,1,0,0.666667,1,1,1.0,1,1,1.0
e5-base-v2,Q183,test_suite,1,1,22.53,parent_0204_child_1,0.851629,0.851629,parent_0204_child_1|parent_0054_child_1|parent_0206_child_2|parent_0137_child_3|parent_0205_child_1,parent_0204_child_1,1,1,1.0,1,1,1.0,1,1,1.0,1,1,1.0,1,1,1.0
e5-base-v2,Q184,test_suite,2,1,27.05,parent_0206_child_1,0.881768,0.881768,parent_0206_child_1|parent_0055_child_1|parent_0205_child_1|parent_0206_child_2|parent_0114_child_3,parent_0206_child_1|parent_0206_child_2,1,0,0.5,1,1,1.0,1,1,1.0,1,1,1.0,1,1,1.0
e5-base-v2,Q185,test_suite,1,1,24.7,parent_0208_child_1,0.892033,0.892033,parent_0208_child_1|parent_0056_child_1|parent_0207_child_1|parent_0052_child_1|parent_0206_child_2,parent_0208_child_1,1,1,1.0,1,1,1.0,1,1,1.0,1,1,1.0,1,1,1.0
e5-base-v2,Q186,test_suite,1,1,25.74,parent_0071_child_1,0.856014,0.856014,parent_0071_child_1|parent_0005_child_1|parent_0072_child_2|parent_0072_child_1|parent_0197_child_6,parent_0071_child_1,1,1,1.0,1,1,1.0,1,1,1.0,1,1,1.0,1,1,1.0
e5-base-v2,Q188,test_suite,3,1,28.12,parent_0072_child_2,0.833403,0.833403,parent_0072_child_2|parent_0005_child_1|parent_0071_child_1|parent_0106_child_12|parent_0072_child_1,parent_0072_child_2|parent_0072_child_1|parent_0072_child_3,1,0,0.333333,1,0,0.666667,1,1,1.0,1,1,1.0,1,1,1.0
e5-base-v2,Q189,test_suite,3,1,25.13,parent_0072_child_3,0.870757,0.870757,parent_0072_child_3|parent_0005_child_1|parent_0116_child_6|parent_0072_child_2|parent_0197_child_6,parent_0072_child_3|parent_0072_child_2|parent_0072_child_1,1,0,0.333333,1,0,0.666667,1,1,1.0,1,1,1.0,1,1,1.0
e5-base-v2,Q190,test_suite,4,8,26.63,parent_0036_child_1,0.894238,0.858146,parent_0036_child_1|parent_0146_child_6|parent_0148_child_1|parent_0146_child_7|parent_0151_child_15,parent_0145_child_1|parent_0145_child_2,0,0,0.0,0,0,0.0,1,0,0.5,1,0,0.5,1,1,1.0
e5-base-v2,Q191,test_suite,1,1,29.82,parent_0036_child_1,0.879594,0.879594,parent_0036_child_1|parent_0148_child_1|parent_0146_child_6|parent_0147_child_2|parent_0145_child_2,parent_0036_child_1,1,1,1.0,1,1,1.0,1,1,1.0,1,1,1.0,1,1,1.0
e5-base-v2,Q192,test_suite,2,1,25.63,parent_0147_child_1,0.861493,0.861493,parent_0147_child_1|parent_0147_child_2|parent_0036_child_1|parent_0146_child_7|parent_0146_child_6,parent_0147_child_1|parent_0147_child_2,1,0,0.5,1,1,1.0,1,1,1.0,1,1,1.0,1,1,1.0
e5-base-v2,Q193,test_suite,3,1,113.45,parent_0149_child_2,0.854933,0.854933,parent_0149_child_2|parent_0161_child_6|parent_0036_child_1|parent_0146_child_6|parent_0035_child_1,parent_0149_child_2|parent_0149_child_3,1,0,0.333333,1,0,0.333333,1,0,0.666667,1,0,0.666667,1,1,1.0
e5-base-v2,Q194,test_suite,17,2,24.8,parent_0037_child_1,0.87825,0.865665,parent_0037_child_1|parent_0150_child_2|parent_0150_child_17|parent_0039_child_1|parent_0150_child_16,parent_0150_child_2|parent_0150_child_17|parent_0150_child_16|parent_0150_child_1,0,0,0.0,1,0,0.176471,1,0,0.235294,1,0,0.294118,1,0,0.470588
e5-base-v2,Q195,test_suite,17,2,24.73,parent_0037_child_1,0.880706,0.872303,parent_0037_child_1|parent_0150_child_17|parent_0150_child_2|parent_0150_child_15|parent_0150_child_7,parent_0150_child_17|parent_0150_child_2|parent_0150_child_15|parent_0150_child_7|parent_0150_child_8|parent_0150_child_9|parent_0150_child_10|parent_0150_child_1,0,0,0.0,1,0,0.235294,1,0,0.470588,1,0,0.705882,1,0,0.764706
e5-base-v2,Q196,test_suite,17,2,28.27,parent_0037_child_1,0.889677,0.871623,parent_0037_child_1|parent_0150_child_9|parent_0150_child_10|parent_0150_child_17|parent_0150_child_2,parent_0150_child_9|parent_0150_child_10|parent_0150_child_17|parent_0150_child_2|parent_0150_child_16|parent_0150_child_15,0,0,0.0,1,0,0.235294,1,0,0.352941,1,0,0.529412,1,1,1.0
e5-base-v2,Q197,test_suite,17,2,26.74,parent_0037_child_1,0.889592,0.877433,parent_0037_child_1|parent_0150_child_2|parent_0150_child_17|parent_0150_child_15|parent_0150_child_10,parent_0150_child_2|parent_0150_child_17|parent_0150_child_15|parent_0150_child_10|parent_0150_child_16|parent_0150_child_1|parent_0150_child_13,0,0,0.0,1,0,0.235294,1,0,0.411765,1,0,0.705882,1,1,1.0
e5-base-v2,Q198,test_suite,17,3,25.05,parent_0037_child_1,0.876576,0.843949,parent_0037_child_1|parent_0151_child_12|parent_0150_child_11|parent_0150_child_13|parent_0150_child_17,parent_0150_child_11|parent_0150_child_13|parent_0150_child_17|parent_0150_child_12|parent_0150_child_2|parent_0150_child_15,0,0,0.0,1,0,0.176471,1,0,0.352941,1,0,0.529412,1,0,0.941176
e5-base-v2,Q199,test_suite,17,2,28.11,parent_0037_child_1,0.866984,0.865706,parent_0037_child_1|parent_0150_child_17|parent_0039_child_1|parent_0153_child_1|parent_0195_child_4,parent_0150_child_17|parent_0150_child_15|parent_0150_child_13|parent_0150_child_2,0,0,0.0,1,0,0.058824,1,0,0.235294,1,0,0.470588,1,0,0.823529
e5-base-v2,Q200,test_suite,19,2,25.38,parent_0153_child_1,0.855522,0.855363,parent_0153_child_1|parent_0151_child_8|parent_0038_child_1|parent_0039_child_1|parent_0151_child_12,parent_0151_child_8|parent_0151_child_12|parent_0151_child_1|parent_0151_child_10|parent_0151_child_9|parent_0151_child_15,0,0,0.0,1,0,0.105263,1,0,0.315789,1,0,0.473684,1,0,0.789474
e5-base-v2,Q001_v2,test_suite,2,2,30.62,parent_0004_child_1,0.847089,0.843145,parent_0004_child_1|parent_0069_child_1|parent_0061_child_1|parent_0197_child_1|parent_0160_child_6,parent_0069_child_1,0,0,0.0,1,0,0.5,1,0,0.5,1,1,1.0,1,1,1.0
e5-base-v2,Q003_v2,test_suite,1,6,37.95,parent_0146_child_5,0.841117,0.830618,parent_0146_child_5|parent_0218_child_11|parent_0061_child_1|parent_0060_child_1|parent_0158_child_3,parent_0070_child_1,0,0,0.0,0,0,0.0,1,1,1.0,1,1,1.0,1,1,1.0
e5-base-v2,Q004_v2,test_suite,1,88,32.25,parent_0301_child_1,0.888038,0.785118,parent_0301_child_1|parent_0312_child_1|parent_0315_child_1|parent_0300_child_1|parent_0330_child_16,,0,0,0.0,0,0,0.0,0,0,0.0,0,0,0.0,1,1,1.0
e5-base-v2,Q006_v2,test_suite,1,2,31.12,parent_0004_child_1,0.836823,0.827266,parent_0004_child_1|parent_0069_child_1|parent_0070_child_1|parent_0145_child_2|parent_0218_child_10,parent_0069_child_1,0,0,0.0,1,1,1.0,1,1,1.0,1,1,1.0,1,1,1.0
e5-base-v2,Q007_v2,test_suite,1,465,31.46,parent_0265_child_1,0.807352,0.73712,parent_0265_child_1|parent_0198_child_9|parent_0137_child_5|parent_0224_child_1|parent_0222_child_4,,0,0,0.0,0,0,0.0,0,0,0.0,0,0,0.0,0,0,0.0
e5-base-v2,Q008_v2,test_suite,1,4,35.85,parent_0160_child_5,0.827318,0.825172,parent_0160_child_5|parent_0126_child_8|parent_0146_child_1|parent_0070_child_1|parent_0146_child_5,parent_0070_child_1,0,0,0.0,1,1,1.0,1,1,1.0,1,1,1.0,1,1,1.0
e5-base-v2,Q009_v2,test_suite,1,563,25.97,parent_0160_child_5,0.821776,0.738454,parent_0160_child_5|parent_0223_child_2|parent_0222_child_3|parent_0229_child_5|parent_0233_child_3,,0,0,0.0,0,0,0.0,0,0,0.0,0,0,0.0,0,0,0.0
e5-base-v2,Q010_v2,test_suite,1,7,29.27,parent_0158_child_3,0.830867,0.814092,parent_0158_child_3|parent_0065_child_1|parent_0281_child_4|parent_0269_child_2|parent_0146_child_5,parent_0070_child_1,0,0,0.0,0,0,0.0,1,1,1.0,1,1,1.0,1,1,1.0
e5-base-v2,Q011_v2,test_suite,1,1,28.77,parent_0071_child_1,0.827212,0.827212,parent_0071_child_1|parent_0072_child_1|parent_0240_child_1|parent_0239_child_1|parent_0217_child_8,parent_0071_child_1,1,1,1.0,1,1,1.0,1,1,1.0,1,1,1.0,1,1,1.0
e5-base-v2,Q013_v2,test_suite,3,1,26.01,parent_0072_child_2,0.834651,0.834651,parent_0072_child_2|parent_0072_child_1|parent_0106_child_12|parent_0005_child_1|parent_0132_child_2,parent_0072_child_2|parent_0072_child_1,1,0,0.333333,1,0,0.666667,1,0,0.666667,1,0,0.666667,1,1,1.0
e5-base-v2,Q014_v2,test_suite,3,1,31.55,parent_0072_child_3,0.832629,0.832629,parent_0072_child_3|parent_0103_child_7|parent_0005_child_1|parent_0081_child_1|parent_0197_child_6,parent_0072_child_3|parent_0072_child_2,1,0,0.333333,1,0,0.333333,1,0,0.666667,1,0,0.666667,1,1,1.0
e5-base-v2,Q015_v2,test_suite,3,1,32.28,parent_0072_child_3,0.863358,0.863358,parent_0072_child_3|parent_0005_child_1|parent_0116_child_6|parent_0081_child_1|parent_0106_child_6,parent_0072_child_3,1,0,0.333333,1,0,0.333333,1,0,0.333333,1,0,0.666667,1,1,1.0
e5-base-v2,Q017_v2,test_suite,3,1,33.84,parent_0072_child_2,0.847526,0.847526,parent_0072_child_2|parent_0005_child_1|parent_0072_child_1|parent_0071_child_1|parent_0211_child_1,parent_0072_child_2|parent_0072_child_1,1,0,0.333333,1,0,0.666667,1,0,0.666667,1,0,0.666667,1,1,1.0
e5-base-v2,Q018_v2,test_suite,3,2,29.93,parent_0071_child_1,0.815034,0.813242,parent_0071_child_1|parent_0072_child_2|parent_0072_child_1|parent_0077_child_1|parent_0005_child_1,parent_0072_child_2|parent_0072_child_1,0,0,0.0,1,0,0.666667,1,0,0.666667,1,0,0.666667,1,1,1.0
e5-base-v2,Q019_v2,test_suite,1,3,33.48,parent_0072_child_1,0.822644,0.779544,parent_0072_child_1|parent_0005_child_1|parent_0071_child_1|parent_0314_child_1|parent_0293_child_2,parent_0071_child_1,0,0,0.0,1,1,1.0,1,1,1.0,1,1,1.0,1,1,1.0
e5-base-v2,Q020_v2,test_suite,3,11,27.2,parent_0234_child_3,0.822042,0.810335,parent_0234_child_3|parent_0197_child_6|parent_0211_child_4|parent_0221_child_2|parent_0232_child_1,,0,0,0.0,0,0,0.0,0,0,0.0,1,0,0.333333,1,1,1.0
e5-base-v2,Q021_v2,test_suite,1,2,32.22,parent_0087_child_2,0.7859,0.784518,parent_0087_child_2|parent_0073_child_1|parent_0088_child_2|parent_0087_child_3|parent_0075_child_1,parent_0073_child_1,0,0,0.0,1,1,1.0,1,1,1.0,1,1,1.0,1,1,1.0
e5-base-v2,Q022_v2,test_suite,1,6,30.9,parent_0088_child_2,0.813004,0.788634,parent_0088_child_2|parent_0087_child_1|parent_0006_child_1|parent_0089_child_2|parent_0088_child_3,parent_0073_child_1,0,0,0.0,0,0,0.0,1,1,1.0,1,1,1.0,1,1,1.0
e5-base-v2,Q023_v2,test_suite,1,16,28.11,parent_0233_child_3,0.820295,0.79792,parent_0233_child_3|parent_0088_child_2|parent_0220_child_1|parent_0087_child_1|parent_0090_child_1,,0,0,0.0,0,0,0.0,0,0,0.0,1,1,1.0,1,1,1.0
e5-base-v2,Q024_v2,test_suite,1,102,34.8,parent_0177_child_1,0.817736,0.78994,parent_0177_child_1|parent_0187_child_1|parent_0192_child_2|parent_0161_child_1|parent_0299_child_1,,0,0,0.0,0,0,0.0,0,0,0.0,0,0,0.0,0,0,0.0
e5-base-v2,Q025_v2,test_suite,1,77,37.48,parent_0283_child_1,0.830616,0.796027,parent_0283_child_1|parent_0299_child_1|parent_0161_child_1|parent_0284_child_1|parent_0026_child_1,,0,0,0.0,0,0,0.0,0,0,0.0,0,0,0.0,1,1,1.0
e5-base-v2,Q026_v2,test_suite,1,26,32.1,parent_0088_child_2,0.827503,0.792387,parent_0088_child_2|parent_0087_child_1|parent_0076_child_1|parent_0220_child_1|parent_0079_child_1,,0,0,0.0,0,0,0.0,0,0,0.0,0,0,0.0,1,1,1.0
e5-base-v2,Q027_v2,test_suite,1,50,33.54,parent_0088_child_3,0.841965,0.785467,parent_0088_child_3|parent_0062_child_1|parent_0089_child_2|parent_0088_child_2|parent_0233_child_3,,0,0,0.0,0,0,0.0,0,0,0.0,0,0,0.0,1,1,1.0
e5-base-v2,Q028_v2,test_suite,1,13,31.76,parent_0075_child_1,0.829267,0.808573,parent_0075_child_1|parent_0088_child_2|parent_0081_child_1|parent_0087_child_1|parent_0090_child_1,,0,0,0.0,0,0,0.0,0,0,0.0,1,1,1.0,1,1,1.0
e5-base-v2,Q029_v2,test_suite,1,33,33.83,parent_0270_child_6,0.806737,0.77087,parent_0270_child_6|parent_0075_child_1|parent_0087_child_1|parent_0088_child_2|parent_0089_child_1,,0,0,0.0,0,0,0.0,0,0,0.0,0,0,0.0,1,1,1.0
e5-base-v2,Q030_v2,test_suite,1,321,124.17,parent_0217_child_5,0.808386,0.759262,parent_0217_child_5|parent_0192_child_2|parent_0150_child_12|parent_0092_child_3|parent_0076_child_1,,0,0,0.0,0,0,0.0,0,0,0.0,0,0,0.0,0,0,0.0
e5-base-v2,Q031_v2,test_suite,1,1,32.96,parent_0074_child_1,0.867481,0.867481,parent_0074_child_1|parent_0007_child_1|parent_0076_child_2|parent_0075_child_1|parent_0269_child_2,parent_0074_child_1,1,1,1.0,1,1,1.0,1,1,1.0,1,1,1.0,1,1,1.0
e5-base-v2,Q032_v2,test_suite,1,1,36.02,parent_0074_child_1,0.825529,0.825529,parent_0074_child_1|parent_0076_child_2|parent_0075_child_2|parent_0075_child_1|parent_0269_child_2,parent_0074_child_1,1,1,1.0,1,1,1.0,1,1,1.0,1,1,1.0,1,1,1.0
e5-base-v2,Q033_v2,test_suite,1,17,31.58,parent_0075_child_2,0.865222,0.804647,parent_0075_child_2|parent_0075_child_3|parent_0075_child_1|parent_0202_child_1|parent_0076_child_2,,0,0,0.0,0,0,0.0,0,0,0.0,1,1,1.0,1,1,1.0
e5-base-v2,Q034_v2,test_suite,3,1,32.44,parent_0076_child_2,0.881073,0.881073,parent_0076_child_2|parent_0007_child_1|parent_0074_child_1|parent_0092_child_1|parent_0075_child_1,parent_0076_child_2|parent_0076_child_3,1,0,0.333333,1,0,0.333333,1,0,0.666667,1,0,0.666667,1,1,1.0
e5-base-v2,Q035_v2,test_suite,1,21,33.52,parent_0082_child_1,0.762699,0.739314,parent_0082_child_1|parent_0270_child_10|parent_0009_child_1|parent_0007_child_1|parent_0222_child_5,,0,0,0.0,0,0,0.0,0,0,0.0,0,0,0.0,1,1,1.0
e5-base-v2,Q036_v2,test_suite,1,1,34.06,parent_0077_child_1,0.794215,0.794215,parent_0077_child_1|parent_0137_child_3|parent_0269_child_2|parent_0187_child_1|parent_0106_child_12,parent_0077_child_1,1,1,1.0,1,1,1.0,1,1,1.0,1,1,1.0,1,1,1.0
e5-base-v2,Q037_v2,test_suite,1,8,28.43,parent_0225_child_1,0.80023,0.787815,parent_0225_child_1|parent_0228_child_1|parent_0128_child_9|parent_0089_child_3|parent_0225_child_2,parent_0077_child_1,0,0,0.0,0,0,0.0,1,1,1.0,1,1,1.0,1,1,1.0
e5-base-v2,Q038_v2,test_suite,1,345,27.08,parent_0075_child_3,0.87769,0.748836,parent_0075_child_3|parent_0075_child_2|parent_0202_child_1|parent_0198_child_1|parent_0199_child_2,,0,0,0.0,0,0,0.0,0,0,0.0,0,0,0.0,0,0,0.0
e5-base-v2,Q039_v2,test_suite,3,1,32.25,parent_0076_child_2,0.873684,0.873684,parent_0076_child_2|parent_0076_child_3|parent_0151_child_7|parent_0246_child_1|parent_0075_child_3,parent_0076_child_2|parent_0076_child_3,1,0,0.333333,1,0,0.666667,1,0,0.666667,1,0,0.666667,1,1,1.0
e5-base-v2,Q040_v2,test_suite,4,1,30.86,parent_0076_child_2,0.830098,0.830098,parent_0076_child_2|parent_0071_child_1|parent_0297_child_8|parent_0245_child_2|parent_0225_child_2,parent_0076_child_2,1,0,0.25,1,0,0.25,1,0,0.25,1,0,0.5,1,1,1.0
e5-base-v2,Q041_v2,test_suite,1,82,32.22,parent_0075_child_3,0.854503,0.780784,parent_0075_child_3|parent_0075_child_2|parent_0076_child_3|parent_0225_child_1|parent_0202_child_1,,0,0,0.0,0,0,0.0,0,0,0.0,0,0,0.0,1,1,1.0
e5-base-v2,Q042_v2,test_suite,1,1,29.15,parent_0077_child_1,0.815804,0.815804,parent_0077_child_1|parent_0087_child_1|parent_0215_child_2|parent_0088_child_2|parent_0075_child_2,parent_0077_child_1,1,1,1.0,1,1,1.0,1,1,1.0,1,1,1.0,1,1,1.0
e5-base-v2,Q043_v2,test_suite,1,1,33.01,parent_0074_child_1,0.8394,0.8394,parent_0074_child_1|parent_0007_child_1|parent_0076_child_2|parent_0088_child_2|parent_0080_child_1,parent_0074_child_1,1,1,1.0,1,1,1.0,1,1,1.0,1,1,1.0,1,1,1.0
e5-base-v2,Q044_v2,test_suite,1,9,28.18,parent_0193_child_6,0.79696,0.780514,parent_0193_child_6|parent_0088_child_2|parent_0007_child_1|parent_0160_child_5|parent_0076_child_1,parent_0074_child_1,0,0,0.0,0,0,0.0,1,1,1.0,1,1,1.0,1,1,1.0
e5-base-v2,Q045_v2,test_suite,1,32,32.8,parent_0172_child_2,0.801045,0.774886,parent_0172_child_2|parent_0151_child_13|parent_0177_child_1|parent_0086_child_1|parent_0231_child_3,,0,0,0.0,0,0,0.0,0,0,0.0,0,0,0.0,1,1,1.0
e5-base-v2,Q046_v2,test_suite,2,1,35.4,parent_0078_child_1,0.817339,0.817339,parent_0078_child_1|parent_0008_child_1|parent_0127_child_3|parent_0133_child_1|parent_0015_child_1,parent_0078_child_1,1,0,0.5,1,0,0.5,1,0,0.5,1,0,0.5,1,0,0.5
e5-base-v2,Q047_v2,test_suite,2,4,57.46,parent_0122_child_5,0.793553,0.788973,parent_0122_child_5|parent_0088_child_2|parent_0137_child_3|parent_0078_child_1|parent_0183_child_2,parent_0078_child_1|parent_0078_child_2,0,0,0.0,1,0,0.5,1,1,1.0,1,1,1.0,1,1,1.0
e5-base-v2,Q048_v2,test_suite,2,1,50.96,parent_0079_child_1,0.8018,0.8018,parent_0079_child_1|parent_0185_child_2|parent_0080_child_1|parent_0088_child_2|parent_0081_child_1,parent_0079_child_1|parent_0079_child_2,1,0,0.5,1,0,0.5,1,1,1.0,1,1,1.0,1,1,1.0
e5-base-v2,Q049_v2,test_suite,2,3,33.96,parent_0185_child_2,0.825598,0.811077,parent_0185_child_2|parent_0217_child_3|parent_0079_child_1|parent_0217_child_2|parent_0211_child_4,parent_0079_child_1,0,0,0.0,1,0,0.5,1,0,0.5,1,0,0.5,1,0,0.5
e5-base-v2,Q050_v2,test_suite,2,1,34.14,parent_0079_child_1,0.824668,0.824668,parent_0079_child_1|parent_0081_child_1|parent_0088_child_2|parent_0079_child_2|parent_0092_child_1,parent_0079_child_1|parent_0079_child_2,1,0,0.5,1,1,1.0,1,1,1.0,1,1,1.0,1,1,1.0
e5-base-v2,Q051_v2,test_suite,2,1,33.4,parent_0079_child_2,0.817391,0.817391,parent_0079_child_2|parent_0092_child_1|parent_0093_child_1|parent_0075_child_3|parent_0075_child_2,parent_0079_child_2,1,0,0.5,1,0,0.5,1,0,0.5,1,0,0.5,1,0,0.5
e5-base-v2,Q052_v2,test_suite,2,1,34.19,parent_0079_child_2,0.83091,0.83091,parent_0079_child_2|parent_0081_child_1|parent_0089_child_3|parent_0080_child_1|parent_0008_child_1,parent_0079_child_2,1,0,0.5,1,0,0.5,1,0,0.5,1,1,1.0,1,1,1.0
e5-base-v2,Q053_v2,test_suite,2,6,30.15,parent_0080_child_1,0.865251,0.785954,parent_0080_child_1|parent_0081_child_1|parent_0270_child_9|parent_0217_child_2|parent_0185_child_2,parent_0079_child_2,0,0,0.0,0,0,0.0,1,0,0.5,1,0,0.5,1,1,1.0
e5-base-v2,Q054_v2,test_suite,2,5,28.93,parent_0080_child_1,0.820513,0.778251,parent_0080_child_1|parent_0081_child_1|parent_0291_child_1|parent_0088_child_3|parent_0079_child_2,parent_0079_child_2,0,0,0.0,1,0,0.5,1,0,0.5,1,1,1.0,1,1,1.0
e5-base-v2,Q055_v2,test_suite,2,8,26.99,parent_0089_child_3,0.796787,0.785213,parent_0089_child_3|parent_0210_child_1|parent_0081_child_1|parent_0211_child_4|parent_0104_child_2,parent_0078_child_1,0,0,0.0,0,0,0.0,1,0,0.5,1,0,0.5,1,1,1.0
e5-base-v2,Q056_v2,test_suite,2,26,35.55,parent_0009_child_1,0.810317,0.771762,parent_0009_child_1|parent_0047_child_1|parent_0183_child_2|parent_0075_child_1|parent_0293_child_1,,0,0,0.0,0,0,0.0,0,0,0.0,0,0,0.0,1,1,1.0
e5-base-v2,Q057_v2,test_suite,2,4,34.54,parent_0080_child_1,0.851662,0.775288,parent_0080_child_1|parent_0081_child_1|parent_0185_child_2|parent_0079_child_2|parent_0089_child_3,parent_0079_child_2,0,0,0.0,1,0,0.5,1,0,0.5,1,1,1.0,1,1,1.0
e5-base-v2,Q058_v2,test_suite,2,17,34.57,parent_0008_child_1,0.815512,0.792598,parent_0008_child_1|parent_0075_child_1|parent_0299_child_1|parent_0088_child_1|parent_0093_child_3,,0,0,0.0,0,0,0.0,0,0,0.0,1,0,0.5,1,1,1.0
e5-base-v2,Q059_v2,test_suite,2,3,32.02,parent_0185_child_2,0.789672,0.776168,parent_0185_child_2|parent_0270_child_10|parent_0079_child_1|parent_0088_child_2|parent_0217_child_3,parent_0079_child_1,0,0,0.0,1,0,0.5,1,0,0.5,1,0,0.5,1,0,0.5
e5-base-v2,Q060_v2,test_suite,2,5,130.77,parent_0187_child_1,0.813331,0.808234,parent_0187_child_1|parent_0082_child_1|parent_0192_child_8|parent_0075_child_1|parent_0079_child_1,parent_0079_child_1|parent_0079_child_2,0,0,0.0,1,0,0.5,1,1,1.0,1,1,1.0,1,1,1.0
e5-base-v2,Q061_v2,test_suite,2,124,31.49,parent_0080_child_1,0.80649,0.73773,parent_0080_child_1|parent_0081_child_1|parent_0270_child_6|parent_0117_child_13|parent_0297_child_10,,0,0,0.0,0,0,0.0,0,0,0.0,0,0,0.0,0,0,0.0
e5-base-v2,Q062_v2,test_suite,2,8,30.52,parent_0154_child_2,0.81847,0.797872,parent_0154_child_2|parent_0092_child_3|parent_0015_child_1|parent_0157_child_5|parent_0157_child_4,parent_0078_child_1,0,0,0.0,0,0,0.0,1,0,0.5,1,0,0.5,1,0,0.5
e5-base-v2,Q063_v2,test_suite,2,47,29.95,parent_0158_child_3,0.822787,0.798796,parent_0158_child_3|parent_0197_child_3|parent_0263_child_2|parent_0269_child_2|parent_0087_child_3,,0,0,0.0,0,0,0.0,0,0,0.0,0,0,0.0,1,0,0.5
e5-base-v2,Q064_v2,test_suite,2,7,57.2,parent_0080_child_1,0.801111,0.784779,parent_0080_child_1|parent_0081_child_1|parent_0024_child_1|parent_0137_child_1|parent_0270_child_10,parent_0079_child_1,0,0,0.0,0,0,0.0,1,0,0.5,1,1,1.0,1,1,1.0
e5-base-v2,Q065_v2,test_suite,2,2,40.73,parent_0081_child_1,0.790249,0.782664,parent_0081_child_1|parent_0079_child_1|parent_0080_child_1|parent_0185_child_2|parent_0217_child_3,parent_0079_child_1|parent_0079_child_2,0,0,0.0,1,0,0.5,1,1,1.0,1,1,1.0,1,1,1.0
e5-base-v2,Q066_v2,test_suite,1,1,28.54,parent_0082_child_1,0.844696,0.844696,parent_0082_child_1|parent_0009_child_1|parent_0296_child_12|parent_0015_child_1|parent_0075_child_1,parent_0082_child_1,1,1,1.0,1,1,1.0,1,1,1.0,1,1,1.0,1,1,1.0
e5-base-v2,Q067_v2,test_suite,1,1,32.73,parent_0082_child_1,0.815276,0.815276,parent_0082_child_1|parent_0009_child_1|parent_0284_child_2|parent_0079_child_2|parent_0293_child_1,parent_0082_child_1,1,1,1.0,1,1,1.0,1,1,1.0,1,1,1.0,1,1,1.0
e5-base-v2,Q068_v2,test_suite,1,1,34.3,parent_0082_child_1,0.830897,0.830897,parent_0082_child_1|parent_0009_child_1|parent_0299_child_1|parent_0192_child_2|parent_0093_child_2,parent_0082_child_1,1,1,1.0,1,1,1.0,1,1,1.0,1,1,1.0,1,1,1.0
e5-base-v2,Q069_v2,test_suite,1,1,27.4,parent_0082_child_1,0.829406,0.829406,parent_0082_child_1|parent_0009_child_1|parent_0283_child_1|parent_0299_child_1|parent_0284_child_2,parent_0082_child_1,1,1,1.0,1,1,1.0,1,1,1.0,1,1,1.0,1,1,1.0
e5-base-v2,Q070_v2,test_suite,1,2,32.44,parent_0009_child_1,0.80376,0.802303,parent_0009_child_1|parent_0082_child_1|parent_0299_child_1|parent_0170_child_3|parent_0298_child_1,parent_0082_child_1,0,0,0.0,1,1,1.0,1,1,1.0,1,1,1.0,1,1,1.0
e5-base-v2,Q071_v2,test_suite,1,2,28.19,parent_0009_child_1,0.819424,0.804321,parent_0009_child_1|parent_0082_child_1|parent_0076_child_1|parent_0087_child_1|parent_0296_child_12,parent_0082_child_1,0,0,0.0,1,1,1.0,1,1,1.0,1,1,1.0,1,1,1.0
e5-base-v2,Q072_v2,test_suite,1,4,28.26,parent_0009_child_1,0.801458,0.788982,parent_0009_child_1|parent_0296_child_12|parent_0293_child_1|parent_0082_child_1|parent_0086_child_1,parent_0082_child_1,0,0,0.0,1,1,1.0,1,1,1.0,1,1,1.0,1,1,1.0
e5-base-v2,Q073_v2,test_suite,1,7,28.91,parent_0185_child_2,0.785049,0.771912,parent_0185_child_2|parent_0142_child_4|parent_0186_child_2|parent_0187_child_1|parent_0142_child_1,parent_0082_child_1,0,0,0.0,0,0,0.0,1,1,1.0,1,1,1.0,1,1,1.0
e5-base-v2,Q074_v2,test_suite,1,2,25.82,parent_0009_child_1,0.81006,0.795857,parent_0009_child_1|parent_0082_child_1|parent_0092_child_3|parent_0092_child_1|parent_0092_child_2,parent_0082_child_1,0,0,0.0,1,1,1.0,1,1,1.0,1,1,1.0,1,1,1.0
e5-base-v2,Q075_v2,test_suite,1,3,28.35,parent_0092_child_3,0.781806,0.768347,parent_0092_child_3|parent_0009_child_1|parent_0082_child_1|parent_0284_child_2|parent_0299_child_1,parent_0082_child_1,0,0,0.0,1,1,1.0,1,1,1.0,1,1,1.0,1,1,1.0
e5-base-v2,Q076_v2,test_suite,1,1,36.3,parent_0083_child_1,0.854279,0.854279,parent_0083_child_1|parent_0010_child_1|parent_0084_child_1|parent_0079_child_2|parent_0008_child_1,parent_0083_child_1,1,1,1.0,1,1,1.0,1,1,1.0,1,1,1.0,1,1,1.0
e5-base-v2,Q077_v2,test_suite,1,3,31.63,parent_0010_child_1,0.792342,0.781616,parent_0010_child_1|parent_0084_child_1|parent_0083_child_1|parent_0271_child_2|parent_0037_child_1,parent_0083_child_1,0,0,0.0,1,1,1.0,1,1,1.0,1,1,1.0,1,1,1.0
e5-base-v2,Q078_v2,test_suite,1,2,35.28,parent_0010_child_1,0.821239,0.816491,parent_0010_child_1|parent_0084_child_1|parent_0083_child_1|parent_0089_child_3|parent_0075_child_1,parent_0084_child_1,0,0,0.0,1,1,1.0,1,1,1.0,1,1,1.0,1,1,1.0
e5-base-v2,Q079_v2,test_suite,1,1,30.07,parent_0084_child_1,0.83564,0.83564,parent_0084_child_1|parent_0086_child_1|parent_0085_child_1|parent_0177_child_3|parent_0075_child_2,parent_0084_child_1,1,1,1.0,1,1,1.0,1,1,1.0,1,1,1.0,1,1,1.0
e5-base-v2,Q080_v2,test_suite,1,1,34.2,parent_0084_child_1,0.830375,0.830375,parent_0084_child_1|parent_0079_child_2|parent_0075_child_2|parent_0086_child_1|parent_0085_child_1,parent_0084_child_1,1,1,1.0,1,1,1.0,1,1,1.0,1,1,1.0,1,1,1.0
e5-base-v2,Q081_v2,test_suite,1,3,33.2,parent_0010_child_1,0.809952,0.800871,parent_0010_child_1|parent_0084_child_1|parent_0083_child_1|parent_0086_child_1|parent_0008_child_1,parent_0083_child_1,0,0,0.0,1,1,1.0,1,1,1.0,1,1,1.0,1,1,1.0
e5-base-v2,Q082_v2,test_suite,1,6,28.81,parent_0084_child_1,0.799111,0.789586,parent_0084_child_1|parent_0093_child_2|parent_0288_child_1|parent_0010_child_1|parent_0137_child_2,parent_0083_child_1,0,0,0.0,0,0,0.0,1,1,1.0,1,1,1.0,1,1,1.0
e5-base-v2,Q083_v2,test_suite,1,10,31.4,parent_0093_child_2,0.81544,0.791291,parent_0093_child_2|parent_0092_child_2|parent_0075_child_2|parent_0075_child_1|parent_0093_child_1,parent_0083_child_1,0,0,0.0,0,0,0.0,1,1,1.0,1,1,1.0,1,1,1.0
e5-base-v2,Q084_v2,test_suite,1,11,31.46,parent_0211_child_4,0.811691,0.788763,parent_0211_child_4|parent_0089_child_3|parent_0192_child_2|parent_0161_child_1|parent_0013_child_1,,0,0,0.0,0,0,0.0,0,0,0.0,1,1,1.0,1,1,1.0
e5-base-v2,Q085_v2,test_suite,1,12,27.46,parent_0084_child_1,0.814854,0.786266,parent_0084_child_1|parent_0086_child_1|parent_0087_child_2|parent_0269_child_2|parent_0046_child_1,,0,0,0.0,0,0,0.0,0,0,0.0,1,1,1.0,1,1,1.0
e5-base-v2,Q086_v2,test_suite,1,4,30.55,parent_0010_child_1,0.803924,0.793428,parent_0010_child_1|parent_0084_child_1|parent_0161_child_1|parent_0083_child_1|parent_0088_child_2,parent_0083_child_1,0,0,0.0,1,1,1.0,1,1,1.0,1,1,1.0,1,1,1.0
e5-base-v2,Q087_v2,test_suite,1,3,31.67,parent_0085_child_1,0.817531,0.807785,parent_0085_child_1|parent_0011_child_1|parent_0084_child_1|parent_0086_child_1|parent_0075_child_2,parent_0084_child_1,0,0,0.0,1,1,1.0,1,1,1.0,1,1,1.0,1,1,1.0
e5-base-v2,Q088_v2,test_suite,1,1,28.82,parent_0084_child_1,0.797625,0.797625,parent_0084_child_1|parent_0271_child_5|parent_0151_child_13|parent_0142_child_1|parent_0010_child_1,parent_0084_child_1,1,1,1.0,1,1,1.0,1,1,1.0,1,1,1.0,1,1,1.0
e5-base-v2,Q089_v2,test_suite,1,26,34.61,parent_0296_child_12,0.804135,0.7928,parent_0296_child_12|parent_0283_child_1|parent_0106_child_13|parent_0228_child_1|parent_0077_child_1,,0,0,0.0,0,0,0.0,0,0,0.0,0,0,0.0,1,1,1.0
e5-base-v2,Q090_v2,test_suite,1,2,36.48,parent_0093_child_2,0.805843,0.805528,parent_0093_child_2|parent_0083_child_1|parent_0296_child_12|parent_0007_child_1|parent_0084_child_1,parent_0083_child_1,0,0,0.0,1,1,1.0,1,1,1.0,1,1,1.0,1,1,1.0
e5-base-v2,Q091_v2,test_suite,1,1,124.82,parent_0085_child_1,0.843702,0.843702,parent_0085_child_1|parent_0208_child_1|parent_0011_child_1|parent_0137_child_3|parent_0088_child_2,parent_0085_child_1,1,1,1.0,1,1,1.0,1,1,1.0,1,1,1.0,1,1,1.0
e5-base-v2,Q092_v2,test_suite,1,1,31.71,parent_0085_child_1,0.862124,0.862124,parent_0085_child_1|parent_0011_child_1|parent_0084_child_1|parent_0086_child_1|parent_0075_child_3,parent_0085_child_1,1,1,1.0,1,1,1.0,1,1,1.0,1,1,1.0,1,1,1.0
e5-base-v2,Q093_v2,test_suite,1,2,34.95,parent_0086_child_1,0.820797,0.812384,parent_0086_child_1|parent_0085_child_1|parent_0075_child_2|parent_0075_child_3|parent_0011_child_1,parent_0085_child_1,0,0,0.0,1,1,1.0,1,1,1.0,1,1,1.0,1,1,1.0
e5-base-v2,Q095_v2,test_suite,1,4,28.89,parent_0011_child_1,0.808733,0.79785,parent_0011_child_1|parent_0128_child_9|parent_0086_child_1|parent_0085_child_1|parent_0129_child_1,parent_0085_child_1,0,0,0.0,1,1,1.0,1,1,1.0,1,1,1.0,1,1,1.0
e5-base-v2,Q096_v2,test_suite,1,6,29.45,parent_0075_child_3,0.803854,0.776913,parent_0075_child_3|parent_0075_child_2|parent_0231_child_3|parent_0086_child_1|parent_0225_child_1,parent_0085_child_1,0,0,0.0,0,0,0.0,1,1,1.0,1,1,1.0,1,1,1.0
e5-base-v2,Q097_v2,test_suite,1,1,28.02,parent_0085_child_1,0.823699,0.823699,parent_0085_child_1|parent_0011_child_1|parent_0207_child_1|parent_0208_child_1|parent_0137_child_3,parent_0085_child_1,1,1,1.0,1,1,1.0,1,1,1.0,1,1,1.0,1,1,1.0
e5-base-v2,Q098_v2,test_suite,1,2,30.51,parent_0011_child_1,0.813549,0.794053,parent_0011_child_1|parent_0085_child_1|parent_0086_child_1|parent_0075_child_2|parent_0075_child_3,parent_0085_child_1,0,0,0.0,1,1,1.0,1,1,1.0,1,1,1.0,1,1,1.0
e5-base-v2,Q099_v2,test_suite,1,1,31.72,parent_0085_child_1,0.845074,0.845074,parent_0085_child_1|parent_0086_child_1|parent_0075_child_2|parent_0075_child_3|parent_0074_child_1,parent_0085_child_1,1,1,1.0,1,1,1.0,1,1,1.0,1,1,1.0,1,1,1.0
e5-base-v2,Q100_v2,test_suite,1,41,31.01,parent_0092_child_1,0.779563,0.746741,parent_0092_child_1|parent_0172_child_4|parent_0169_child_5|parent_0150_child_12|parent_0151_child_13,,0,0,0.0,0,0,0.0,0,0,0.0,0,0,0.0,1,1,1.0
e5-base-v2,Q101_v2,test_suite,1,6,32.05,parent_0012_child_1,0.822936,0.798228,parent_0012_child_1|parent_0088_child_2|parent_0087_child_2|parent_0269_child_2|parent_0193_child_4,parent_0086_child_1,0,0,0.0,0,0,0.0,1,1,1.0,1,1,1.0,1,1,1.0
e5-base-v2,Q102_v2,test_suite,3,1,34.6,parent_0088_child_2,0.817857,0.817857,parent_0088_child_2|parent_0299_child_1|parent_0284_child_2|parent_0283_child_1|parent_0218_child_7,parent_0088_child_2,1,0,0.333333,1,0,0.333333,1,0,0.333333,1,0,0.333333,1,0,0.333333
e5-base-v2,Q103_v2,test_suite,3,1,36.49,parent_0088_child_2,0.870444,0.870444,parent_0088_child_2|parent_0087_child_1|parent_0012_child_1|parent_0086_child_1|parent_0090_child_1,parent_0088_child_2|parent_0088_child_3,1,0,0.333333,1,0,0.333333,1,0,0.666667,1,0,0.666667,1,0,0.666667
e5-base-v2,Q104_v2,test_suite,1,4,32.95,parent_0088_child_3,0.846599,0.799045,parent_0088_child_3|parent_0269_child_2|parent_0088_child_2|parent_0012_child_1|parent_0215_child_7,parent_0012_child_1,0,0,0.0,1,1,1.0,1,1,1.0,1,1,1.0,1,1,1.0
e5-base-v2,Q105_v2,test_suite,1,57,31.53,parent_0269_child_2,0.813953,0.77805,parent_0269_child_2|parent_0088_child_2|parent_0160_child_6|parent_0157_child_8|parent_0193_child_4,,0,0,0.0,0,0,0.0,0,0,0.0,0,0,0.0,1,1,1.0
e5-base-v2,Q106_v2,test_suite,3,3,28.37,parent_0297_child_8,0.826811,0.813818,parent_0297_child_8|parent_0274_child_1|parent_0088_child_2|parent_0270_child_10|parent_0297_child_10,parent_0088_child_2,0,0,0.0,1,0,0.333333,1,0,0.333333,1,0,0.333333,1,0,0.333333
e5-base-v2,Q107_v2,test_suite,3,1,31.67,parent_0088_child_2,0.825936,0.825936,parent_0088_child_2|parent_0012_child_1|parent_0087_child_1|parent_0236_child_6|parent_0013_child_1,parent_0088_child_2,1,0,0.333333,1,0,0.333333,1,0,0.333333,1,0,0.666667,1,0,0.666667
e5-base-v2,Q108_v2,test_suite,1,3,27.6,parent_0087_child_2,0.825505,0.810816,parent_0087_child_2|parent_0088_child_2|parent_0086_child_1|parent_0012_child_1|parent_0296_child_15,parent_0086_child_1,0,0,0.0,1,1,1.0,1,1,1.0,1,1,1.0,1,1,1.0
e5-base-v2,Q109_v2,test_suite,3,12,32.66,parent_0298_child_1,0.802906,0.786968,parent_0298_child_1|parent_0198_child_8|parent_0296_child_18|parent_0296_child_12|parent_0296_child_6,,0,0,0.0,0,0,0.0,0,0,0.0,1,0,0.333333,1,0,0.333333
e5-base-v2,Q110_v2,test_suite,3,1,52.24,parent_0088_child_2,0.816548,0.816548,parent_0088_child_2|parent_0296_child_4|parent_0234_child_2|parent_0142_child_1|parent_0142_child_2,parent_0088_child_2,1,0,0.333333,1,0,0.333333,1,0,0.333333,1,0,0.333333,1,0,0.333333
e5-base-v2,Q111_v2,test_suite,3,29,38.82,parent_0310_child_1,0.794621,0.774594,parent_0310_child_1|parent_0302_child_1|parent_0015_child_1|parent_0068_child_1|parent_0197_child_1,,0,0,0.0,0,0,0.0,0,0,0.0,0,0,0.0,1,0,0.333333
e5-base-v2,Q112_v2,test_suite,3,1,30.07,parent_0089_child_1,0.837327,0.837327,parent_0089_child_1|parent_0087_child_1|parent_0141_child_2|parent_0081_child_1|parent_0075_child_1,parent_0089_child_1,1,0,0.333333,1,0,0.333333,1,0,0.333333,1,0,0.333333,1,0,0.666667
e5-base-v2,Q113_v2,test_suite,1,2,31.21,parent_0089_child_2,0.856595,0.838007,parent_0089_child_2|parent_0013_child_1|parent_0088_child_2|parent_0088_child_3|parent_0116_child_12,parent_0013_child_1,0,0,0.0,1,1,1.0,1,1,1.0,1,1,1.0,1,1,1.0
e5-base-v2,Q114_v2,test_suite,3,2,34.73,parent_0090_child_1,0.847345,0.844525,parent_0090_child_1|parent_0089_child_2|parent_0089_child_3|parent_0081_child_1|parent_0013_child_1,parent_0089_child_2|parent_0089_child_3,0,0,0.0,1,0,0.666667,1,0,0.666667,1,1,1.0,1,1,1.0
e5-base-v2,Q115_v2,test_suite,1,1,35.22,parent_0090_child_1,0.880429,0.880429,parent_0090_child_1|parent_0088_child_2|parent_0087_child_1|parent_0013_child_1|parent_0075_child_1,parent_0090_child_1,1,1,1.0,1,1,1.0,1,1,1.0,1,1,1.0,1,1,1.0
e5-base-v2,Q116_v2,test_suite,1,1,35.17,parent_0090_child_1,0.834355,0.834355,parent_0090_child_1|parent_0088_child_2|parent_0087_child_1|parent_0073_child_1|parent_0146_child_5,parent_0090_child_1,1,1,1.0,1,1,1.0,1,1,1.0,1,1,1.0,1,1,1.0
e5-base-v2,Q117_v2,test_suite,3,1,33.92,parent_0089_child_1,0.843482,0.843482,parent_0089_child_1|parent_0013_child_1|parent_0089_child_2|parent_0141_child_5|parent_0141_child_2,parent_0089_child_1|parent_0089_child_2,1,0,0.333333,1,0,0.666667,1,0,0.666667,1,0,0.666667,1,0,0.666667
e5-base-v2,Q118_v2,test_suite,3,4,31.84,parent_0013_child_1,0.805439,0.79744,parent_0013_child_1|parent_0199_child_1|parent_0086_child_1|parent_0089_child_1|parent_0089_child_3,parent_0089_child_1|parent_0089_child_3|parent_0089_child_2,0,0,0.0,1,0,0.666667,1,1,1.0,1,1,1.0,1,1,1.0
e5-base-v2,Q119_v2,test_suite,1,1,30.42,parent_0090_child_1,0.845541,0.845541,parent_0090_child_1|parent_0013_child_1|parent_0089_child_3|parent_0098_child_1|parent_0211_child_1,parent_0090_child_1,1,1,1.0,1,1,1.0,1,1,1.0,1,1,1.0,1,1,1.0
e5-base-v2,Q120_v2,test_suite,3,1,30.15,parent_0089_child_3,0.814662,0.814662,parent_0089_child_3|parent_0081_child_1|parent_0088_child_2|parent_0087_child_1|parent_0079_child_1,parent_0089_child_3,1,0,0.333333,1,0,0.333333,1,0,0.333333,1,0,0.333333,1,0,0.666667
e5-base-v2,Q121_v2,test_suite,3,10,31.35,parent_0141_child_2,0.84643,0.815915,parent_0141_child_2|parent_0035_child_1|parent_0117_child_7|parent_0149_child_3|parent_0142_child_6,parent_0089_child_1,0,0,0.0,0,0,0.0,1,0,0.333333,1,0,0.333333,1,0,0.666667
e5-base-v2,Q122_v2,test_suite,3,4,33.72,parent_0080_child_1,0.82096,0.802944,parent_0080_child_1|parent_0081_child_1|parent_0141_child_2|parent_0089_child_3|parent_0141_child_3,parent_0089_child_3|parent_0089_child_1,0,0,0.0,1,0,0.333333,1,0,0.666667,1,0,0.666667,1,1,1.0
e5-base-v2,Q123_v2,test_suite,3,16,123.51,parent_0142_child_4,0.819231,0.799237,parent_0142_child_4|parent_0141_child_2|parent_0187_child_1|parent_0141_child_3|parent_0270_child_6,,0,0,0.0,0,0,0.0,0,0,0.0,1,0,0.333333,1,0,0.333333
e5-base-v2,Q124_v2,test_suite,3,23,31.0,parent_0141_child_2,0.80703,0.769515,parent_0141_child_2|parent_0143_child_1|parent_0270_child_6|parent_0141_child_3|parent_0188_child_1,,0,0,0.0,0,0,0.0,0,0,0.0,0,0,0.0,1,0,0.666667
e5-base-v2,Q125_v2,test_suite,3,16,30.75,parent_0141_child_2,0.802866,0.782307,parent_0141_child_2|parent_0225_child_2|parent_0211_child_1|parent_0217_child_2|parent_0185_child_2,,0,0,0.0,0,0,0.0,0,0,0.0,1,0,0.333333,1,0,0.333333
e5-base-v2,Q126_v2,test_suite,3,10,28.99,parent_0087_child_1,0.841878,0.825905,parent_0087_child_1|parent_0210_child_1|parent_0088_child_2|parent_0013_child_1|parent_0211_child_4,parent_0089_child_1,0,0,0.0,0,0,0.0,1,0,0.333333,1,0,0.333333,1,1,1.0
e5-base-v2,Q127_v2,test_suite,1,2,31.84,parent_0088_child_2,0.820019,0.812307,parent_0088_child_2|parent_0090_child_1|parent_0160_child_2|parent_0087_child_1|parent_0233_child_3,parent_0090_child_1,0,0,0.0,1,1,1.0,1,1,1.0,1,1,1.0,1,1,1.0
e5-base-v2,Q128_v2,test_suite,3,1,30.72,parent_0089_child_3,0.823989,0.823989,parent_0089_child_3|parent_0013_child_1|parent_0076_child_1|parent_0079_child_1|parent_0087_child_1,parent_0089_child_3|parent_0089_child_1,1,0,0.333333,1,0,0.333333,1,0,0.666667,1,1,1.0,1,1,1.0
e5-base-v2,Q129_v2,test_suite,3,1,29.14,parent_0089_child_3,0.827146,0.827146,parent_0089_child_3|parent_0081_child_1|parent_0088_child_2|parent_0089_child_2|parent_0090_child_1,parent_0089_child_3|parent_0089_child_2,1,0,0.333333,1,0,0.666667,1,0,0.666667,1,0,0.666667,1,1,1.0
e5-base-v2,Q130_v2,test_suite,3,3,32.5,parent_0141_child_3,0.835301,0.817503,parent_0141_child_3|parent_0234_child_2|parent_0089_child_1|parent_0229_child_5|parent_0141_child_5,parent_0089_child_1,0,0,0.0,1,0,0.333333,1,0,0.333333,1,0,0.333333,1,1,1.0
e5-base-v2,Q131_v2,test_suite,1,1,30.04,parent_0091_child_1,0.828372,0.828372,parent_0091_child_1|parent_0014_child_1|parent_0121_child_1|parent_0218_child_11|parent_0070_child_1,parent_0091_child_1,1,1,1.0,1,1,1.0,1,1,1.0,1,1,1.0,1,1,1.0
e5-base-v2,Q132_v2,test_suite,1,3,30.63,parent_0088_child_2,0.837371,0.819399,parent_0088_child_2|parent_0014_child_1|parent_0091_child_1|parent_0046_child_1|parent_0090_child_1,parent_0091_child_1,0,0,0.0,1,1,1.0,1,1,1.0,1,1,1.0,1,1,1.0
e5-base-v2,Q133_v2,test_suite,1,3,28.11,parent_0093_child_3,0.826328,0.808693,parent_0093_child_3|parent_0088_child_2|parent_0091_child_1|parent_0092_child_1|parent_0093_child_1,parent_0091_child_1,0,0,0.0,1,1,1.0,1,1,1.0,1,1,1.0,1,1,1.0
e5-base-v2,Q134_v2,test_suite,1,5,28.62,parent_0014_child_1,0.852167,0.840756,parent_0014_child_1|parent_0093_child_1|parent_0093_child_3|parent_0092_child_1|parent_0091_child_1,parent_0091_child_1,0,0,0.0,1,1,1.0,1,1,1.0,1,1,1.0,1,1,1.0
e5-base-v2,Q135_v2,test_suite,1,1,30.18,parent_0091_child_1,0.816524,0.816524,parent_0091_child_1|parent_0014_child_1|parent_0092_child_1|parent_0093_child_1|parent_0093_child_3,parent_0091_child_1,1,1,1.0,1,1,1.0,1,1,1.0,1,1,1.0,1,1,1.0
e5-base-v2,Q136_v2,test_suite,1,3,38.46,parent_0093_child_1,0.834936,0.81454,parent_0093_child_1|parent_0014_child_1|parent_0091_child_1|parent_0092_child_1|parent_0093_child_2,parent_0091_child_1,0,0,0.0,1,1,1.0,1,1,1.0,1,1,1.0,1,1,1.0
e5-base-v2,Q137_v2,test_suite,1,318,28.61,parent_0088_child_2,0.825802,0.749956,parent_0088_child_2|parent_0087_child_1|parent_0220_child_1|parent_0089_child_1|parent_0188_child_1,,0,0,0.0,0,0,0.0,0,0,0.0,0,0,0.0,0,0,0.0
e5-base-v2,Q138_v2,test_suite,1,3,25.78,parent_0092_child_1,0.823024,0.806676,parent_0092_child_1|parent_0075_child_1|parent_0091_child_1|parent_0092_child_2|parent_0014_child_1,parent_0091_child_1,0,0,0.0,1,1,1.0,1,1,1.0,1,1,1.0,1,1,1.0
e5-base-v2,Q139_v2,test_suite,1,4,32.19,parent_0093_child_3,0.84382,0.803708,parent_0093_child_3|parent_0093_child_2|parent_0014_child_1|parent_0091_child_1|parent_0092_child_1,parent_0091_child_1,0,0,0.0,1,1,1.0,1,1,1.0,1,1,1.0,1,1,1.0
e5-base-v2,Q140_v2,test_suite,1,4,24.35,parent_0092_child_1,0.832746,0.815141,parent_0092_child_1|parent_0014_child_1|parent_0092_child_3|parent_0091_child_1|parent_0092_child_2,parent_0091_child_1,0,0,0.0,1,1,1.0,1,1,1.0,1,1,1.0,1,1,1.0
e5-base-v2,Q141_v2,test_suite,1,1,36.27,parent_0091_child_1,0.832164,0.832164,parent_0091_child_1|parent_0014_child_1|parent_0093_child_2|parent_0092_child_2|parent_0092_child_1,parent_0091_child_1,1,1,1.0,1,1,1.0,1,1,1.0,1,1,1.0,1,1,1.0
e5-base-v2,Q142_v2,test_suite,1,2,30.9,parent_0092_child_1,0.833753,0.82504,parent_0092_child_1|parent_0091_child_1|parent_0092_child_2|parent_0092_child_3|parent_0093_child_2,parent_0091_child_1,0,0,0.0,1,1,1.0,1,1,1.0,1,1,1.0,1,1,1.0
e5-base-v2,Q143_v2,test_suite,3,1,33.73,parent_0092_child_1,0.853388,0.853388,parent_0092_child_1|parent_0116_child_10|parent_0014_child_1|parent_0182_child_5|parent_0075_child_1,parent_0092_child_1,1,0,0.333333,1,0,0.333333,1,0,0.333333,1,0,0.333333,1,0,0.666667
e5-base-v2,Q144_v2,test_suite,3,1,28.89,parent_0092_child_2,0.858578,0.858578,parent_0092_child_2|parent_0150_child_12|parent_0093_child_1|parent_0093_child_2|parent_0015_child_1,parent_0092_child_2,1,0,0.333333,1,0,0.333333,1,0,0.333333,1,0,0.666667,1,0,0.666667
e5-base-v2,Q145_v2,test_suite,3,1,34.09,parent_0092_child_2,0.844517,0.844517,parent_0092_child_2|parent_0092_child_1|parent_0093_child_2|parent_0075_child_1|parent_0079_child_2,parent_0092_child_2|parent_0092_child_1,1,0,0.333333,1,0,0.666667,1,0,0.666667,1,1,1.0,1,1,1.0
e5-base-v2,Q146_v2,test_suite,3,1,24.74,parent_0092_child_2,0.834494,0.834494,parent_0092_child_2|parent_0093_child_2|parent_0092_child_1|parent_0093_child_1|parent_0015_child_1,parent_0092_child_2|parent_0092_child_1|parent_0092_child_3,1,0,0.333333,1,0,0.666667,1,1,1.0,1,1,1.0,1,1,1.0
e5-base-v2,Q147_v2,test_suite,3,1,34.51,parent_0092_child_2,0.835075,0.835075,parent_0092_child_2|parent_0093_child_2|parent_0092_child_3|parent_0299_child_1|parent_0092_child_1,parent_0092_child_2|parent_0092_child_3|parent_0092_child_1,1,0,0.333333,1,1,1.0,1,1,1.0,1,1,1.0,1,1,1.0
e5-base-v2,Q148_v2,test_suite,3,1,27.0,parent_0092_child_3,0.871838,0.871838,parent_0092_child_3|parent_0092_child_2|parent_0075_child_1|parent_0015_child_1|parent_0293_child_1,parent_0092_child_3|parent_0092_child_2|parent_0092_child_1,1,0,0.333333,1,0,0.666667,1,1,1.0,1,1,1.0,1,1,1.0
e5-base-v2,Q149_v2,test_suite,3,2,33.66,parent_0154_child_2,0.850096,0.827744,parent_0154_child_2|parent_0093_child_1|parent_0157_child_5|parent_0092_child_2|parent_0093_child_2,parent_0093_child_1|parent_0093_child_2,0,0,0.0,1,0,0.666667,1,0,0.666667,1,0,0.666667,1,1,1.0
e5-base-v2,Q150_v2,test_suite,3,1,28.81,parent_0093_child_1,0.832716,0.832716,parent_0093_child_1|parent_0161_child_6|parent_0268_child_3|parent_0161_child_3|parent_0203_child_3,parent_0093_child_1,1,0,0.333333,1,0,0.333333,1,0,0.333333,1,0,0.333333,1,0,0.666667
e5-base-v2,Q151_v2,test_suite,3,1,27.9,parent_0093_child_1,0.828843,0.828843,parent_0093_child_1|parent_0079_child_2|parent_0015_child_1|parent_0092_child_1|parent_0094_child_1,parent_0093_child_1|parent_0093_child_2,1,0,0.333333,1,0,0.333333,1,0,0.666667,1,0,0.666667,1,1,1.0
e5-base-v2,Q152_v2,test_suite,3,1,33.28,parent_0093_child_2,0.879634,0.879634,parent_0093_child_2|parent_0075_child_2|parent_0198_child_6|parent_0075_child_3|parent_0201_child_1,parent_0093_child_2,1,0,0.333333,1,0,0.333333,1,0,0.333333,1,0,0.333333,1,1,1.0
e5-base-v2,Q153_v2,test_suite,3,1,37.39,parent_0093_child_2,0.856745,0.856745,parent_0093_child_2|parent_0094_child_1|parent_0299_child_1|parent_0274_child_3|parent_0093_child_1,parent_0093_child_2|parent_0093_child_1|parent_0093_child_3,1,0,0.333333,1,0,0.666667,1,1,1.0,1,1,1.0,1,1,1.0
e5-base-v2,Q154_v2,test_suite,3,1,33.46,parent_0093_child_2,0.839727,0.839727,parent_0093_child_2|parent_0268_child_4|parent_0299_child_1|parent_0015_child_1|parent_0284_child_2,parent_0093_child_2,1,0,0.333333,1,0,0.333333,1,0,0.333333,1,0,0.666667,1,1,1.0
e5-base-v2,Q155_v2,test_suite,3,1,76.86,parent_0093_child_3,0.828381,0.828381,parent_0093_child_3|parent_0094_child_1|parent_0093_child_2|parent_0299_child_1|parent_0298_child_1,parent_0093_child_3|parent_0093_child_2,1,0,0.333333,1,0,0.666667,1,0,0.666667,1,1,1.0,1,1,1.0
e5-base-v2,Q156_v2,test_suite,3,1,73.08,parent_0093_child_3,0.842634,0.842634,parent_0093_child_3|parent_0094_child_1|parent_0284_child_5|parent_0284_child_3|parent_0270_child_2,parent_0093_child_3|parent_0093_child_2,1,0,0.333333,1,0,0.333333,1,0,0.666667,1,0,0.666667,1,0,0.666667
e5-base-v2,Q157_v2,test_suite,3,2,31.21,parent_0192_child_1,0.831233,0.82696,parent_0192_child_1|parent_0093_child_3|parent_0142_child_4|parent_0187_child_1|parent_0212_child_1,parent_0093_child_3,0,0,0.0,1,0,0.333333,1,0,0.333333,1,0,0.333333,1,0,0.333333
e5-base-v2,Q158_v2,test_suite,3,1,32.57,parent_0093_child_3,0.845235,0.845235,parent_0093_child_3|parent_0092_child_1|parent_0093_child_1|parent_0093_child_2|parent_0091_child_1,parent_0093_child_3|parent_0093_child_1|parent_0093_child_2,1,0,0.333333,1,1,1.0,1,1,1.0,1,1,1.0,1,1,1.0
e5-base-v2,Q159_v2,test_suite,3,37,33.3,parent_0227_child_2,0.816608,0.801862,parent_0227_child_2|parent_0199_child_1|parent_0198_child_6|parent_0112_child_1|parent_0206_child_2,,0,0,0.0,0,0,0.0,0,0,0.0,0,0,0.0,1,0,0.333333
e5-base-v2,Q160_v2,test_suite,3,1,34.15,parent_0093_child_2,0.828395,0.828395,parent_0093_child_2|parent_0268_child_4|parent_0299_child_1|parent_0287_child_1|parent_0093_child_3,parent_0093_child_2|parent_0093_child_3,1,0,0.333333,1,0,0.666667,1,0,0.666667,1,0,0.666667,1,1,1.0
e5-base-v2,Q161_v2,test_suite,3,1,31.56,parent_0093_child_1,0.817416,0.817416,parent_0093_child_1|parent_0092_child_1|parent_0093_child_2|parent_0091_child_1|parent_0014_child_1,parent_0093_child_1|parent_0093_child_2|parent_0093_child_3,1,0,0.333333,1,0,0.666667,1,1,1.0,1,1,1.0,1,1,1.0
e5-base-v2,Q162_v2,test_suite,3,1,31.36,parent_0093_child_3,0.838499,0.838499,parent_0093_child_3|parent_0233_child_3|parent_0093_child_2|parent_0284_child_2|parent_0299_child_1,parent_0093_child_3|parent_0093_child_2,1,0,0.333333,1,0,0.666667,1,0,0.666667,1,0,0.666667,1,1,1.0
e5-base-v2,Q163_v2,test_suite,3,3,29.94,parent_0192_child_1,0.796671,0.793926,parent_0192_child_1|parent_0058_child_1|parent_0093_child_3|parent_0234_child_1|parent_0297_child_8,parent_0093_child_3,0,0,0.0,1,0,0.333333,1,0,0.333333,1,0,0.333333,1,0,0.333333
e5-base-v2,Q164_v2,test_suite,3,1,27.08,parent_0092_child_2,0.803149,0.803149,parent_0092_child_2|parent_0093_child_2|parent_0298_child_1|parent_0093_child_1|parent_0299_child_1,parent_0092_child_2|parent_0092_child_3,1,0,0.333333,1,0,0.333333,1,0,0.666667,1,1,1.0,1,1,1.0
e5-base-v2,Q165_v2,test_suite,3,2,36.03,parent_0211_child_4,0.81698,0.811978,parent_0211_child_4|parent_0093_child_3|parent_0283_child_1|parent_0218_child_5|parent_0296_child_12,parent_0093_child_3,0,0,0.0,1,0,0.333333,1,0,0.333333,1,0,0.333333,1,0,0.333333
e5-base-v2,Q166_v2,test_suite,2,1,34.0,parent_0079_child_2,0.830984,0.830984,parent_0079_child_2|parent_0296_child_2|parent_0197_child_6|parent_0197_child_2|parent_0296_child_7,parent_0079_child_2,1,0,0.5,1,0,0.5,1,0,0.5,1,0,0.5,1,0,0.5
e5-base-v2,Q167_v2,test_suite,6,5,31.85,parent_0094_child_1,0.820624,0.803041,parent_0094_child_1|parent_0088_child_3|parent_0086_child_1|parent_0087_child_1|parent_0093_child_3,parent_0093_child_3|parent_0092_child_1,0,0,0.0,1,0,0.166667,1,0,0.333333,1,0,0.333333,1,0,0.666667
e5-base-v2,Q168_v2,test_suite,6,21,34.21,parent_0210_child_1,0.816212,0.784255,parent_0210_child_1|parent_0212_child_1|parent_0211_child_1|parent_0212_child_2|parent_0062_child_1,,0,0,0.0,0,0,0.0,0,0,0.0,0,0,0.0,1,0,0.666667
e5-base-v2,Q169_v2,test_suite,3,29,30.76,parent_0157_child_8,0.839768,0.799339,parent_0157_child_8|parent_0296_child_10|parent_0157_child_6|parent_0157_child_1|parent_0296_child_13,,0,0,0.0,0,0,0.0,0,0,0.0,0,0,0.0,1,0,0.666667
e5-base-v2,Q170_v2,test_suite,5,13,30.89,parent_0172_child_1,0.809838,0.785633,parent_0172_child_1|parent_0171_child_3|parent_0172_child_2|parent_0169_child_4|parent_0218_child_3,,0,0,0.0,0,0,0.0,0,0,0.0,1,0,0.2,1,0,0.4
e5-base-v2,Q171_v2,test_suite,5,6,25.44,parent_0161_child_1,0.813076,0.8051,parent_0161_child_1|parent_0043_child_1|parent_0044_child_1|parent_0176_child_5|parent_0112_child_1,parent_0159_child_3,0,0,0.0,0,0,0.0,1,0,0.2,1,0,0.2,1,1,1.0
e5-base-v2,Q172_v2,test_suite,4,1,26.61,parent_0076_child_1,0.810799,0.810799,parent_0076_child_1|parent_0075_child_3|parent_0197_child_2|parent_0052_child_1|parent_0067_child_1,parent_0076_child_1,1,0,0.25,1,0,0.25,1,0,0.25,1,0,0.25,1,0,0.75
e5-base-v2,Q173_v2,test_suite,5,1,23.14,parent_0195_child_2,0.799222,0.799222,parent_0195_child_2|parent_0195_child_5|parent_0197_child_2|parent_0197_child_6|parent_0106_child_13,parent_0195_child_2|parent_0195_child_5,1,0,0.2,1,0,0.4,1,0,0.4,1,0,0.4,1,0,0.8
e5-base-v2,Q174_v2,test_suite,3,29,31.51,parent_0296_child_12,0.831213,0.798813,parent_0296_child_12|parent_0037_child_1|parent_0153_child_1|parent_0039_child_1|parent_0150_child_17,,0,0,0.0,0,0,0.0,0,0,0.0,0,0,0.0,1,0,0.333333
e5-base-v2,Q175_v2,test_suite,1,447,25.37,parent_0301_child_1,0.784816,0.715615,parent_0301_child_1|parent_0229_child_5|parent_0215_child_7|parent_0296_child_8|parent_0218_child_11,,0,0,0.0,0,0,0.0,0,0,0.0,0,0,0.0,0,0,0.0
e5-base-v2,Q177_v2,test_suite,1,77,28.39,parent_0296_child_12,0.825317,0.76907,parent_0296_child_12|parent_0148_child_2|parent_0315_child_1|parent_0240_child_1|parent_0201_child_3,,0,0,0.0,0,0,0.0,0,0,0.0,0,0,0.0,1,1,1.0
e5-base-v2,Q178_v2,test_suite,1,178,26.35,parent_0224_child_3,0.809477,0.756765,parent_0224_child_3|parent_0222_child_5|parent_0233_child_2|parent_0267_child_4|parent_0236_child_3,,0,0,0.0,0,0,0.0,0,0,0.0,0,0,0.0,0,0,0.0
e5-base-v2,Q179_v2,test_suite,1,5,25.85,parent_0060_child_1,0.832999,0.826676,parent_0060_child_1|parent_0146_child_5|parent_0220_child_1|parent_0218_child_11|parent_0219_child_1,parent_0219_child_1,0,0,0.0,1,1,1.0,1,1,1.0,1,1,1.0,1,1,1.0
e5-base-v2,Q180_v2,test_suite,2,8,33.53,parent_0060_child_1,0.843494,0.812372,parent_0060_child_1|parent_0146_child_5|parent_0236_child_6|parent_0026_child_1|parent_0061_child_1,parent_0219_child_1,0,0,0.0,0,0,0.0,1,0,0.5,1,0,0.5,1,0,0.5
e5-base-v2,Q181_v2,test_suite,6,17,32.7,parent_0087_child_1,0.813222,0.784731,parent_0087_child_1|parent_0086_child_1|parent_0160_child_5|parent_0076_child_1|parent_0161_child_1,,0,0,0.0,0,0,0.0,0,0,0.0,1,0,0.166667,1,1,1.0
e5-base-v2,Q182_v2,test_suite,2,16,30.12,parent_0076_child_1,0.810567,0.790009,parent_0076_child_1|parent_0088_child_2|parent_0220_child_1|parent_0233_child_3|parent_0086_child_1,,0,0,0.0,0,0,0.0,0,0,0.0,1,0,0.5,1,0,0.5
e5-base-v2,Q183_v2,test_suite,4,1,25.22,parent_0088_child_2,0.810652,0.810652,parent_0088_child_2|parent_0087_child_1|parent_0093_child_3|parent_0088_child_1|parent_0092_child_1,parent_0088_child_2|parent_0088_child_1,1,0,0.25,1,0,0.5,1,0,0.5,1,1,1.0,1,1,1.0
e5-base-v2,Q184_v2,test_suite,3,99,27.26,parent_0088_child_2,0.818491,0.758157,parent_0088_child_2|parent_0076_child_1|parent_0089_child_2|parent_0087_child_1|parent_0092_child_1,,0,0,0.0,0,0,0.0,0,0,0.0,0,0,0.0,1,0,0.333333
e5-base-v2,Q185_v2,test_suite,6,33,28.18,parent_0138_child_1,0.802576,0.782473,parent_0138_child_1|parent_0233_child_3|parent_0160_child_5|parent_0088_child_2|parent_0087_child_1,,0,0,0.0,0,0,0.0,0,0,0.0,0,0,0.0,1,0,0.333333
e5-base-v2,Q186_v2,test_suite,1,7,24.17,parent_0087_child_1,0.811835,0.779393,parent_0087_child_1|parent_0006_child_1|parent_0088_child_2|parent_0086_child_1|parent_0088_child_3,parent_0073_child_1,0,0,0.0,0,0,0.0,1,1,1.0,1,1,1.0,1,1,1.0
e5-base-v2,Q187_v2,test_suite,1,36,36.69,parent_0087_child_1,0.832898,0.782224,parent_0087_child_1|parent_0088_child_2|parent_0086_child_1|parent_0076_child_1|parent_0138_child_1,,0,0,0.0,0,0,0.0,0,0,0.0,0,0,0.0,1,1,1.0
e5-base-v2,Q188_v2,test_suite,1,316,27.9,parent_0076_child_1,0.801587,0.736059,parent_0076_child_1|parent_0013_child_1|parent_0086_child_1|parent_0075_child_1|parent_0087_child_1,,0,0,0.0,0,0,0.0,0,0,0.0,0,0,0.0,0,0,0.0
e5-base-v2,Q189_v2,test_suite,3,17,26.92,parent_0092_child_1,0.825259,0.770521,parent_0092_child_1|parent_0086_child_1|parent_0088_child_2|parent_0093_child_3|parent_0091_child_1,,0,0,0.0,0,0,0.0,0,0,0.0,1,0,0.333333,1,1,1.0
e5-base-v2,Q190_v2,test_suite,5,17,103.52,parent_0098_child_2,0.824469,0.797939,parent_0098_child_2|parent_0161_child_1|parent_0214_child_3|parent_0297_child_2|parent_0146_child_1,,0,0,0.0,0,0,0.0,0,0,0.0,1,0,0.2,1,0,0.8
e5-base-v2,Q192_v2,test_suite,3,119,30.19,parent_0088_child_2,0.774931,0.73742,parent_0088_child_2|parent_0227_child_2|parent_0281_child_1|parent_0092_child_1|parent_0086_child_1,,0,0,0.0,0,0,0.0,0,0,0.0,0,0,0.0,0,0,0.0
e5-base-v2,Q193_v2,test_suite,5,35,31.94,parent_0093_child_3,0.805191,0.776315,parent_0093_child_3|parent_0160_child_5|parent_0088_child_2|parent_0161_child_1|parent_0142_child_6,,0,0,0.0,0,0,0.0,0,0,0.0,0,0,0.0,1,0,0.8
e5-base-v2,Q194_v2,test_suite,5,1,27.27,parent_0159_child_3,0.789842,0.789842,parent_0159_child_3|parent_0183_child_2|parent_0176_child_5|parent_0182_child_2|parent_0159_child_4,parent_0159_child_3|parent_0159_child_4,1,0,0.2,1,0,0.4,1,0,0.4,1,0,0.6,1,1,1.0
e5-base-v2,Q195_v2,test_suite,2,79,26.55,parent_0138_child_1,0.800085,0.774627,parent_0138_child_1|parent_0210_child_1|parent_0297_child_10|parent_0080_child_1|parent_0117_child_12,,0,0,0.0,0,0,0.0,0,0,0.0,0,0,0.0,1,0,0.5
e5-base-v2,Q196_v2,test_suite,1,2,48.88,parent_0076_child_1,0.800792,0.77694,parent_0076_child_1|parent_0074_child_1|parent_0172_child_2|parent_0007_child_1|parent_0193_child_4,parent_0074_child_1,0,0,0.0,1,1,1.0,1,1,1.0,1,1,1.0,1,1,1.0
e5-base-v2,Q197_v2,test_suite,4,1,40.45,parent_0076_child_3,0.812974,0.812974,parent_0076_child_3|parent_0075_child_3|parent_0297_child_8|parent_0185_child_2|parent_0196_child_4,parent_0076_child_3,1,0,0.25,1,0,0.25,1,0,0.25,1,0,0.25,1,0,0.75
e5-base-v2,Q198_v2,test_suite,2,2,31.75,parent_0008_child_1,0.806469,0.789942,parent_0008_child_1|parent_0078_child_1|parent_0217_child_3|parent_0075_child_1|parent_0089_child_3,parent_0078_child_1,0,0,0.0,1,0,0.5,1,0,0.5,1,0,0.5,1,0,0.5
e5-base-v2,Q199_v2,test_suite,3,35,38.16,parent_0076_child_1,0.804039,0.772384,parent_0076_child_1|parent_0075_child_1|parent_0198_child_6|parent_0218_child_5|parent_0299_child_1,,0,0,0.0,0,0,0.0,0,0,0.0,0,0,0.0,1,0,0.666667
e5-base-v2,Q200_v2,test_suite,4,3,29.54,parent_0092_child_1,0.806714,0.803204,parent_0092_child_1|parent_0093_child_3|parent_0088_child_2|parent_0014_child_1|parent_0091_child_1,parent_0088_child_2|parent_0091_child_1,0,0,0.0,1,0,0.5,1,0,0.5,1,0,0.5,1,0,0.5
